# Object Export From Tinkercad Server 2015

mtllib obj.mtl

o obj_0
v 11.7671 		-29.2659 		21
v 10.7238 		-29.3023 		20.9924
v 10.7398 		-29.3544 		20.9924
v 10.787 		-29.4039 		20.9924
v 10.864 		-29.4492 		20.9924
v 10.9684 		-29.4889 		20.9924
v 11.0971 		-29.5219 		20.9924
v 11.2461 		-29.5471 		20.9924
v 11.411 		-29.5637 		20.9924
v 11.5867 		-29.5713 		20.9924
v 11.7679 		-29.5696 		20.9924
v 11.9491 		-29.5586 		20.9924
v 12.1247 		-29.5388 		20.9924
v 12.2895 		-29.5107 		20.9924
v 12.4384 		-29.4752 		20.9924
v 12.5669 		-29.4332 		20.9924
v 12.6711 		-29.3863 		20.9924
v 12.7478 		-29.3356 		20.9924
v 12.7947 		-29.2828 		20.9924
v 12.8105 		-29.2296 		20.9924
v 12.7945 		-29.1774 		20.9924
v 12.7473 		-29.1279 		20.9924
v 12.6703 		-29.0826 		20.9924
v 12.5659 		-29.0429 		20.9924
v 12.4372 		-29.0099 		20.9924
v 12.2881 		-28.9848 		20.9924
v 12.1232 		-28.9681 		20.9924
v 11.9475 		-28.9606 		20.9924
v 11.7664 		-28.9623 		20.9924
v 11.5852 		-28.9732 		20.9924
v 11.4096 		-28.993 		20.9924
v 11.2448 		-29.0211 		20.9924
v 11.0959 		-29.0567 		20.9924
v 10.9674 		-29.0986 		20.9924
v 10.8632 		-29.1456 		20.9924
v 10.7865 		-29.1962 		20.9924
v 10.7395 		-29.249 		20.9924
v 9.7122 		-29.3375 		20.9698
v 9.7437 		-29.4403 		20.9698
v 9.8366 		-29.5378 		20.9698
v 9.9883 		-29.627 		20.9698
v 10.1939 		-29.7052 		20.9698
v 10.4474 		-29.7701 		20.9698
v 10.741 		-29.8197 		20.9698
v 11.0657 		-29.8524 		20.9698
v 11.4118 		-29.8673 		20.9698
v 11.7686 		-29.864 		20.9698
v 12.1255 		-29.8425 		20.9698
v 12.4714 		-29.8034 		20.9698
v 12.7959 		-29.7481 		20.9698
v 13.0892 		-29.678 		20.9698
v 13.3423 		-29.5955 		20.9698
v 13.5475 		-29.5029 		20.9698
v 13.6987 		-29.4032 		20.9698
v 13.7911 		-29.2992 		20.9698
v 13.8221 		-29.1943 		20.9698
v 13.7906 		-29.0915 		20.9698
v 13.6976 		-28.9941 		20.9698
v 13.546 		-28.9049 		20.9698
v 13.3403 		-28.8266 		20.9698
v 13.0869 		-28.7617 		20.9698
v 12.7933 		-28.7122 		20.9698
v 12.4685 		-28.6794 		20.9698
v 12.1225 		-28.6645 		20.9698
v 11.7656 		-28.6678 		20.9698
v 11.4088 		-28.6893 		20.9698
v 11.0629 		-28.7284 		20.9698
v 10.7384 		-28.7838 		20.9698
v 10.4451 		-28.8538 		20.9698
v 10.192 		-28.9363 		20.9698
v 9.9867 		-29.0289 		20.9698
v 9.8356 		-29.1286 		20.9698
v 9.7431 		-29.2326 		20.9698
v 8.763 		-29.3706 		20.933
v 8.809 		-29.5208 		20.933
v 8.9449 		-29.6633 		20.933
v 9.1666 		-29.7937 		20.933
v 9.4673 		-29.9081 		20.933
v 9.8378 		-30.003 		20.933
v 10.267 		-30.0754 		20.933
v 10.7417 		-30.1233 		20.933
v 11.2476 		-30.1451 		20.933
v 11.7693 		-30.1402 		20.933
v 12.291 		-30.1088 		20.933
v 12.7967 		-30.0517 		20.933
v 13.2711 		-29.9708 		20.933
v 13.6998 		-29.8684 		20.933
v 14.0698 		-29.7477 		20.933
v 14.3699 		-29.6124 		20.933
v 14.5908 		-29.4666 		20.933
v 14.726 		-29.3146 		20.933
v 14.7713 		-29.1612 		20.933
v 14.7252 		-29.011 		20.933
v 14.5893 		-28.8685 		20.933
v 14.3677 		-28.7381 		20.933
v 14.067 		-28.6237 		20.933
v 13.6965 		-28.5288 		20.933
v 13.2673 		-28.4564 		20.933
v 12.7925 		-28.4085 		20.933
v 12.2866 		-28.3867 		20.933
v 11.7649 		-28.3916 		20.933
v 11.2433 		-28.423 		20.933
v 10.7376 		-28.4801 		20.933
v 10.2632 		-28.5611 		20.933
v 9.8344 		-28.6634 		20.933
v 9.4644 		-28.7841 		20.933
v 9.1644 		-28.9194 		20.933
v 8.9434 		-29.0652 		20.933
v 8.8083 		-29.2172 		20.933
v 7.9051 		-29.4005 		20.883
v 7.9643 		-29.5936 		20.883
v 8.139 		-29.7768 		20.883
v 8.4239 		-29.9445 		20.883
v 8.8105 		-30.0915 		20.883
v 9.2868 		-30.2135 		20.883
v 9.8386 		-30.3066 		20.883
v 10.4489 		-30.3682 		20.883
v 11.0993 		-30.3962 		20.883
v 11.77 		-30.3899 		20.883
v 12.4406 		-30.3495 		20.883
v 13.0907 		-30.2761 		20.883
v 13.7006 		-30.1721 		20.883
v 14.2518 		-30.0405 		20.883
v 14.7274 		-29.8853 		20.883
v 15.1132 		-29.7114 		20.883
v 15.3972 		-29.5239 		20.883
v 15.571 		-29.3286 		20.883
v 15.6292 		-29.1313 		20.883
v 15.57 		-28.9382 		20.883
v 15.3953 		-28.755 		20.883
v 15.1103 		-28.5874 		20.883
v 14.7238 		-28.4403 		20.883
v 14.2474 		-28.3184 		20.883
v 13.6957 		-28.2252 		20.883
v 13.0854 		-28.1636 		20.883
v 12.435 		-28.1356 		20.883
v 11.7643 		-28.1419 		20.883
v 11.0937 		-28.1823 		20.883
v 10.4436 		-28.2557 		20.883
v 9.8337 		-28.3598 		20.883
v 9.2825 		-28.4914 		20.883
v 8.8068 		-28.6465 		20.883
v 8.4211 		-28.8204 		20.883
v 8.137 		-29.0079 		20.883
v 7.9633 		-29.2033 		20.883
v 7.1646 		-29.4263 		20.8214
v 7.2351 		-29.6565 		20.8214
v 7.4433 		-29.8748 		20.8214
v 7.7829 		-30.0746 		20.8214
v 8.2435 		-30.2498 		20.8214
v 8.8112 		-30.3952 		20.8214
v 9.4688 		-30.5062 		20.8214
v 10.1961 		-30.5795 		20.8214
v 10.9712 		-30.613 		20.8214
v 11.7705 		-30.6055 		20.8214
v 12.5697 		-30.5573 		20.8214
v 13.3445 		-30.4698 		20.8214
v 14.0713 		-30.3458 		20.8214
v 14.7282 		-30.189 		20.8214
v 15.2951 		-30.0041 		20.8214
v 15.7548 		-29.7968 		20.8214
v 16.0933 		-29.5734 		20.8214
v 16.3004 		-29.3406 		20.8214
v 16.3697 		-29.1055 		20.8214
v 16.2992 		-28.8754 		20.8214
v 16.091 		-28.657 		20.8214
v 15.7514 		-28.4572 		20.8214
v 15.2907 		-28.282 		20.8214
v 14.723 		-28.1367 		20.8214
v 14.0655 		-28.0256 		20.8214
v 13.3381 		-27.9523 		20.8214
v 12.563 		-27.9189 		20.8214
v 11.7638 		-27.9263 		20.8214
v 10.9646 		-27.9745 		20.8214
v 10.1898 		-28.062 		20.8214
v 9.4629 		-28.186 		20.8214
v 8.8061 		-28.3428 		20.8214
v 8.2392 		-28.5277 		20.8214
v 7.7795 		-28.735 		20.8214
v 7.441 		-28.9585 		20.8214
v 7.2339 		-29.1912 		20.8214
v 6.5638 		-29.4472 		20.75
v 6.6436 		-29.7074 		20.75
v 6.8789 		-29.9542 		20.75
v 7.2629 		-30.1801 		20.75
v 7.7836 		-30.3782 		20.75
v 8.4254 		-30.5425 		20.75
v 9.1688 		-30.6681 		20.75
v 9.9911 		-30.751 		20.75
v 10.8673 		-30.7888 		20.75
v 11.7709 		-30.7803 		20.75
v 12.6744 		-30.7258 		20.75
v 13.5503 		-30.627 		20.75
v 14.3721 		-30.4868 		20.75
v 15.1147 		-30.3095 		20.75
v 15.7555 		-30.1005 		20.75
v 16.2752 		-29.8661 		20.75
v 16.6579 		-29.6135 		20.75
v 16.892 		-29.3503 		20.75
v 16.9704 		-29.0846 		20.75
v 16.8907 		-28.8244 		20.75
v 16.6553 		-28.5776 		20.75
v 16.2714 		-28.3517 		20.75
v 15.7506 		-28.1536 		20.75
v 15.1088 		-27.9893 		20.75
v 14.3655 		-27.8638 		20.75
v 13.5432 		-27.7808 		20.75
v 12.6669 		-27.743 		20.75
v 11.7633 		-27.7515 		20.75
v 10.8598 		-27.806 		20.75
v 9.9839 		-27.9049 		20.75
v 9.1622 		-28.0451 		20.75
v 8.4196 		-28.2224 		20.75
v 7.7787 		-28.4314 		20.75
v 7.259 		-28.6657 		20.75
v 6.8763 		-28.9183 		20.75
v 6.6422 		-29.1815 		20.75
v 6.1212 		-29.4626 		20.671
v 6.2077 		-29.745 		20.671
v 6.4631 		-30.0128 		20.671
v 6.8797 		-30.2579 		20.671
v 7.4448 		-30.4729 		20.671
v 8.1412 		-30.6511 		20.671
v 8.9478 		-30.7873 		20.671
v 9.84 		-30.8773 		20.671
v 10.7908 		-30.9183 		20.671
v 11.7713 		-30.9091 		20.671
v 12.7516 		-30.85 		20.671
v 13.702 		-30.7427 		20.671
v 14.5937 		-30.5906 		20.671
v 15.3994 		-30.3982 		20.671
v 16.0948 		-30.1714 		20.671
v 16.6587 		-29.9171 		20.671
v 17.074 		-29.6431 		20.671
v 17.328 		-29.3575 		20.671
v 17.413 		-29.0692 		20.671
v 17.3265 		-28.7868 		20.671
v 17.0711 		-28.519 		20.671
v 16.6546 		-28.2739 		20.671
v 16.0895 		-28.059 		20.671
v 15.3931 		-27.8807 		20.671
v 14.5865 		-27.7445 		20.671
v 13.6943 		-27.6545 		20.671
v 12.7435 		-27.6135 		20.671
v 11.763 		-27.6227 		20.671
v 10.7827 		-27.6818 		20.671
v 9.8322 		-27.7891 		20.671
v 8.9406 		-27.9412 		20.671
v 8.1348 		-28.1336 		20.671
v 7.4395 		-28.3604 		20.671
v 6.8756 		-28.6147 		20.671
v 6.4603 		-28.8888 		20.671
v 6.2063 		-29.1743 		20.671
v 5.8502 		-29.4721 		20.5868
v 5.9408 		-29.768 		20.5868
v 6.2085 		-30.0486 		20.5868
v 6.6451 		-30.3055 		20.5868
v 7.2373 		-30.5308 		20.5868
v 7.9671 		-30.7176 		20.5868
v 8.8124 		-30.8604 		20.5868
v 9.7475 		-30.9547 		20.5868
v 10.7439 		-30.9977 		20.5868
v 11.7715 		-30.988 		20.5868
v 12.7989 		-30.9261 		20.5868
v 13.7949 		-30.8136 		20.5868
v 14.7294 		-30.6542 		20.5868
v 15.5738 		-30.4526 		20.5868
v 16.3026 		-30.2149 		20.5868
v 16.8935 		-29.9484 		20.5868
v 17.3287 		-29.6612 		20.5868
v 17.595 		-29.3619 		20.5868
v 17.6841 		-29.0597 		20.5868
v 17.5934 		-28.7638 		20.5868
v 17.3258 		-28.4832 		20.5868
v 16.8892 		-28.2263 		20.5868
v 16.297 		-28.001 		20.5868
v 15.5672 		-27.8142 		20.5868
v 14.7219 		-27.6714 		20.5868
v 13.7868 		-27.5771 		20.5868
v 12.7903 		-27.5342 		20.5868
v 11.7628 		-27.5438 		20.5868
v 10.7354 		-27.6058 		20.5868
v 9.7393 		-27.7182 		20.5868
v 8.8049 		-27.8776 		20.5868
v 7.9605 		-28.0792 		20.5868
v 7.2317 		-28.3169 		20.5868
v 6.6407 		-28.5834 		20.5868
v 6.2055 		-28.8707 		20.5868
v 5.9393 		-29.1699 		20.5868
v 5.7589 		-29.4753 		20.5
v 5.8509 		-29.7757 		20.5
v 6.1227 		-30.0607 		20.5
v 6.566 		-30.3216 		20.5
v 7.1674 		-30.5503 		20.5
v 7.9085 		-30.74 		20.5
v 8.7668 		-30.885 		20.5
v 9.7163 		-30.9807 		20.5
v 10.7281 		-31.0244 		20.5
v 11.7715 		-31.0146 		20.5
v 12.8148 		-30.9517 		20.5
v 13.8262 		-30.8375 		20.5
v 14.7751 		-30.6756 		20.5
v 15.6325 		-30.4709 		20.5
v 16.3725 		-30.2296 		20.5
v 16.9726 		-29.9589 		20.5
v 17.4145 		-29.6673 		20.5
v 17.6849 		-29.3634 		20.5
v 17.7754 		-29.0566 		20.5
v 17.6833 		-28.7561 		20.5
v 17.4115 		-28.4711 		20.5
v 16.9682 		-28.2103 		20.5
v 16.3669 		-27.9815 		20.5
v 15.6258 		-27.7918 		20.5
v 14.7674 		-27.6468 		20.5
v 13.8179 		-27.5511 		20.5
v 12.8061 		-27.5074 		20.5
v 11.7627 		-27.5172 		20.5
v 10.7195 		-27.5802 		20.5
v 9.7081 		-27.6943 		20.5
v 8.7592 		-27.8562 		20.5
v 7.9017 		-28.0609 		20.5
v 7.1617 		-28.3023 		20.5
v 6.5616 		-28.5729 		20.5
v 6.1197 		-28.8646 		20.5
v 5.8494 		-29.1684 		20.5
v 5.8502 		-29.4721 		20.4132
v 5.9408 		-29.768 		20.4132
v 6.2085 		-30.0486 		20.4132
v 6.6451 		-30.3055 		20.4132
v 7.2373 		-30.5308 		20.4132
v 7.9671 		-30.7176 		20.4132
v 8.8124 		-30.8604 		20.4132
v 9.7475 		-30.9547 		20.4132
v 10.7439 		-30.9977 		20.4132
v 11.7715 		-30.988 		20.4132
v 12.7989 		-30.9261 		20.4132
v 13.7949 		-30.8136 		20.4132
v 14.7294 		-30.6542 		20.4132
v 15.5738 		-30.4526 		20.4132
v 16.3026 		-30.2149 		20.4132
v 16.8935 		-29.9484 		20.4132
v 17.3287 		-29.6612 		20.4132
v 17.595 		-29.3619 		20.4132
v 17.6841 		-29.0597 		20.4132
v 17.5934 		-28.7638 		20.4132
v 17.3258 		-28.4832 		20.4132
v 16.8892 		-28.2263 		20.4132
v 16.297 		-28.001 		20.4132
v 15.5672 		-27.8142 		20.4132
v 14.7219 		-27.6714 		20.4132
v 13.7868 		-27.5771 		20.4132
v 12.7903 		-27.5342 		20.4132
v 11.7628 		-27.5438 		20.4132
v 10.7354 		-27.6058 		20.4132
v 9.7393 		-27.7182 		20.4132
v 8.8049 		-27.8776 		20.4132
v 7.9605 		-28.0792 		20.4132
v 7.2317 		-28.3169 		20.4132
v 6.6407 		-28.5834 		20.4132
v 6.2055 		-28.8707 		20.4132
v 5.9393 		-29.1699 		20.4132
v 6.1212 		-29.4626 		20.329
v 6.2077 		-29.745 		20.329
v 6.4631 		-30.0128 		20.329
v 6.8797 		-30.2579 		20.329
v 7.4448 		-30.4729 		20.329
v 8.1412 		-30.6511 		20.329
v 8.9478 		-30.7873 		20.329
v 9.84 		-30.8773 		20.329
v 10.7908 		-30.9183 		20.329
v 11.7713 		-30.9091 		20.329
v 12.7516 		-30.85 		20.329
v 13.702 		-30.7427 		20.329
v 14.5937 		-30.5906 		20.329
v 15.3994 		-30.3982 		20.329
v 16.0948 		-30.1714 		20.329
v 16.6587 		-29.9171 		20.329
v 17.074 		-29.6431 		20.329
v 17.328 		-29.3575 		20.329
v 17.413 		-29.0692 		20.329
v 17.3265 		-28.7868 		20.329
v 17.0711 		-28.519 		20.329
v 16.6546 		-28.2739 		20.329
v 16.0895 		-28.059 		20.329
v 15.3931 		-27.8807 		20.329
v 14.5865 		-27.7445 		20.329
v 13.6943 		-27.6545 		20.329
v 12.7435 		-27.6135 		20.329
v 11.763 		-27.6227 		20.329
v 10.7827 		-27.6818 		20.329
v 9.8322 		-27.7891 		20.329
v 8.9406 		-27.9412 		20.329
v 8.1348 		-28.1336 		20.329
v 7.4395 		-28.3604 		20.329
v 6.8756 		-28.6147 		20.329
v 6.4603 		-28.8888 		20.329
v 6.2063 		-29.1743 		20.329
v 6.5638 		-29.4472 		20.25
v 6.6436 		-29.7074 		20.25
v 6.8789 		-29.9542 		20.25
v 7.2629 		-30.1801 		20.25
v 7.7836 		-30.3782 		20.25
v 8.4254 		-30.5425 		20.25
v 9.1688 		-30.6681 		20.25
v 9.9911 		-30.751 		20.25
v 10.8673 		-30.7888 		20.25
v 11.7709 		-30.7803 		20.25
v 12.6744 		-30.7258 		20.25
v 13.5503 		-30.627 		20.25
v 14.3721 		-30.4868 		20.25
v 15.1147 		-30.3095 		20.25
v 15.7555 		-30.1005 		20.25
v 16.2752 		-29.8661 		20.25
v 16.6579 		-29.6135 		20.25
v 16.892 		-29.3503 		20.25
v 16.9704 		-29.0846 		20.25
v 16.8907 		-28.8244 		20.25
v 16.6553 		-28.5776 		20.25
v 16.2714 		-28.3517 		20.25
v 15.7506 		-28.1536 		20.25
v 15.1088 		-27.9893 		20.25
v 14.3655 		-27.8638 		20.25
v 13.5432 		-27.7808 		20.25
v 12.6669 		-27.743 		20.25
v 11.7633 		-27.7515 		20.25
v 10.8598 		-27.806 		20.25
v 9.9839 		-27.9049 		20.25
v 9.1622 		-28.0451 		20.25
v 8.4196 		-28.2224 		20.25
v 7.7787 		-28.4314 		20.25
v 7.259 		-28.6657 		20.25
v 6.8763 		-28.9183 		20.25
v 6.6422 		-29.1815 		20.25
v 7.1646 		-29.4263 		20.1786
v 7.2351 		-29.6565 		20.1786
v 7.4433 		-29.8748 		20.1786
v 7.7829 		-30.0746 		20.1786
v 8.2435 		-30.2498 		20.1786
v 8.8112 		-30.3952 		20.1786
v 9.4688 		-30.5062 		20.1786
v 10.1961 		-30.5795 		20.1786
v 10.9712 		-30.613 		20.1786
v 11.7705 		-30.6055 		20.1786
v 12.5697 		-30.5573 		20.1786
v 13.3445 		-30.4698 		20.1786
v 14.0713 		-30.3458 		20.1786
v 14.7282 		-30.189 		20.1786
v 15.2951 		-30.0041 		20.1786
v 15.7548 		-29.7968 		20.1786
v 16.0933 		-29.5734 		20.1786
v 16.3004 		-29.3406 		20.1786
v 16.3697 		-29.1055 		20.1786
v 16.2992 		-28.8754 		20.1786
v 16.091 		-28.657 		20.1786
v 15.7514 		-28.4572 		20.1786
v 15.2907 		-28.282 		20.1786
v 14.723 		-28.1367 		20.1786
v 14.0655 		-28.0256 		20.1786
v 13.3381 		-27.9523 		20.1786
v 12.563 		-27.9189 		20.1786
v 11.7638 		-27.9263 		20.1786
v 10.9646 		-27.9745 		20.1786
v 10.1898 		-28.062 		20.1786
v 9.4629 		-28.186 		20.1786
v 8.8061 		-28.3428 		20.1786
v 8.2392 		-28.5277 		20.1786
v 7.7795 		-28.735 		20.1786
v 7.441 		-28.9585 		20.1786
v 7.2339 		-29.1912 		20.1786
v 7.9051 		-29.4005 		20.117
v 7.9643 		-29.5936 		20.117
v 8.139 		-29.7768 		20.117
v 8.4239 		-29.9445 		20.117
v 8.8105 		-30.0915 		20.117
v 9.2868 		-30.2135 		20.117
v 9.8386 		-30.3066 		20.117
v 10.4489 		-30.3682 		20.117
v 11.0993 		-30.3962 		20.117
v 11.77 		-30.3899 		20.117
v 12.4406 		-30.3495 		20.117
v 13.0907 		-30.2761 		20.117
v 13.7006 		-30.1721 		20.117
v 14.2518 		-30.0405 		20.117
v 14.7274 		-29.8853 		20.117
v 15.1132 		-29.7114 		20.117
v 15.3972 		-29.5239 		20.117
v 15.571 		-29.3286 		20.117
v 15.6292 		-29.1313 		20.117
v 15.57 		-28.9382 		20.117
v 15.3953 		-28.755 		20.117
v 15.1103 		-28.5874 		20.117
v 14.7238 		-28.4403 		20.117
v 14.2474 		-28.3184 		20.117
v 13.6957 		-28.2252 		20.117
v 13.0854 		-28.1636 		20.117
v 12.435 		-28.1356 		20.117
v 11.7643 		-28.1419 		20.117
v 11.0937 		-28.1823 		20.117
v 10.4436 		-28.2557 		20.117
v 9.8337 		-28.3598 		20.117
v 9.2825 		-28.4914 		20.117
v 8.8068 		-28.6465 		20.117
v 8.4211 		-28.8204 		20.117
v 8.137 		-29.0079 		20.117
v 7.9633 		-29.2033 		20.117
v 8.763 		-29.3706 		20.067
v 8.809 		-29.5208 		20.067
v 8.9449 		-29.6633 		20.067
v 9.1666 		-29.7937 		20.067
v 9.4673 		-29.9081 		20.067
v 9.8378 		-30.003 		20.067
v 10.267 		-30.0754 		20.067
v 10.7417 		-30.1233 		20.067
v 11.2476 		-30.1451 		20.067
v 11.7693 		-30.1402 		20.067
v 12.291 		-30.1088 		20.067
v 12.7967 		-30.0517 		20.067
v 13.2711 		-29.9708 		20.067
v 13.6998 		-29.8684 		20.067
v 14.0698 		-29.7477 		20.067
v 14.3699 		-29.6124 		20.067
v 14.5908 		-29.4666 		20.067
v 14.726 		-29.3146 		20.067
v 14.7713 		-29.1612 		20.067
v 14.7252 		-29.011 		20.067
v 14.5893 		-28.8685 		20.067
v 14.3677 		-28.7381 		20.067
v 14.067 		-28.6237 		20.067
v 13.6965 		-28.5288 		20.067
v 13.2673 		-28.4564 		20.067
v 12.7925 		-28.4085 		20.067
v 12.2866 		-28.3867 		20.067
v 11.7649 		-28.3916 		20.067
v 11.2433 		-28.423 		20.067
v 10.7376 		-28.4801 		20.067
v 10.2632 		-28.5611 		20.067
v 9.8344 		-28.6634 		20.067
v 9.4644 		-28.7841 		20.067
v 9.1644 		-28.9194 		20.067
v 8.9434 		-29.0652 		20.067
v 8.8083 		-29.2172 		20.067
v 9.7122 		-29.3375 		20.0302
v 9.7437 		-29.4403 		20.0302
v 9.8366 		-29.5378 		20.0302
v 9.9883 		-29.627 		20.0302
v 10.1939 		-29.7052 		20.0302
v 10.4474 		-29.7701 		20.0302
v 10.741 		-29.8197 		20.0302
v 11.0657 		-29.8524 		20.0302
v 11.4118 		-29.8673 		20.0302
v 11.7686 		-29.864 		20.0302
v 12.1255 		-29.8425 		20.0302
v 12.4714 		-29.8034 		20.0302
v 12.7959 		-29.7481 		20.0302
v 13.0892 		-29.678 		20.0302
v 13.3423 		-29.5955 		20.0302
v 13.5475 		-29.5029 		20.0302
v 13.6987 		-29.4032 		20.0302
v 13.7911 		-29.2992 		20.0302
v 13.8221 		-29.1943 		20.0302
v 13.7906 		-29.0915 		20.0302
v 13.6976 		-28.9941 		20.0302
v 13.546 		-28.9049 		20.0302
v 13.3403 		-28.8266 		20.0302
v 13.0869 		-28.7617 		20.0302
v 12.7933 		-28.7122 		20.0302
v 12.4685 		-28.6794 		20.0302
v 12.1225 		-28.6645 		20.0302
v 11.7656 		-28.6678 		20.0302
v 11.4088 		-28.6893 		20.0302
v 11.0629 		-28.7284 		20.0302
v 10.7384 		-28.7838 		20.0302
v 10.4451 		-28.8538 		20.0302
v 10.192 		-28.9363 		20.0302
v 9.9867 		-29.0289 		20.0302
v 9.8356 		-29.1286 		20.0302
v 9.7431 		-29.2326 		20.0302
v 10.7238 		-29.3023 		20.0076
v 10.7398 		-29.3544 		20.0076
v 10.787 		-29.4039 		20.0076
v 10.864 		-29.4492 		20.0076
v 10.9684 		-29.4889 		20.0076
v 11.0971 		-29.5219 		20.0076
v 11.2461 		-29.5471 		20.0076
v 11.411 		-29.5637 		20.0076
v 11.5867 		-29.5713 		20.0076
v 11.7679 		-29.5696 		20.0076
v 11.9491 		-29.5586 		20.0076
v 12.1247 		-29.5388 		20.0076
v 12.2895 		-29.5107 		20.0076
v 12.4384 		-29.4752 		20.0076
v 12.5669 		-29.4332 		20.0076
v 12.6711 		-29.3863 		20.0076
v 12.7478 		-29.3356 		20.0076
v 12.7947 		-29.2828 		20.0076
v 12.8105 		-29.2296 		20.0076
v 12.7945 		-29.1774 		20.0076
v 12.7473 		-29.1279 		20.0076
v 12.6703 		-29.0826 		20.0076
v 12.5659 		-29.0429 		20.0076
v 12.4372 		-29.0099 		20.0076
v 12.2881 		-28.9848 		20.0076
v 12.1232 		-28.9681 		20.0076
v 11.9475 		-28.9606 		20.0076
v 11.7664 		-28.9623 		20.0076
v 11.5852 		-28.9732 		20.0076
v 11.4096 		-28.993 		20.0076
v 11.2448 		-29.0211 		20.0076
v 11.0959 		-29.0567 		20.0076
v 10.9674 		-29.0986 		20.0076
v 10.8632 		-29.1456 		20.0076
v 10.7865 		-29.1962 		20.0076
v 10.7395 		-29.249 		20.0076
v 11.7671 		-29.2659 		20
# 614 vertices

g group_0_2829873

usemtl color_2829873
s 0

f 1 	2 	3
f 1 	3 	4
f 1 	4 	5
f 1 	5 	6
f 1 	6 	7
f 1 	7 	8
f 1 	8 	9
f 1 	9 	10
f 1 	10 	11
f 1 	11 	12
f 1 	12 	13
f 1 	13 	14
f 1 	14 	15
f 1 	15 	16
f 1 	16 	17
f 1 	17 	18
f 1 	18 	19
f 1 	19 	20
f 1 	20 	21
f 1 	21 	22
f 1 	22 	23
f 1 	23 	24
f 1 	24 	25
f 1 	25 	26
f 1 	26 	27
f 1 	27 	28
f 1 	28 	29
f 1 	29 	30
f 1 	30 	31
f 1 	31 	32
f 1 	32 	33
f 1 	33 	34
f 1 	34 	35
f 1 	35 	36
f 1 	36 	37
f 1 	37 	2
f 3 	2 	39
f 2 	38 	39
f 4 	3 	40
f 3 	39 	40
f 5 	4 	41
f 4 	40 	41
f 6 	5 	42
f 5 	41 	42
f 7 	6 	43
f 6 	42 	43
f 8 	7 	44
f 7 	43 	44
f 9 	8 	45
f 8 	44 	45
f 10 	9 	46
f 9 	45 	46
f 11 	10 	47
f 10 	46 	47
f 12 	11 	48
f 11 	47 	48
f 13 	12 	49
f 12 	48 	49
f 14 	13 	50
f 13 	49 	50
f 15 	14 	51
f 14 	50 	51
f 16 	15 	52
f 15 	51 	52
f 17 	16 	53
f 16 	52 	53
f 18 	17 	54
f 17 	53 	54
f 19 	18 	55
f 18 	54 	55
f 20 	19 	56
f 19 	55 	56
f 21 	20 	57
f 20 	56 	57
f 22 	21 	58
f 21 	57 	58
f 23 	22 	59
f 22 	58 	59
f 24 	23 	60
f 23 	59 	60
f 25 	24 	61
f 24 	60 	61
f 26 	25 	62
f 25 	61 	62
f 27 	26 	63
f 26 	62 	63
f 28 	27 	64
f 27 	63 	64
f 29 	28 	65
f 28 	64 	65
f 30 	29 	66
f 29 	65 	66
f 31 	30 	67
f 30 	66 	67
f 32 	31 	68
f 31 	67 	68
f 33 	32 	69
f 32 	68 	69
f 34 	33 	70
f 33 	69 	70
f 35 	34 	71
f 34 	70 	71
f 36 	35 	72
f 35 	71 	72
f 37 	36 	73
f 36 	72 	73
f 2 	37 	38
f 37 	73 	38
f 39 	38 	75
f 38 	74 	75
f 40 	39 	76
f 39 	75 	76
f 41 	40 	77
f 40 	76 	77
f 42 	41 	78
f 41 	77 	78
f 43 	42 	79
f 42 	78 	79
f 44 	43 	80
f 43 	79 	80
f 45 	44 	81
f 44 	80 	81
f 46 	45 	82
f 45 	81 	82
f 47 	46 	83
f 46 	82 	83
f 48 	47 	84
f 47 	83 	84
f 49 	48 	85
f 48 	84 	85
f 50 	49 	86
f 49 	85 	86
f 51 	50 	87
f 50 	86 	87
f 52 	51 	88
f 51 	87 	88
f 53 	52 	89
f 52 	88 	89
f 54 	53 	90
f 53 	89 	90
f 55 	54 	91
f 54 	90 	91
f 56 	55 	92
f 55 	91 	92
f 57 	56 	93
f 56 	92 	93
f 58 	57 	94
f 57 	93 	94
f 59 	58 	95
f 58 	94 	95
f 60 	59 	96
f 59 	95 	96
f 61 	60 	97
f 60 	96 	97
f 62 	61 	98
f 61 	97 	98
f 63 	62 	99
f 62 	98 	99
f 64 	63 	100
f 63 	99 	100
f 65 	64 	101
f 64 	100 	101
f 66 	65 	102
f 65 	101 	102
f 67 	66 	103
f 66 	102 	103
f 68 	67 	104
f 67 	103 	104
f 69 	68 	105
f 68 	104 	105
f 70 	69 	106
f 69 	105 	106
f 71 	70 	107
f 70 	106 	107
f 72 	71 	108
f 71 	107 	108
f 73 	72 	109
f 72 	108 	109
f 38 	73 	74
f 73 	109 	74
f 75 	74 	111
f 74 	110 	111
f 76 	75 	112
f 75 	111 	112
f 77 	76 	113
f 76 	112 	113
f 78 	77 	114
f 77 	113 	114
f 79 	78 	115
f 78 	114 	115
f 80 	79 	116
f 79 	115 	116
f 81 	80 	117
f 80 	116 	117
f 82 	81 	118
f 81 	117 	118
f 83 	82 	119
f 82 	118 	119
f 84 	83 	120
f 83 	119 	120
f 85 	84 	121
f 84 	120 	121
f 86 	85 	122
f 85 	121 	122
f 87 	86 	123
f 86 	122 	123
f 88 	87 	124
f 87 	123 	124
f 89 	88 	125
f 88 	124 	125
f 90 	89 	126
f 89 	125 	126
f 91 	90 	127
f 90 	126 	127
f 92 	91 	128
f 91 	127 	128
f 93 	92 	129
f 92 	128 	129
f 94 	93 	130
f 93 	129 	130
f 95 	94 	131
f 94 	130 	131
f 96 	95 	132
f 95 	131 	132
f 97 	96 	133
f 96 	132 	133
f 98 	97 	134
f 97 	133 	134
f 99 	98 	135
f 98 	134 	135
f 100 	99 	136
f 99 	135 	136
f 101 	100 	137
f 100 	136 	137
f 102 	101 	138
f 101 	137 	138
f 103 	102 	139
f 102 	138 	139
f 104 	103 	140
f 103 	139 	140
f 105 	104 	141
f 104 	140 	141
f 106 	105 	142
f 105 	141 	142
f 107 	106 	143
f 106 	142 	143
f 108 	107 	144
f 107 	143 	144
f 109 	108 	145
f 108 	144 	145
f 74 	109 	110
f 109 	145 	110
f 111 	110 	147
f 110 	146 	147
f 112 	111 	148
f 111 	147 	148
f 113 	112 	149
f 112 	148 	149
f 114 	113 	150
f 113 	149 	150
f 115 	114 	151
f 114 	150 	151
f 116 	115 	152
f 115 	151 	152
f 117 	116 	153
f 116 	152 	153
f 118 	117 	154
f 117 	153 	154
f 119 	118 	155
f 118 	154 	155
f 120 	119 	156
f 119 	155 	156
f 121 	120 	157
f 120 	156 	157
f 122 	121 	158
f 121 	157 	158
f 123 	122 	159
f 122 	158 	159
f 124 	123 	160
f 123 	159 	160
f 125 	124 	161
f 124 	160 	161
f 126 	125 	162
f 125 	161 	162
f 127 	126 	163
f 126 	162 	163
f 128 	127 	164
f 127 	163 	164
f 129 	128 	165
f 128 	164 	165
f 130 	129 	166
f 129 	165 	166
f 131 	130 	167
f 130 	166 	167
f 132 	131 	168
f 131 	167 	168
f 133 	132 	169
f 132 	168 	169
f 134 	133 	170
f 133 	169 	170
f 135 	134 	171
f 134 	170 	171
f 136 	135 	172
f 135 	171 	172
f 137 	136 	173
f 136 	172 	173
f 138 	137 	174
f 137 	173 	174
f 139 	138 	175
f 138 	174 	175
f 140 	139 	176
f 139 	175 	176
f 141 	140 	177
f 140 	176 	177
f 142 	141 	178
f 141 	177 	178
f 143 	142 	179
f 142 	178 	179
f 144 	143 	180
f 143 	179 	180
f 145 	144 	181
f 144 	180 	181
f 110 	145 	146
f 145 	181 	146
f 147 	146 	183
f 146 	182 	183
f 148 	147 	184
f 147 	183 	184
f 149 	148 	185
f 148 	184 	185
f 150 	149 	186
f 149 	185 	186
f 151 	150 	187
f 150 	186 	187
f 152 	151 	188
f 151 	187 	188
f 153 	152 	189
f 152 	188 	189
f 154 	153 	190
f 153 	189 	190
f 155 	154 	191
f 154 	190 	191
f 156 	155 	192
f 155 	191 	192
f 157 	156 	193
f 156 	192 	193
f 158 	157 	194
f 157 	193 	194
f 159 	158 	195
f 158 	194 	195
f 160 	159 	196
f 159 	195 	196
f 161 	160 	197
f 160 	196 	197
f 162 	161 	198
f 161 	197 	198
f 163 	162 	199
f 162 	198 	199
f 164 	163 	200
f 163 	199 	200
f 165 	164 	201
f 164 	200 	201
f 166 	165 	202
f 165 	201 	202
f 167 	166 	203
f 166 	202 	203
f 168 	167 	204
f 167 	203 	204
f 169 	168 	205
f 168 	204 	205
f 170 	169 	206
f 169 	205 	206
f 171 	170 	207
f 170 	206 	207
f 172 	171 	208
f 171 	207 	208
f 173 	172 	209
f 172 	208 	209
f 174 	173 	210
f 173 	209 	210
f 175 	174 	211
f 174 	210 	211
f 176 	175 	212
f 175 	211 	212
f 177 	176 	213
f 176 	212 	213
f 178 	177 	214
f 177 	213 	214
f 179 	178 	215
f 178 	214 	215
f 180 	179 	216
f 179 	215 	216
f 181 	180 	217
f 180 	216 	217
f 146 	181 	182
f 181 	217 	182
f 183 	182 	219
f 182 	218 	219
f 184 	183 	220
f 183 	219 	220
f 185 	184 	221
f 184 	220 	221
f 186 	185 	222
f 185 	221 	222
f 187 	186 	223
f 186 	222 	223
f 188 	187 	224
f 187 	223 	224
f 189 	188 	225
f 188 	224 	225
f 190 	189 	226
f 189 	225 	226
f 191 	190 	227
f 190 	226 	227
f 192 	191 	228
f 191 	227 	228
f 193 	192 	229
f 192 	228 	229
f 194 	193 	230
f 193 	229 	230
f 195 	194 	231
f 194 	230 	231
f 196 	195 	232
f 195 	231 	232
f 197 	196 	233
f 196 	232 	233
f 198 	197 	234
f 197 	233 	234
f 199 	198 	235
f 198 	234 	235
f 200 	199 	236
f 199 	235 	236
f 201 	200 	237
f 200 	236 	237
f 202 	201 	238
f 201 	237 	238
f 203 	202 	239
f 202 	238 	239
f 204 	203 	240
f 203 	239 	240
f 205 	204 	241
f 204 	240 	241
f 206 	205 	242
f 205 	241 	242
f 207 	206 	243
f 206 	242 	243
f 208 	207 	244
f 207 	243 	244
f 209 	208 	245
f 208 	244 	245
f 210 	209 	246
f 209 	245 	246
f 211 	210 	247
f 210 	246 	247
f 212 	211 	248
f 211 	247 	248
f 213 	212 	249
f 212 	248 	249
f 214 	213 	250
f 213 	249 	250
f 215 	214 	251
f 214 	250 	251
f 216 	215 	252
f 215 	251 	252
f 217 	216 	253
f 216 	252 	253
f 182 	217 	218
f 217 	253 	218
f 219 	218 	255
f 218 	254 	255
f 220 	219 	256
f 219 	255 	256
f 221 	220 	257
f 220 	256 	257
f 222 	221 	258
f 221 	257 	258
f 223 	222 	259
f 222 	258 	259
f 224 	223 	260
f 223 	259 	260
f 225 	224 	261
f 224 	260 	261
f 226 	225 	262
f 225 	261 	262
f 227 	226 	263
f 226 	262 	263
f 228 	227 	264
f 227 	263 	264
f 229 	228 	265
f 228 	264 	265
f 230 	229 	266
f 229 	265 	266
f 231 	230 	267
f 230 	266 	267
f 232 	231 	268
f 231 	267 	268
f 233 	232 	269
f 232 	268 	269
f 234 	233 	270
f 233 	269 	270
f 235 	234 	271
f 234 	270 	271
f 236 	235 	272
f 235 	271 	272
f 237 	236 	273
f 236 	272 	273
f 238 	237 	274
f 237 	273 	274
f 239 	238 	275
f 238 	274 	275
f 240 	239 	276
f 239 	275 	276
f 241 	240 	277
f 240 	276 	277
f 242 	241 	278
f 241 	277 	278
f 243 	242 	279
f 242 	278 	279
f 244 	243 	280
f 243 	279 	280
f 245 	244 	281
f 244 	280 	281
f 246 	245 	282
f 245 	281 	282
f 247 	246 	283
f 246 	282 	283
f 248 	247 	284
f 247 	283 	284
f 249 	248 	285
f 248 	284 	285
f 250 	249 	286
f 249 	285 	286
f 251 	250 	287
f 250 	286 	287
f 252 	251 	288
f 251 	287 	288
f 253 	252 	289
f 252 	288 	289
f 218 	253 	254
f 253 	289 	254
f 255 	254 	291
f 254 	290 	291
f 256 	255 	292
f 255 	291 	292
f 257 	256 	293
f 256 	292 	293
f 258 	257 	294
f 257 	293 	294
f 259 	258 	295
f 258 	294 	295
f 260 	259 	296
f 259 	295 	296
f 261 	260 	297
f 260 	296 	297
f 262 	261 	298
f 261 	297 	298
f 263 	262 	299
f 262 	298 	299
f 264 	263 	300
f 263 	299 	300
f 265 	264 	301
f 264 	300 	301
f 266 	265 	302
f 265 	301 	302
f 267 	266 	303
f 266 	302 	303
f 268 	267 	304
f 267 	303 	304
f 269 	268 	305
f 268 	304 	305
f 270 	269 	306
f 269 	305 	306
f 271 	270 	307
f 270 	306 	307
f 272 	271 	308
f 271 	307 	308
f 273 	272 	309
f 272 	308 	309
f 274 	273 	310
f 273 	309 	310
f 275 	274 	311
f 274 	310 	311
f 276 	275 	312
f 275 	311 	312
f 277 	276 	313
f 276 	312 	313
f 278 	277 	314
f 277 	313 	314
f 279 	278 	315
f 278 	314 	315
f 280 	279 	316
f 279 	315 	316
f 281 	280 	317
f 280 	316 	317
f 282 	281 	318
f 281 	317 	318
f 283 	282 	319
f 282 	318 	319
f 284 	283 	320
f 283 	319 	320
f 285 	284 	321
f 284 	320 	321
f 286 	285 	322
f 285 	321 	322
f 287 	286 	323
f 286 	322 	323
f 288 	287 	324
f 287 	323 	324
f 289 	288 	325
f 288 	324 	325
f 254 	289 	290
f 289 	325 	290
f 291 	290 	327
f 290 	326 	327
f 292 	291 	328
f 291 	327 	328
f 293 	292 	329
f 292 	328 	329
f 294 	293 	330
f 293 	329 	330
f 295 	294 	331
f 294 	330 	331
f 296 	295 	332
f 295 	331 	332
f 297 	296 	333
f 296 	332 	333
f 298 	297 	334
f 297 	333 	334
f 299 	298 	335
f 298 	334 	335
f 300 	299 	336
f 299 	335 	336
f 301 	300 	337
f 300 	336 	337
f 302 	301 	338
f 301 	337 	338
f 303 	302 	339
f 302 	338 	339
f 304 	303 	340
f 303 	339 	340
f 305 	304 	341
f 304 	340 	341
f 306 	305 	342
f 305 	341 	342
f 307 	306 	343
f 306 	342 	343
f 308 	307 	344
f 307 	343 	344
f 309 	308 	345
f 308 	344 	345
f 310 	309 	346
f 309 	345 	346
f 311 	310 	347
f 310 	346 	347
f 312 	311 	348
f 311 	347 	348
f 313 	312 	349
f 312 	348 	349
f 314 	313 	350
f 313 	349 	350
f 315 	314 	351
f 314 	350 	351
f 316 	315 	352
f 315 	351 	352
f 317 	316 	353
f 316 	352 	353
f 318 	317 	354
f 317 	353 	354
f 319 	318 	355
f 318 	354 	355
f 320 	319 	356
f 319 	355 	356
f 321 	320 	357
f 320 	356 	357
f 322 	321 	358
f 321 	357 	358
f 323 	322 	359
f 322 	358 	359
f 324 	323 	360
f 323 	359 	360
f 325 	324 	361
f 324 	360 	361
f 290 	325 	326
f 325 	361 	326
f 327 	326 	363
f 326 	362 	363
f 328 	327 	364
f 327 	363 	364
f 329 	328 	365
f 328 	364 	365
f 330 	329 	366
f 329 	365 	366
f 331 	330 	367
f 330 	366 	367
f 332 	331 	368
f 331 	367 	368
f 333 	332 	369
f 332 	368 	369
f 334 	333 	370
f 333 	369 	370
f 335 	334 	371
f 334 	370 	371
f 336 	335 	372
f 335 	371 	372
f 337 	336 	373
f 336 	372 	373
f 338 	337 	374
f 337 	373 	374
f 339 	338 	375
f 338 	374 	375
f 340 	339 	376
f 339 	375 	376
f 341 	340 	377
f 340 	376 	377
f 342 	341 	378
f 341 	377 	378
f 343 	342 	379
f 342 	378 	379
f 344 	343 	380
f 343 	379 	380
f 345 	344 	381
f 344 	380 	381
f 346 	345 	382
f 345 	381 	382
f 347 	346 	383
f 346 	382 	383
f 348 	347 	384
f 347 	383 	384
f 349 	348 	385
f 348 	384 	385
f 350 	349 	386
f 349 	385 	386
f 351 	350 	387
f 350 	386 	387
f 352 	351 	388
f 351 	387 	388
f 353 	352 	389
f 352 	388 	389
f 354 	353 	390
f 353 	389 	390
f 355 	354 	391
f 354 	390 	391
f 356 	355 	392
f 355 	391 	392
f 357 	356 	393
f 356 	392 	393
f 358 	357 	394
f 357 	393 	394
f 359 	358 	395
f 358 	394 	395
f 360 	359 	396
f 359 	395 	396
f 361 	360 	397
f 360 	396 	397
f 326 	361 	362
f 361 	397 	362
f 363 	362 	399
f 362 	398 	399
f 364 	363 	400
f 363 	399 	400
f 365 	364 	401
f 364 	400 	401
f 366 	365 	402
f 365 	401 	402
f 367 	366 	403
f 366 	402 	403
f 368 	367 	404
f 367 	403 	404
f 369 	368 	405
f 368 	404 	405
f 370 	369 	406
f 369 	405 	406
f 371 	370 	407
f 370 	406 	407
f 372 	371 	408
f 371 	407 	408
f 373 	372 	409
f 372 	408 	409
f 374 	373 	410
f 373 	409 	410
f 375 	374 	411
f 374 	410 	411
f 376 	375 	412
f 375 	411 	412
f 377 	376 	413
f 376 	412 	413
f 378 	377 	414
f 377 	413 	414
f 379 	378 	415
f 378 	414 	415
f 380 	379 	416
f 379 	415 	416
f 381 	380 	417
f 380 	416 	417
f 382 	381 	418
f 381 	417 	418
f 383 	382 	419
f 382 	418 	419
f 384 	383 	420
f 383 	419 	420
f 385 	384 	421
f 384 	420 	421
f 386 	385 	422
f 385 	421 	422
f 387 	386 	423
f 386 	422 	423
f 388 	387 	424
f 387 	423 	424
f 389 	388 	425
f 388 	424 	425
f 390 	389 	426
f 389 	425 	426
f 391 	390 	427
f 390 	426 	427
f 392 	391 	428
f 391 	427 	428
f 393 	392 	429
f 392 	428 	429
f 394 	393 	430
f 393 	429 	430
f 395 	394 	431
f 394 	430 	431
f 396 	395 	432
f 395 	431 	432
f 397 	396 	433
f 396 	432 	433
f 362 	397 	398
f 397 	433 	398
f 399 	398 	435
f 398 	434 	435
f 400 	399 	436
f 399 	435 	436
f 401 	400 	437
f 400 	436 	437
f 402 	401 	438
f 401 	437 	438
f 403 	402 	439
f 402 	438 	439
f 404 	403 	440
f 403 	439 	440
f 405 	404 	441
f 404 	440 	441
f 406 	405 	442
f 405 	441 	442
f 407 	406 	443
f 406 	442 	443
f 408 	407 	444
f 407 	443 	444
f 409 	408 	445
f 408 	444 	445
f 410 	409 	446
f 409 	445 	446
f 411 	410 	447
f 410 	446 	447
f 412 	411 	448
f 411 	447 	448
f 413 	412 	449
f 412 	448 	449
f 414 	413 	450
f 413 	449 	450
f 415 	414 	451
f 414 	450 	451
f 416 	415 	452
f 415 	451 	452
f 417 	416 	453
f 416 	452 	453
f 418 	417 	454
f 417 	453 	454
f 419 	418 	455
f 418 	454 	455
f 420 	419 	456
f 419 	455 	456
f 421 	420 	457
f 420 	456 	457
f 422 	421 	458
f 421 	457 	458
f 423 	422 	459
f 422 	458 	459
f 424 	423 	460
f 423 	459 	460
f 425 	424 	461
f 424 	460 	461
f 426 	425 	462
f 425 	461 	462
f 427 	426 	463
f 426 	462 	463
f 428 	427 	464
f 427 	463 	464
f 429 	428 	465
f 428 	464 	465
f 430 	429 	466
f 429 	465 	466
f 431 	430 	467
f 430 	466 	467
f 432 	431 	468
f 431 	467 	468
f 433 	432 	469
f 432 	468 	469
f 398 	433 	434
f 433 	469 	434
f 435 	434 	471
f 434 	470 	471
f 436 	435 	472
f 435 	471 	472
f 437 	436 	473
f 436 	472 	473
f 438 	437 	474
f 437 	473 	474
f 439 	438 	475
f 438 	474 	475
f 440 	439 	476
f 439 	475 	476
f 441 	440 	477
f 440 	476 	477
f 442 	441 	478
f 441 	477 	478
f 443 	442 	479
f 442 	478 	479
f 444 	443 	480
f 443 	479 	480
f 445 	444 	481
f 444 	480 	481
f 446 	445 	482
f 445 	481 	482
f 447 	446 	483
f 446 	482 	483
f 448 	447 	484
f 447 	483 	484
f 449 	448 	485
f 448 	484 	485
f 450 	449 	486
f 449 	485 	486
f 451 	450 	487
f 450 	486 	487
f 452 	451 	488
f 451 	487 	488
f 453 	452 	489
f 452 	488 	489
f 454 	453 	490
f 453 	489 	490
f 455 	454 	491
f 454 	490 	491
f 456 	455 	492
f 455 	491 	492
f 457 	456 	493
f 456 	492 	493
f 458 	457 	494
f 457 	493 	494
f 459 	458 	495
f 458 	494 	495
f 460 	459 	496
f 459 	495 	496
f 461 	460 	497
f 460 	496 	497
f 462 	461 	498
f 461 	497 	498
f 463 	462 	499
f 462 	498 	499
f 464 	463 	500
f 463 	499 	500
f 465 	464 	501
f 464 	500 	501
f 466 	465 	502
f 465 	501 	502
f 467 	466 	503
f 466 	502 	503
f 468 	467 	504
f 467 	503 	504
f 469 	468 	505
f 468 	504 	505
f 434 	469 	470
f 469 	505 	470
f 471 	470 	507
f 470 	506 	507
f 472 	471 	508
f 471 	507 	508
f 473 	472 	509
f 472 	508 	509
f 474 	473 	510
f 473 	509 	510
f 475 	474 	511
f 474 	510 	511
f 476 	475 	512
f 475 	511 	512
f 477 	476 	513
f 476 	512 	513
f 478 	477 	514
f 477 	513 	514
f 479 	478 	515
f 478 	514 	515
f 480 	479 	516
f 479 	515 	516
f 481 	480 	517
f 480 	516 	517
f 482 	481 	518
f 481 	517 	518
f 483 	482 	519
f 482 	518 	519
f 484 	483 	520
f 483 	519 	520
f 485 	484 	521
f 484 	520 	521
f 486 	485 	522
f 485 	521 	522
f 487 	486 	523
f 486 	522 	523
f 488 	487 	524
f 487 	523 	524
f 489 	488 	525
f 488 	524 	525
f 490 	489 	526
f 489 	525 	526
f 491 	490 	527
f 490 	526 	527
f 492 	491 	528
f 491 	527 	528
f 493 	492 	529
f 492 	528 	529
f 494 	493 	530
f 493 	529 	530
f 495 	494 	531
f 494 	530 	531
f 496 	495 	532
f 495 	531 	532
f 497 	496 	533
f 496 	532 	533
f 498 	497 	534
f 497 	533 	534
f 499 	498 	535
f 498 	534 	535
f 500 	499 	536
f 499 	535 	536
f 501 	500 	537
f 500 	536 	537
f 502 	501 	538
f 501 	537 	538
f 503 	502 	539
f 502 	538 	539
f 504 	503 	540
f 503 	539 	540
f 505 	504 	541
f 504 	540 	541
f 470 	505 	506
f 505 	541 	506
f 507 	506 	543
f 506 	542 	543
f 508 	507 	544
f 507 	543 	544
f 509 	508 	545
f 508 	544 	545
f 510 	509 	546
f 509 	545 	546
f 511 	510 	547
f 510 	546 	547
f 512 	511 	548
f 511 	547 	548
f 513 	512 	549
f 512 	548 	549
f 514 	513 	550
f 513 	549 	550
f 515 	514 	551
f 514 	550 	551
f 516 	515 	552
f 515 	551 	552
f 517 	516 	553
f 516 	552 	553
f 518 	517 	554
f 517 	553 	554
f 519 	518 	555
f 518 	554 	555
f 520 	519 	556
f 519 	555 	556
f 521 	520 	557
f 520 	556 	557
f 522 	521 	558
f 521 	557 	558
f 523 	522 	559
f 522 	558 	559
f 524 	523 	560
f 523 	559 	560
f 525 	524 	561
f 524 	560 	561
f 526 	525 	562
f 525 	561 	562
f 527 	526 	563
f 526 	562 	563
f 528 	527 	564
f 527 	563 	564
f 529 	528 	565
f 528 	564 	565
f 530 	529 	566
f 529 	565 	566
f 531 	530 	567
f 530 	566 	567
f 532 	531 	568
f 531 	567 	568
f 533 	532 	569
f 532 	568 	569
f 534 	533 	570
f 533 	569 	570
f 535 	534 	571
f 534 	570 	571
f 536 	535 	572
f 535 	571 	572
f 537 	536 	573
f 536 	572 	573
f 538 	537 	574
f 537 	573 	574
f 539 	538 	575
f 538 	574 	575
f 540 	539 	576
f 539 	575 	576
f 541 	540 	577
f 540 	576 	577
f 506 	541 	542
f 541 	577 	542
f 543 	542 	579
f 542 	578 	579
f 544 	543 	580
f 543 	579 	580
f 545 	544 	581
f 544 	580 	581
f 546 	545 	582
f 545 	581 	582
f 547 	546 	583
f 546 	582 	583
f 548 	547 	584
f 547 	583 	584
f 549 	548 	585
f 548 	584 	585
f 550 	549 	586
f 549 	585 	586
f 551 	550 	587
f 550 	586 	587
f 552 	551 	588
f 551 	587 	588
f 553 	552 	589
f 552 	588 	589
f 554 	553 	590
f 553 	589 	590
f 555 	554 	591
f 554 	590 	591
f 556 	555 	592
f 555 	591 	592
f 557 	556 	593
f 556 	592 	593
f 558 	557 	594
f 557 	593 	594
f 559 	558 	595
f 558 	594 	595
f 560 	559 	596
f 559 	595 	596
f 561 	560 	597
f 560 	596 	597
f 562 	561 	598
f 561 	597 	598
f 563 	562 	599
f 562 	598 	599
f 564 	563 	600
f 563 	599 	600
f 565 	564 	601
f 564 	600 	601
f 566 	565 	602
f 565 	601 	602
f 567 	566 	603
f 566 	602 	603
f 568 	567 	604
f 567 	603 	604
f 569 	568 	605
f 568 	604 	605
f 570 	569 	606
f 569 	605 	606
f 571 	570 	607
f 570 	606 	607
f 572 	571 	608
f 571 	607 	608
f 573 	572 	609
f 572 	608 	609
f 574 	573 	610
f 573 	609 	610
f 575 	574 	611
f 574 	610 	611
f 576 	575 	612
f 575 	611 	612
f 577 	576 	613
f 576 	612 	613
f 542 	577 	578
f 577 	613 	578
f 579 	578 	614
f 580 	579 	614
f 581 	580 	614
f 582 	581 	614
f 583 	582 	614
f 584 	583 	614
f 585 	584 	614
f 586 	585 	614
f 587 	586 	614
f 588 	587 	614
f 589 	588 	614
f 590 	589 	614
f 591 	590 	614
f 592 	591 	614
f 593 	592 	614
f 594 	593 	614
f 595 	594 	614
f 596 	595 	614
f 597 	596 	614
f 598 	597 	614
f 599 	598 	614
f 600 	599 	614
f 601 	600 	614
f 602 	601 	614
f 603 	602 	614
f 604 	603 	614
f 605 	604 	614
f 606 	605 	614
f 607 	606 	614
f 608 	607 	614
f 609 	608 	614
f 610 	609 	614
f 611 	610 	614
f 612 	611 	614
f 613 	612 	614
f 578 	613 	614
# 1224 faces

 #end of obj_0

o obj_1
v 1.7342 		-23.3983 		31.0834
v 2.38 		-23.3784 		31.2529
v -2.2953 		-26.5588 		31.9956
v -5.7217 		-25.5332 		34.9392
v -5.3732 		-25.7121 		34.3865
v -3.1396 		-24.56 		38.6515
v 0.7154 		-21.0208 		38.9982
v -6.0136 		-25.3478 		35.5229
v -2.5607 		-24.5339 		38.8312
v -2.9015 		-26.4517 		32.2638
v 4.6133 		-26.5486 		33.1185
v 5.1037 		-26.4401 		33.5642
v 1.075 		-23.3993 		30.9762
v -3.4774 		-26.3294 		32.5886
v 1.3658 		-21.0159 		39.1171
v -4.0176 		-26.1929 		32.967
v -4.5169 		-26.0436 		33.3955
v -4.9699 		-25.8828 		33.8705
v -6.2448 		-25.1577 		36.1323
v -1.9546 		-24.511 		39.0044
v -6.4134 		-24.9647 		36.7612
v 0.4083 		-23.3813 		30.9325
v 4.0812 		-26.641 		32.7209
v 1.6391 		-26.8321 		31.6871
v 0.9799 		-26.8331 		31.5798
v 0.3133 		-26.815 		31.5362
v -0.354 		-26.778 		31.5568
v 2.0064 		-21.0152 		39.2204
v -1.0152 		-26.7228 		31.6404
v -1.3274 		-24.4914 		39.1699
v -1.6644 		-26.6493 		31.7876
v -0.6848 		-24.4755 		39.3252
v 3.512 		-26.716 		32.3764
v 2.9114 		-26.7733 		32.087
v 2.2849 		-26.8121 		31.8565
v -0.0336 		-24.463 		39.47
v 0.6203 		-24.4545 		39.6019
v 5.5469 		-26.3162 		34.0549
v 1.2707 		-24.4497 		39.7208
v 2.6308 		-21.0184 		39.308
v 6.9037 		-24.751 		39.5845
v 7.0083 		-24.945 		38.9421
v 7.0478 		-25.1382 		38.292
v 7.0214 		-25.3287 		37.6408
v 6.9304 		-25.5147 		36.995
v 1.9113 		-24.449 		39.824
v 6.7744 		-25.6943 		36.3604
v 3.2332 		-21.0255 		39.3787
v -3.5911 		-21.1552 		37.8634
v -4.0995 		-21.1867 		37.6763
v -4.5651 		-21.2205 		37.4881
v 6.5562 		-25.8659 		35.7431
v -4.9837 		-21.2562 		37.301
v 6.2765 		-26.0277 		35.1495
v -5.3512 		-21.2936 		37.1159
v -5.6634 		-21.3322 		36.9358
v 5.9391 		-26.1783 		34.5849
v -5.9182 		-21.3718 		36.7611
v -6.1123 		-21.4117 		36.5952
v -6.2448 		-21.4519 		36.4376
v -6.3137 		-21.4918 		36.2914
v 3.8079 		-21.0364 		39.4321
v -6.3183 		-21.531 		36.1575
v -0.2589 		-23.3443 		30.9531
v -6.4088 		-24.9255 		36.8951
v -6.3399 		-24.8857 		37.0412
v -6.2074 		-24.8454 		37.1988
v -6.0133 		-24.8056 		37.3648
v -5.7585 		-24.7659 		37.5395
v -5.4463 		-24.7274 		37.7196
v 4.3489 		-21.0511 		39.4674
v -5.0788 		-24.6899 		37.9047
v -4.6602 		-24.6543 		38.0917
v 0.0614 		-21.0293 		38.8663
v -0.5897 		-21.0417 		38.7215
v -1.2324 		-21.0576 		38.5663
v -1.8596 		-21.0773 		38.4008
v -0.9201 		-23.289 		31.0367
v -4.1945 		-24.6205 		38.28
v -3.6862 		-24.5889 		38.4671
v 2.5358 		-24.4521 		39.9117
v 4.8514 		-21.0694 		39.4845
v -1.5693 		-23.2156 		31.1839
v 5.3104 		-21.091 		39.4834
v 3.1381 		-24.4593 		39.9824
v 5.7219 		-21.1159 		39.4636
v -2.4656 		-21.1002 		38.2275
v -3.0445 		-21.1262 		38.0478
v 3.7128 		-24.4702 		40.0358
v 6.0809 		-21.1437 		39.4257
v 4.2538 		-24.4849 		40.0711
v 6.9988 		-21.3173 		38.9808
v 7.1034 		-21.5113 		38.3385
v 6.3854 		-21.1744 		39.3696
v 4.7563 		-24.5032 		40.0881
v 7.1429 		-21.7045 		37.6884
v 6.6308 		-21.2072 		39.2968
v 6.9395 		-21.2791 		39.1012
v 6.8166 		-21.2423 		39.2067
v 7.1164 		-21.895 		37.0372
v 5.2153 		-24.5248 		40.0871
v 5.6269 		-24.5497 		40.0672
v 5.9859 		-24.5775 		40.0294
v 6.2903 		-24.6081 		39.9732
v 6.5357 		-24.6409 		39.9005
v 6.7215 		-24.6761 		39.8104
v 6.8444 		-24.7128 		39.7049
v 7.0255 		-22.0809 		36.3913
v -6.1497 		-21.7239 		35.5287
v -5.9185 		-21.9141 		34.9192
v -5.6267 		-22.0995 		34.3355
v -5.2781 		-22.2784 		33.7828
v -4.8748 		-22.449 		33.2668
v -4.4219 		-22.6099 		32.7919
v -3.9225 		-22.7592 		32.3634
v -3.3824 		-22.8957 		31.9849
v 6.8695 		-22.2605 		35.7567
v -2.8064 		-23.018 		31.6601
v -2.2002 		-23.1251 		31.3919
v 6.6513 		-22.4322 		35.1395
v 6.3716 		-22.594 		34.5458
v 3.0065 		-23.3396 		31.4833
v 3.6071 		-23.2822 		31.7727
v 6.0341 		-22.7445 		33.9813
v 5.6419 		-22.8824 		33.4512
v 5.1988 		-23.0063 		32.9606
v 4.1763 		-23.2072 		32.1172
v 4.7084 		-23.1148 		32.5148
# 128 vertices

g group_1_16448250

usemtl color_16448250
s 0

f 691 	701 	623
f 626 	625 	740
f 633 	724 	622
f 631 	630 	620
f 620 	694 	631
f 694 	632 	631
f 623 	620 	630
f 693 	619 	632
f 687 	618 	619
f 686 	622 	618
f 684 	633 	622
f 680 	635 	633
f 630 	628 	623
f 617 	645 	634
f 644 	634 	645
f 624 	617 	634
f 634 	623 	624
f 628 	624 	623
f 651 	649 	648
f 650 	638 	649
f 637 	647 	741
f 622 	724 	618
f 637 	625 	658
f 658 	647 	637
f 625 	626 	658
f 656 	655 	647
f 657 	656 	647
f 658 	657 	647
f 626 	652 	658
f 658 	652 	659
f 659 	652 	661
f 661 	652 	666
f 666 	652 	668
f 668 	652 	671
f 677 	675 	674
f 723 	677 	674
f 674 	673 	723
f 673 	672 	723
f 672 	670 	723
f 670 	669 	723
f 724 	723 	669
f 669 	667 	724
f 725 	724 	667
f 703 	676 	662
f 623 	701 	620
f 703 	685 	676
f 679 	635 	680
f 633 	681 	680
f 633 	682 	681
f 633 	683 	682
f 633 	684 	683
f 622 	686 	684
f 618 	687 	686
f 619 	693 	687
f 632 	694 	693
f 643 	641 	644
f 645 	643 	644
f 623 	634 	691
f 647 	737 	741
f 690 	691 	644
f 644 	691 	634
f 654 	695 	699
f 699 	662 	654
f 716 	700 	698
f 646 	690 	644
f 699 	703 	662
f 729 	728 	702
f 663 	702 	728
f 728 	727 	663
f 664 	663 	727
f 727 	726 	664
f 665 	664 	726
f 726 	725 	665
f 667 	665 	725
f 615 	627 	688
f 616 	615 	688
f 646 	644 	641
f 641 	640 	646
f 640 	639 	646
f 650 	646 	639
f 639 	638 	650
f 649 	651 	650
f 647 	653 	651
f 647 	660 	653
f 647 	695 	660
f 651 	648 	647
f 688 	646 	650
f 655 	656 	706
f 716 	704 	700
f 705 	685 	703
f 707 	706 	656
f 688 	650 	621
f 621 	650 	651
f 710 	707 	656
f 710 	656 	657
f 709 	696 	705
f 705 	696 	685
f 629 	621 	653
f 653 	621 	651
f 658 	710 	657
f 653 	660 	642
f 642 	629 	653
f 696 	709 	715
f 715 	698 	696
f 695 	647 	699
f 699 	647 	703
f 703 	647 	705
f 705 	647 	709
f 709 	647 	715
f 715 	647 	716
f 716 	647 	717
f 717 	647 	718
f 718 	647 	719
f 719 	647 	720
f 720 	647 	721
f 721 	647 	655
f 737 	647 	648
f 710 	658 	714
f 700 	704 	707
f 707 	710 	700
f 698 	700 	710
f 710 	714 	698
f 696 	698 	714
f 714 	722 	696
f 685 	696 	722
f 722 	731 	685
f 642 	654 	739
f 739 	740 	642
f 740 	742 	642
f 629 	642 	742
f 706 	707 	713
f 649 	616 	648
f 715 	716 	698
f 722 	714 	659
f 659 	714 	658
f 734 	661 	666
f 616 	649 	638
f 638 	615 	616
f 695 	654 	642
f 695 	642 	660
f 730 	729 	701
f 702 	701 	729
f 732 	730 	701
f 701 	691 	732
f 733 	732 	691
f 697 	733 	691
f 691 	690 	697
f 692 	697 	690
f 678 	692 	690
f 668 	734 	666
f 677 	635 	675
f 659 	661 	731
f 731 	722 	659
f 615 	638 	639
f 639 	627 	615
f 680 	674 	675
f 738 	668 	671
f 734 	731 	661
f 679 	675 	635
f 640 	636 	639
f 639 	636 	627
f 679 	680 	675
f 636 	640 	641
f 641 	678 	636
f 673 	674 	680
f 671 	652 	738
f 734 	668 	735
f 738 	735 	668
f 717 	704 	716
f 673 	682 	672
f 626 	740 	652
f 690 	689 	678
f 636 	678 	689
f 627 	636 	689
f 689 	688 	627
f 688 	621 	616
f 736 	616 	621
f 737 	736 	621
f 621 	629 	737
f 741 	737 	629
f 742 	741 	629
f 738 	739 	654
f 643 	692 	641
f 641 	692 	678
f 683 	670 	672
f 652 	739 	738
f 718 	708 	717
f 717 	708 	704
f 692 	643 	645
f 645 	697 	692
f 672 	682 	683
f 708 	718 	719
f 719 	711 	708
f 652 	740 	739
f 720 	713 	719
f 719 	713 	711
f 683 	684 	669
f 669 	670 	683
f 625 	742 	740
f 735 	738 	654
f 654 	662 	735
f 734 	735 	662
f 662 	676 	734
f 731 	734 	676
f 676 	685 	731
f 704 	708 	707
f 708 	711 	707
f 711 	713 	707
f 713 	712 	706
f 713 	720 	721
f 721 	712 	713
f 742 	625 	637
f 637 	741 	742
f 667 	687 	665
f 667 	669 	684
f 617 	733 	697
f 712 	721 	655
f 655 	706 	712
f 665 	687 	693
f 693 	664 	665
f 673 	680 	681
f 663 	664 	693
f 630 	729 	628
f 682 	673 	681
f 697 	645 	617
f 630 	631 	729
f 729 	631 	728
f 733 	617 	624
f 624 	732 	733
f 727 	728 	631
f 632 	727 	631
f 727 	619 	726
f 730 	732 	624
f 624 	628 	730
f 725 	726 	618
f 618 	726 	619
f 701 	702 	620
f 667 	684 	686
f 632 	619 	727
f 724 	725 	618
f 628 	729 	730
f 687 	667 	686
f 723 	724 	633
f 633 	635 	677
f 677 	723 	633
f 689 	690 	646
f 663 	693 	694
f 688 	689 	646
f 648 	736 	737
f 694 	620 	702
f 702 	663 	694
f 648 	616 	736
# 252 faces

 #end of obj_1

o obj_2
v 2.086 		-24.2079 		29.2183
v -5.5032 		-15.1897 		39.6783
v 3.7042 		-8.3511 		33.0959
v -5.9586 		-24.1053 		35.5454
v -4.0449 		-12.7647 		39.751
v -6.7821 		-23.6778 		35.2826
v -5.7046 		-12.1562 		34.2872
v -5.6531 		-24.4174 		34.5988
v -5.5939 		-12.4714 		33.2994
v 3.4943 		-8.4707 		32.6796
v -5.6176 		-11.8468 		35.2865
v -5.2884 		-12.7824 		32.3526
v 2.6236 		-22.3865 		42.4089
v 3.6589 		-22.5526 		42.0463
v 2.4387 		-8.7295 		31.6844
v -6.6182 		-20.2079 		31.9036
v 5.1233 		-9.4147 		33.6139
v -1.7819 		-9.8836 		31.0067
v -7.2496 		-19.8231 		33.0304
v 4.939 		-9.6059 		32.9741
v -2.3114 		-9.7222 		31.4369
v 1.3388 		-22.9291 		41.7607
v 4.6319 		-9.7807 		32.3665
v -6.2032 		-13.5553 		36.883
v -2.7437 		-9.541 		31.946
v -7.2154 		-16.1668 		36.2855
v -6.8683 		-15.8075 		37.4879
v 1.1295 		-23.5604 		40.7579
v -3.2813 		-11.3816 		30.9827
v -6.2916 		-15.4787 		38.63
v -3.8371 		-11.1485 		31.637
v 1.8487 		-23.6368 		40.6308
v 0.9026 		-24.145 		39.6268
v 1.384 		-25.4011 		36.1695
v 1.1743 		-25.4342 		36.0277
v 1.394 		-24.197 		39.5392
v -6.6226 		-14.2343 		34.6453
v 4.2215 		-25.4394 		31.4281
v 4.2123 		-9.9345 		31.8087
v -6.4973 		-14.5914 		33.5289
v 3.693 		-10.0616 		31.3183
v 3.7743 		-25.6632 		32.1362
v -6.5236 		-13.8859 		35.775
v 0.1797 		-25.4502 		35.8169
v -1.1694 		-10.0209 		30.6677
v -0.07 		-25.4244 		35.8612
v 2.748 		-25.7627 		31.656
v 3.0888 		-10.1592 		30.9106
v -0.944 		-11.9046 		29.6895
v -7.3224 		-16.5454 		35.0597
v -7.1871 		-16.9311 		33.8479
v -1.8129 		-11.7655 		29.9946
v -2.6002 		-11.5895 		30.4301
v 2.3673 		-25.859 		32.574
v 5.6448 		-11.4572 		32.1781
v -2.3855 		-13.8171 		29.5183
v 5.1053 		-11.6545 		31.4613
v -3.3238 		-13.6074 		30.0367
v 3.5163 		-24.1486 		29.6372
v -4.5006 		-24.9935 		32.9428
v 4.4378 		-11.8183 		30.8305
v -4.1359 		-13.3595 		30.6968
v 3.5095 		-24.2842 		29.6693
v 3.5835 		-24.2771 		29.704
v 3.5095 		-24.2842 		29.6693
v -3.715 		-25.2149 		33.6538
v -4.798 		-13.0823 		31.4766
v 3.5111 		-24.3163 		29.6693
v 3.1314 		-23.1659 		41.2924
v -4.2709 		-24.9818 		34.3081
v -4.8486 		-15.5965 		30.5858
v 3.9186 		-23.343 		40.8571
v 2.5245 		-23.7447 		40.3938
v -5.5971 		-15.2817 		31.468
v 5.8594 		-13.6847 		31.2663
v 3.137 		-23.882 		40.0548
v 3.434 		-24.2873 		29.6472
v -6.1523 		-14.9439 		32.4589
v -1.6591 		-25.6372 		33.683
v -1.3502 		-13.9831 		29.1557
v -2.2714 		-25.5002 		34.0212
v 3.4483 		-24.8172 		29.8772
v -4.4021 		-18.3254 		29.8463
v -2.801 		-25.3386 		34.4523
v 3.2977 		-25.2332 		30.2866
v 0.2507 		-7.6511 		32.5194
v -5.3984 		-18.0219 		30.6549
v -3.2332 		-25.1576 		34.9605
v 0.4803 		-8.7609 		31.2692
v 3.662 		-11.9435 		30.3061
v 5.9285 		-17.6955 		41.937
v -0.0118 		-8.7092 		31.3559
v 2.801 		-12.0267 		29.9031
v -0.474 		-8.6344 		31.518
v -3.2332 		-25.1576 		34.9605
v -3.2332 		-25.1576 		34.9605
v 3.0615 		-25.5509 		30.8856
v -3.2332 		-25.1576 		34.9605
v -0.8928 		-8.5411 		31.7495
v 5.0636 		-13.8802 		30.5155
v 4.139 		-14.0293 		29.8902
v 3.1127 		-14.1277 		29.4098
v -1.2556 		-8.4307 		32.0444
v 0.4354 		-19.5064 		43.9593
v 5.6898 		-24.9289 		31.6429
v -6.21 		-17.6811 		31.6116
v 5.2668 		-25.2705 		32.1356
v -4.2151 		-24.9629 		31.5948
v 4.6989 		-25.5141 		32.7615
v -2.7502 		-25.451 		31.7643
v -6.8121 		-17.3139 		32.6871
v 0.4311 		-19.6472 		43.98
v 0.3563 		-19.6467 		43.97
v -3.6885 		-25.2413 		32.2827
v 0.4312 		-19.6472 		43.98
v 0.4302 		-19.6731 		43.9912
v 6.2772 		-10.9862 		33.7814
v 1.9399 		-7.6651 		32.7457
v 1.7302 		-7.6982 		32.6039
v 6.0399 		-11.232 		32.9588
v 1.4969 		-7.7205 		32.4953
v 6.063 		-23.8248 		31.0804
v -5.7681 		-20.5651 		30.901
v 1.2488 		-7.7315 		32.4226
v 0.9925 		-7.7286 		32.3884
v 0.5101 		-19.6517 		43.9784
v 0.7356 		-7.7142 		32.393
v -1.3777 		-25.7379 		32.3606
v 0.4859 		-7.6884 		32.4374
v 7.2556 		-12.8889 		34.0321
v 6.0541 		-23.9601 		31.1112
v 6.111 		-23.9461 		31.1648
v -2.2465 		-25.599 		32.6648
v 6.054 		-23.9601 		31.1111
v 0.4144 		-20.2449 		43.981
v 6.0578 		-23.9915 		31.1122
v 6.9722 		-13.1813 		33.0518
v -3.0338 		-25.423 		33.1004
v 1.9809 		-8.7737 		31.47
v 6.5025 		-13.4497 		32.12
v 1.4914 		-8.7943 		31.3265
v 4.8548 		-24.0204 		30.2642
v 0.4026 		-20.8709 		43.7448
v 0.9863 		-8.7896 		31.2591
v 4.847 		-24.1554 		30.2956
v 4.9129 		-24.1448 		30.3402
v 5.9906 		-23.9704 		31.0682
v 4.8469 		-24.1554 		30.2956
v 0.3934 		-21.5314 		43.2887
v 4.8496 		-24.1871 		30.296
v 1.6755 		-21.6027 		43.2637
v 5.5517 		-16.1843 		30.381
v -2.9994 		-12.5961 		40.4577
v 4.5062 		-16.3529 		29.6744
v -1.8404 		-12.4842 		41.0008
v 4.7767 		-24.1621 		30.2627
v 3.3464 		-16.4647 		29.1311
v 0.388 		-22.2062 		42.627
v -0.6016 		-12.4338 		41.3633
v 6.9724 		-18.0138 		41.0895
v 5.9564 		-24.4983 		31.2977
v -4.5265 		-14.9503 		40.5993
v 5.8864 		-18.6604 		30.4324
v 4.7671 		-24.6897 		30.4947
v -3.3921 		-14.7669 		41.3662
v 4.7521 		-18.8438 		29.6656
v 3.4942 		-18.9647 		29.0761
v -2.1333 		-14.6463 		41.955
v -6.8103 		-22.7839 		32.335
v 4.5555 		-25.1112 		30.8759
v -6.8086 		-22.9217 		32.3652
v -6.7642 		-22.9402 		32.313
v -0.7899 		-14.5904 		42.3488
v -6.8088 		-22.9212 		32.3656
v -0.7703 		-21.5162 		28.6688
v -6.8156 		-22.9503 		32.3677
v -2.1864 		-21.3653 		28.9202
v 2.4199 		-10.2238 		30.5973
v -3.5173 		-21.1526 		29.3867
v -7.4515 		-22.3925 		33.479
v 1.7045 		-10.2536 		30.3873
v -7.4492 		-22.5303 		33.5082
v -7.4161 		-22.5505 		33.4491
v 0.9659 		-10.2472 		30.289
v 8.1286 		-14.7147 		35.4866
v -7.4494 		-22.5298 		33.5086
v -7.4568 		-22.5589 		33.5117
v 0.2256 		-10.2052 		30.3036
v 8.0296 		-15.063 		34.3569
v -0.4936 		-10.1287 		30.4307
v -6.8426 		-22.9006 		32.4259
v 7.7094 		-15.395 		33.2482
v -7.4704 		-22.5084 		33.5737
v 7.1778 		-15.6971 		32.1958
v -6.7206 		-23.4719 		32.5338
v 8.5128 		-20.3359 		33.9287
v -7.352 		-23.0872 		33.6606
v 8.5753 		-17.4438 		34.7462
v 0.6782 		-12.4438 		41.5348
v 8.2283 		-17.8032 		33.5438
v -6.4065 		-23.9496 		32.8221
v 7.6515 		-18.132 		32.4017
v 1.9604 		-12.5165 		41.5092
v 1.9151 		-19.5905 		43.93
v -5.8819 		-24.3693 		33.2219
v 1.8816 		-12.0645 		29.6338
v 1.9096 		-19.7311 		43.9507
v 1.8342 		-19.7268 		43.9522
v 0.9316 		-12.0567 		29.5068
v 1.9097 		-19.7311 		43.9507
v 1.9099 		-19.7571 		43.9619
v 6.4517 		-15.9636 		31.23
v -0.0193 		-12.0026 		29.5256
v -5.1627 		-24.7162 		33.7226
v 0.5992 		-14.6024 		42.5343
v 5.9302 		-20.2337 		42.5237
v 6.8632 		-18.421 		31.3534
v 3.3537 		-19.7425 		43.6748
v 1.9896 		-14.6806 		42.5071
v 5.9212 		-20.3712 		42.5454
v 5.8532 		-20.356 		42.583
v -5.9465 		-23.1461 		31.3175
v 2.0173 		-14.1736 		29.089
v 3.3406 		-14.824 		42.2672
v 5.9249 		-20.4001 		42.5564
v 3.347 		-19.883 		43.6957
v 3.2735 		-19.8751 		43.7087
v 0.8854 		-14.1634 		28.9376
v 3.3472 		-19.8829 		43.6956
v -0.2482 		-14.0997 		28.9601
v 3.3486 		-19.9092 		43.7067
v -5.9454 		-23.2822 		31.348
v -5.8879 		-23.2997 		31.3014
v 5.9215 		-20.3716 		42.5452
v 1.9863 		-19.7391 		43.9371
v 5.9772 		-20.3886 		42.5
v -5.9517 		-23.3128 		31.3494
v 3.4191 		-19.8944 		43.6704
v 5.8261 		-20.9606 		42.5674
v -5.9456 		-23.2824 		31.3482
v -5.9911 		-23.2632 		31.4019
v 1.8721 		-20.3275 		43.953
v 4.4147 		-21.2961 		43.0323
v -5.8704 		-23.8291 		31.5312
v 3.2881 		-20.4774 		43.7014
v 8.3788 		-23.7124 		35.9567
v 5.5655 		-21.5527 		42.3958
v -1.6986 		-16.3006 		28.8439
v 4.0915 		-21.9233 		42.6321
v 7.7448 		-24.1506 		36.1109
v 8.1728 		-16.2967 		38.3448
v 8.547 		-16.6786 		37.1837
v -2.8694 		-16.1132 		29.2539
v 8.6832 		-17.0653 		35.9722
v 1.7931 		-20.9491 		43.7176
v 5.1515 		-22.1598 		42.0456
v -3.9303 		-15.8754 		29.8408
v -4.5985 		-24.5941 		31.056
v 6.8909 		-24.5228 		36.2781
v 3.144 		-21.0925 		43.4777
v -5.595 		-24.2904 		31.8654
v -2.6856 		-9.2809 		37.7856
v 6.6075 		-24.8152 		35.2978
v -0.6297 		-18.9301 		28.5246
v -4.2213 		-11.051 		38.0523
v 2.9207 		-21.7359 		43.0421
v -7.6719 		-18.6196 		36.802
v -3.4255 		-10.8555 		38.8031
v 5.8434 		-24.8195 		36.4525
v -5.1335 		-24.6827 		32.3404
v -1.9806 		-18.7867 		28.7645
v 5.6061 		-25.0653 		35.6299
v -7.3085 		-18.243 		38.0619
v -3.2512 		-18.5833 		29.2091
v -6.7036 		-17.8982 		39.2589
v -4.7234 		-20.8823 		30.0535
v 4.5974 		-22.7625 		41.527
v 4.7222 		-17.426 		42.6049
v 5.4093 		-23.0101 		40.8678
v -2.7873 		-8.3682 		35.6805
v 8.5541 		-22.9134 		34.3918
v 4.6007 		-23.55 		40.3037
v -2.3676 		-8.2147 		36.2375
v 8.5433 		-23.0498 		34.42
v 8.5631 		-23.0294 		34.4885
v 8.5432 		-23.0497 		34.4197
v -4.8858 		-23.4691 		30.4566
v -4.2869 		-9.8671 		35.6574
v 2.1076 		-16.5162 		28.7688
v 8.549 		-23.0801 		34.4236
v 6.99 		-20.5567 		41.6627
v 0.8278 		-16.5051 		28.5971
v -3.8927 		-9.6418 		36.4388
v -3.6618 		-23.7434 		29.7792
v 4.7054 		-19.9594 		43.201
v -0.4535 		-16.4325 		28.6229
v 6.9802 		-20.6943 		41.6852
v 6.922 		-20.6765 		41.7325
v -4.8855 		-23.6048 		30.4878
v -4.8192 		-23.6198 		30.4512
v 6.9847 		-20.7231 		41.6954
v -3.6625 		-23.8787 		29.811
v -4.891 		-23.6358 		30.4885
v -3.5886 		-23.8905 		29.7851
v 4.6974 		-20.0969 		43.222
v 4.6221 		-20.085 		43.2484
v 8.511 		-23.0682 		34.3558
v -3.667 		-23.9101 		29.8111
v 4.7 		-20.1258 		43.2337
v 2.1498 		-19.0203 		28.6829
v 6.9805 		-20.6947 		41.685
v -3.3533 		-9.4444 		37.1556
v 7.026 		-20.7138 		41.6313
v -4.8857 		-23.6049 		30.488
v 8.4105 		-23.5999 		34.5589
v -4.9417 		-23.5879 		30.5334
v 0.7618 		-19.0085 		28.4968
v 4.6977 		-20.0972 		43.2219
v -4.8257 		-24.1474 		30.6839
v 4.7619 		-20.1116 		43.1864
v 6.87 		-21.2789 		41.7199
v -5.3341 		-11.5544 		36.2668
v 4.6199 		-20.6911 		43.2352
v 8.0317 		-24.0717 		34.7543
v 6.5618 		-21.8562 		41.5872
v -5.8773 		-17.5961 		40.3577
v 7.4551 		-24.4007 		33.6114
v -4.8545 		-17.3457 		41.3232
v 7.3734 		-22.197 		40.6304
v -3.6627 		-23.8788 		29.8111
v 7.4245 		-24.4812 		35.0028
v -3.6654 		-17.1529 		42.1269
v -3.7272 		-23.8645 		29.8468
v 6.893 		-24.7847 		33.9498
v 6.0699 		-22.44 		41.3
v -3.6196 		-24.4166 		30.0169
v 6.8182 		-22.7535 		40.4185
v 6.1378 		-25.0836 		34.366
v -3.4477 		-24.8518 		30.4196
v -3.1543 		-25.1994 		31.0084
v 7.9087 		-20.6796 		32.7316
v 1.8568 		-24.2716 		39.378
v -4.8643 		-11.2863 		37.1978
v 0.8206 		-9.0424 		39.1093
v 7.0822 		-20.9825 		31.6339
v 2.2758 		-24.365 		39.1457
v 1.7723 		-9.0966 		39.0906
v 2.6962 		-9.1945 		38.9265
v 2.6384 		-24.4752 		38.8516
v 0.7527 		-10.5723 		40.381
v -0.8715 		-24.1123 		29.0501
v 1.8871 		-10.636 		40.3586
v 2.9883 		-10.7526 		40.1629
v -0.8746 		-24.2472 		29.0826
v -0.7933 		-24.2518 		29.0809
v 1.1478 		-24.7296 		38.2748
v -0.8767 		-24.279 		29.082
v 4.0236 		-10.9186 		39.8003
v -2.3093 		-23.9592 		29.3054
v 1.3603 		-24.7765 		38.1566
v -2.3112 		-24.0943 		29.3376
v -2.2325 		-24.1026 		29.3236
v 1.5448 		-24.8324 		38.0073
v -5.6996 		-21.4585 		40.888
v -2.3145 		-24.1258 		29.3372
v 1.6951 		-24.8959 		37.8305
v -5.9566 		-22.3381 		39.6906
v -5.2296 		-22.0729 		40.656
v 1.6189 		-7.9437 		37.7434
v -0.0674 		-7.2014 		36.1575
v 2.3383 		-8.0204 		37.6155
v 0.4213 		-7.1818 		36.3009
v -0.8747 		-24.2472 		29.0826
v 3.0142 		-8.1283 		37.3785
v -0.9503 		-24.2392 		29.096
v 3.6673 		-24.0433 		39.6248
v 3.6265 		-8.2653 		37.0403
v -4.586 		-22.6849 		40.2983
v 4.0988 		-24.2246 		39.1155
v -2.3113 		-24.0944 		29.3376
v 7.941 		-23.2633 		33.176
v -6.8966 		-20.4395 		39.8043
v -2.3824 		-24.083 		29.3625
v 4.4194 		-24.4202 		38.5439
v -3.7902 		-22.4894 		41.0491
v -6.8949 		-20.5772 		39.828
v 7.9307 		-23.3993 		33.2052
v 7.9638 		-23.3804 		33.2707
v -6.9285 		-20.5964 		39.7615
v -6.8947 		-20.5769 		39.8283
v 7.9306 		-23.3992 		33.205
v -0.8727 		-24.7802 		29.299
v 7.9359 		-23.4299 		33.2079
v -6.902 		-20.6059 		39.837
v 3.5649 		-9.3334 		38.6223
v -2.2886 		-24.6306 		29.5497
v 2.9335 		-24.5993 		38.5036
v -3.1191 		-23.1133 		40.4557
v 3.1527 		-24.7339 		38.1117
v -6.851 		-20.5608 		39.8863
v 4.3522 		-9.5095 		38.1868
v 7.1017 		-23.5707 		32.0612
v -6.806 		-21.1633 		39.8893
v 7.0921 		-23.7062 		32.0912
v -0.8263 		-25.1976 		29.7349
v 7.1376 		-23.6896 		32.1516
v 7.8865 		-23.4153 		33.1464
v 7.092 		-23.7062 		32.091
v -6.4881 		-21.7462 		39.8403
v -6.0582 		-20.1321 		40.919
v -2.1772 		-25.0552 		29.975
v 7.0966 		-23.7373 		32.093
v 0.9272 		-7.1854 		36.3683
v -6.0571 		-20.2698 		40.9418
v -6.1036 		-20.2868 		40.8799
v 1.8057 		-24.9641 		37.6318
v -5.6988 		-23.1883 		38.5128
v -6.0568 		-20.2695 		40.942
v 5.0343 		-9.7175 		37.6336
v -6.0635 		-20.2985 		40.9517
v 1.8753 		-25.0349 		37.4177
v -5.229 		-22.9202 		39.4438
v 4.9621 		-11.1286 		39.281
v 7.0375 		-23.7194 		32.0396
v -7.8803 		-21.1714 		37.3094
v 1.9001 		-25.1056 		37.1929
v -4.7204 		-23.6996 		38.3275
v 5.774 		-11.3762 		38.6218
v -5.0186 		-19.8769 		41.8998
v 7.8063 		-23.9447 		33.362
v 1.8809 		-25.1758 		36.9667
v -4.3263 		-23.4753 		39.1091
v -7.8778 		-21.3101 		37.3351
v -1.9835 		-25.3868 		30.5985
v -7.8838 		-21.3312 		37.2668
v 1.8164 		-25.2428 		36.7445
v -3.7869 		-23.2769 		39.8257
v 6.9799 		-24.2465 		32.2641
v -7.8855 		-21.338 		37.3413
v -5.0717 		-20.0302 		41.8718
v -6.0027 		-20.2564 		40.9931
v -5.0185 		-20.0172 		41.922
v 1.7095 		-25.3034 		36.5334
v -7.5106 		-20.7894 		38.5884
v -5.0237 		-20.0435 		41.9317
v -3.2768 		-23.9849 		38.695
v 6.6666 		-24.6895 		32.5639
v -7.8778 		-21.3102 		37.3354
v -7.5084 		-20.9272 		38.6132
v 1.564 		-25.3558 		36.3401
v -7.5283 		-20.9479 		38.5444
v -7.8581 		-21.29 		37.4035
v -1.7149 		-25.617 		31.4017
v -2.8572 		-23.8311 		39.2528
v 1.7039 		-6.9938 		34.8501
v -3.8113 		-19.6824 		42.716
v -7.5082 		-20.9268 		38.6135
v 1.9163 		-7.0416 		34.733
v -7.5159 		-20.9558 		38.6211
v -5.0184 		-20.0172 		41.9221
v 1.4333 		-7.2141 		36.3582
v 6.1668 		-25.0498 		32.9846
v -4.954 		-20.0069 		41.9657
v -3.8121 		-19.8229 		42.7376
v -3.8739 		-19.8329 		42.6959
v 1.9247 		-7.2661 		36.2705
v -7.4761 		-20.9085 		38.677
v -3.8164 		-19.849 		42.7479
v -2.8648 		-22.3403 		41.6745
v 2.3877 		-7.3409 		36.1086
v 7.8233 		-18.371 		40.0871
v -2.3425 		-22.9881 		40.9802
v -7.7743 		-21.8847 		37.4324
v -7.4109 		-21.508 		38.6923
v 2.8065 		-7.4341 		35.8771
v -3.8121 		-19.8229 		42.7377
v -1.4824 		-22.906 		41.3832
v -1.909 		-9.1557 		38.3101
v -3.7406 		-19.816 		42.7711
v 4.6194 		-24.6239 		37.9256
v 3.1692 		-7.5443 		35.583
v -0.5629 		-22.8671 		41.6524
v -1.0488 		-9.0724 		38.713
v -0.1294 		-9.0346 		38.9823
v 4.691 		-24.8295 		37.2809
v -5.9797 		-20.8612 		40.988
v -7.4119 		-22.4343 		37.4958
v -4.9568 		-20.6097 		41.9534
v 3.4644 		-7.6686 		35.2342
v -7.0649 		-22.0749 		38.6982
v -0.0505 		-25.6918 		34.5379
v -3.7677 		-20.418 		42.7573
v 3.2888 		-24.8725 		37.6893
v -0.5427 		-25.6398 		34.6253
v 3.3385 		-25.0138 		37.2479
v -6.8085 		-22.9721 		37.5295
v -1.0047 		-25.5653 		34.7866
v 7.8538 		-20.9189 		40.6452
v 3.2995 		-25.1512 		36.8019
v -6.4881 		-22.6415 		38.6376
v 7.8435 		-21.0579 		40.6685
v 7.7988 		-21.0392 		40.7211
v 7.8436 		-21.0578 		40.6682
v -1.4237 		-25.4718 		35.0189
v 7.8486 		-21.0855 		40.677
v -2.3379 		-23.704 		39.7432
v -4.7231 		-21.2188 		41.8098
v -1.7863 		-25.3616 		35.313
v -1.7337 		-23.6063 		40.1509
v -3.5887 		-21.0354 		42.5767
v 7.8775 		-21.0784 		40.6077
v -7.7846 		-19.0163 		35.5175
v 7.721 		-21.6361 		40.7175
v -4.3296 		-21.8522 		41.5049
v 7.3734 		-23.0924 		39.4277
v -1.4692 		-24.243 		38.9321
v 2.1007 		-7.0975 		34.5836
v -1.0559 		-24.1764 		39.2116
v 2.251 		-7.1599 		34.4067
v 1.4502 		-25.7046 		34.7386
v 2.3616 		-7.2281 		34.208
v -2.5001 		-10.7064 		39.4285
v 2.4314 		-7.2991 		33.993
v 8.4547 		-18.7557 		38.9604
v 0.9606 		-25.7252 		34.5951
v 2.456 		-7.3707 		33.7693
v -1.4746 		-10.608 		39.9088
v 2.4368 		-7.4398 		33.5429
v 6.0714 		-23.2873 		40.088
v 8.8471 		-19.1571 		37.7433
v 2.3724 		-7.5068 		33.3206
v 0.4556 		-25.7205 		34.5277
v 2.2655 		-7.5674 		33.1095
v -0.3792 		-10.5621 		40.2296
v -2.3464 		-17.0268 		42.7438
v 6.5628 		-23.5874 		39.2114
v 5.1558 		-23.7831 		39.6491
v 0.9409 		-25.4565 		35.9191
v 5.5681 		-24.0346 		38.9136
v 0.6929 		-25.4676 		35.8464
v 0.4366 		-25.4646 		35.8122
v -1.8482 		-8.0876 		36.7279
v -1.2442 		-7.9897 		37.1364
v 3.6834 		-7.803 		34.8431
v 3.8195 		-7.9416 		34.4206
v -0.5745 		-7.925 		37.4499
v -0.4531 		-25.8359 		32.1967
v 3.8692 		-8.0829 		33.9792
v 0.1403 		-7.8955 		37.6589
v 3.8303 		-8.2203 		33.5333
v -1.064 		-23.5428 		40.4646
v -0.3494 		-23.513 		40.6744
v 0.8795 		-7.9017 		37.7582
v 1.9305 		-25.8405 		33.6118
v 0.39 		-23.5194 		40.7729
v 1.2148 		-25.87 		33.4026
v -0.5981 		-24.1323 		39.4261
v 0.4764 		-25.8638 		33.3035
v -0.1094 		-24.1127 		39.5695
v 7.7186 		-23.4451 		38.3569
v 0.3965 		-24.1163 		39.637
v 7.8439 		-23.8012 		37.2403
v 4.1569 		-8.4269 		36.6094
v -0.2638 		-25.8218 		33.3181
v -1.9564 		-7.8935 		33.6474
v -1.9068 		-8.0335 		33.2066
v 4.5883 		-8.6079 		36.101
v 4.909 		-8.8038 		35.5286
v -1.9174 		-7.755 		34.0932
v 5.1088 		-9.0073 		34.9111
v -0.9832 		-25.7451 		33.446
v -1.5515 		-8.3066 		32.3923
v -5.0314 		-24.2047 		36.6664
v 8.495 		-21.3092 		39.501
v -1.7705 		-8.1734 		32.7836
v 5.1807 		-9.2131 		34.2656
v 6.8683 		-23.8995 		38.2648
v -4.9585 		-23.9454 		37.5048
v 8.4842 		-21.4478 		39.5252
v 8.4508 		-21.4274 		39.5849
v 8.4843 		-21.4477 		39.5249
v 6.9789 		-24.2147 		37.2769
v 8.4899 		-21.4759 		39.5329
v 8.8941 		-21.7165 		38.265
v -0.9383 		-16.9684 		43.1563
v 5.8242 		-24.2961 		38.1196
v 5.9172 		-24.5602 		37.291
v 8.8829 		-21.8545 		38.2902
v 8.8619 		-21.8329 		38.3553
v 0.6875 		-21.598 		28.6398
v 8.8829 		-21.8543 		38.2898
v 8.8889 		-21.8832 		38.2969
v 8.5053 		-21.469 		39.4597
v -3.8256 		-24.5525 		36.7959
v 5.5893 		-9.9507 		36.979
v -3.2788 		-8.7342 		34.4331
v -3.7682 		-24.3508 		37.4476
v 6.0017 		-10.2011 		36.2434
v -3.0934 		-8.5433 		35.0723
v 3.1734 		-25.282 		36.3645
v 6.2578 		-10.4626 		35.4493
v -3.583 		-24.1597 		38.0876
v 2.9634 		-25.4014 		35.9491
v 8.8906 		-21.8761 		38.2219
v 6.3509 		-10.728 		34.6201
v -4.5979 		-10.3712 		33.9962
v 2.6766 		-25.5062 		35.5671
v 6.4361 		-11.6534 		37.842
v -4.525 		-10.113 		34.8347
v 8.3523 		-22.0208 		39.5907
v 2.3204 		-25.5939 		35.2323
v -2.4871 		-24.8244 		36.916
v 6.9275 		-11.9535 		36.9654
v -7.6428 		-19.4218 		34.2473
v -2.4483 		-24.6856 		37.3626
v 1.908 		-25.6604 		34.9531
v 7.233 		-12.2656 		36.0188
v 8.7447 		-22.4212 		38.3735
v 7.3437 		-12.5797 		35.0307
v 7.9763 		-22.5642 		39.5551
v 8.3505 		-22.9471 		38.3942
v -2.4727 		-19.5531 		43.3428
v 8.4868 		-23.334 		37.1819
v -3.3359 		-8.9361 		33.7806
v -3.2634 		-9.1416 		33.1361
v -3.0643 		-9.3454 		32.5176
v -2.4746 		-19.6938 		43.3639
v -2.543 		-19.7004 		43.3319
v -2.4779 		-19.7198 		43.3746
v -4.5057 		-10.6353 		33.1674
v -4.9393 		-24.4688 		35.8376
v -4.6824 		-24.7303 		35.0438
v 8.9897 		-19.5625 		36.4733
v -2.4746 		-19.6938 		43.3639
v -2.3983 		-19.6907 		43.3863
v 8.877 		-19.9592 		35.1887
v 3.2055 		-12.6483 		41.2882
v -3.7529 		-24.7583 		36.1506
v -4.2487 		-10.8981 		32.3729
v -3.5539 		-24.9618 		35.5329
v 4.3763 		-12.8358 		40.8782
v -2.4488 		-20.2908 		43.3739
v 5.4364 		-13.0736 		40.2911
v -2.3299 		-20.9148 		43.1655
v -2.4376 		-24.9644 		36.4752
v -2.0822 		-25.2375 		35.6609
v 6.3548 		-13.3538 		39.5454
v -3.2843 		-21.6823 		42.2122
v -0.311 		-7.0773 		34.2608
v -2.3013 		-25.1043 		36.0522
v -0.1654 		-7.0238 		34.4538
v -2.1252 		-21.5718 		42.7547
v -1.7906 		-7.6239 		34.5315
v 2.1426 		-21.6105 		28.8342
v -1.5806 		-7.5045 		34.947
v 4.6111 		-15.0274 		41.8226
v 4.6339 		-25.0314 		36.6284
v 5.762 		-15.2853 		41.1854
v -1.8393 		-22.2419 		42.1548
v -1.2936 		-7.4 		35.3281
v 6.7584 		-15.5888 		40.3769
v 4.4493 		-25.2222 		35.9894
v -0.9385 		-7.312 		35.6635
v 7.5699 		-15.9296 		39.4201
v -2.3214 		-24.5548 		37.8001
v -2.1114 		-24.4354 		38.2156
v -0.5251 		-7.2455 		35.943
v 4.1424 		-25.3973 		35.381
v -7.9948 		-21.5738 		36.005
v -1.8245 		-24.3306 		38.5976
v -1.0425 		-19.4938 		43.7617
v -1.0374 		-24.9398 		37.2512
v -1.0455 		-19.6348 		43.7826
v 3.7227 		-25.5509 		34.824
v -1.1183 		-19.6376 		43.7612
v -7.9921 		-21.7121 		36.0317
v -7.9845 		-21.7337 		35.9635
v -1.0476 		-19.6605 		43.7936
v -0.9738 		-24.8728 		37.4733
v -8 		-21.7405 		36.0369
v -0.8669 		-24.8123 		37.6844
v -0.9666 		-19.6354 		43.7931
v -0.7216 		-24.7596 		37.8785
v -7.9922 		-21.7122 		36.0321
v -7.9861 		-21.6908 		36.1013
v -1.0406 		-20.2324 		43.7865
v 5.4947 		-25.3187 		33.5123
v 9.0384 		-22.1279 		36.975
v -7.887 		-22.2814 		36.1479
v 7.1031 		-13.6672 		38.6639
v 5.2112 		-25.2907 		34.8484
v 7.6583 		-14.0051 		37.673
v -7.519 		-22.8128 		36.27
v 4.6718 		-25.488 		34.1316
v -0.9865 		-20.8589 		43.5593
v 8.0033 		-14.3587 		36.6032
v 9.0271 		-22.2654 		37.0017
v 9.0195 		-22.2439 		37.0694
v 4.004 		-25.6516 		33.5016
v -6.9076 		-23.3215 		36.4001
v 9.0331 		-22.2943 		37.0077
v -0.5406 		-24.7146 		38.0485
v -0.8865 		-21.5201 		43.1178
v -0.7383 		-25.5189 		30.3766
v -0.3309 		-24.6814 		38.1902
v 3.2283 		-25.7768 		32.9772
v 0.5207 		-25.7984 		31.1838
v 8.9239 		-22.5314 		35.6708
v -0.0985 		-24.6589 		38.2995
v -0.7439 		-22.196 		42.4756
v -0.6129 		-25.7336 		31.2061
v 9.0271 		-22.2659 		37.0013
v 9.021 		-22.2874 		36.932
v 3.2033 		-25.678 		34.3336
v 8.9127 		-22.6689 		35.6987
v 8.9187 		-22.648 		35.7664
v 0.1497 		-24.6481 		38.3714
v 2.5993 		-25.7759 		33.9251
v 0.4979 		-25.8889 		32.1777
v 0.4059 		-24.6508 		38.4064
v 0.5167 		-16.9809 		43.3508
v 2.1201 		-7.6211 		32.9157
v 8.9185 		-22.6978 		35.7035
v 0.0153 		-6.9796 		34.6248
v 0.2251 		-6.9454 		34.7664
v 0.6638 		-24.6655 		38.4011
v 0.4576 		-6.9231 		34.8748
v -6.0693 		-23.7901 		36.5332
v 0.7056 		-6.9131 		34.9478
v 3.2073 		-8.5753 		32.2985
v 0.962 		-6.915 		34.9818
v 1.2197 		-6.9294 		34.9773
v -5.9822 		-23.4808 		37.5325
v 1.4694 		-6.9563 		34.9331
v 8.9126 		-22.6694 		35.6982
v 0.9135 		-24.6912 		38.3567
v 2.8514 		-8.6632 		31.9629
v 0.6082 		-24.1953 		29.0207
v 8.8929 		-22.6897 		35.6301
v 3.5507 		-21.5521 		29.2468
v 0.6039 		-24.3308 		29.0533
v 0.6852 		-24.3316 		29.0642
v 8.8874 		-22.8266 		37.1035
v 0.603 		-24.363 		29.0527
v -7.8505 		-21.9852 		34.715
v 8.7747 		-23.2233 		35.8189
v -7.8556 		-22.1011 		34.8114
v -7.848 		-22.123 		34.7431
v -7.8479 		-22.1228 		34.7427
v 1.9744 		-17.0624 		43.3226
v -7.8557 		-22.1519 		34.7469
v 3.3905 		-17.2134 		43.0712
v -7.8267 		-22.1445 		34.6773
v -0.5016 		-7.274 		33.601
v -0.4767 		-7.3458 		33.3765
v 0.6038 		-24.3309 		29.0533
v -0.4815 		-7.2038 		33.8274
v 0.5256 		-24.3264 		29.0549
v -0.4179 		-7.1379 		34.0497
v -7.7451 		-22.6858 		34.8775
v -1.0575 		-25.0101 		37.0248
v -1.0329 		-25.0816 		36.8011
v 0.0382 		-7.6031 		32.6373
v 0.5852 		-24.8631 		29.2702
v -0.1462 		-7.5472 		32.7867
v -0.2957 		-7.4837 		32.9636
v -0.4072 		-7.4166 		33.1623
v -7.3837 		-23.1996 		35.0584
v -0.3054 		-25.3858 		35.9438
v 0.5652 		-25.277 		29.7073
v -0.5177 		-25.3391 		36.0611
v -7.0085 		-23.5827 		33.8968
v 0.5429 		-25.5914 		30.3517
v -0.7022 		-25.2832 		36.2105
v -0.8516 		-25.2197 		36.3874
v 2.0804 		-24.3457 		29.2513
v 2.1513 		-24.3426 		29.272
v -6.437 		-24.0303 		34.2126
v -0.9631 		-25.1516 		36.5859
v 2.0807 		-24.3743 		29.2509
v 2.001 		-24.345 		29.2406
v 2.0402 		-24.8756 		29.4646
v 1.9533 		-25.2888 		29.8934
v 1.8229 		-25.6027 		30.5226
v 1.6526 		-25.8076 		31.335
v 1.4478 		-25.8978 		32.3049
v 6.0585 		-21.233 		30.6682
v 4.8694 		-21.4257 		29.8645
v 1.5224 		-22.2699 		42.6046
v 0.387 		-22.876 		41.7796
v 2.2627 		-23.027 		41.5966
v 0.9842 		-7.0981 		33.6419
v 0.4198 		-25.1041 		37.1183
v -5.6717 		-13.2519 		37.9361
v -4.9449 		-12.9853 		38.902
# 795 vertices

g group_2_14860437

usemtl color_14860437
s 0

f 1518 	743 	1519
f 779 	749 	751
f 779 	785 	749
f 785 	753 	749
f 762 	765 	745
f 766 	753 	785
f 771 	763 	760
f 765 	752 	745
f 769 	766 	785
f 765 	781 	752
f 769 	772 	766
f 795 	771 	760
f 773 	767 	763
f 770 	774 	764
f 1536 	766 	772
f 773 	763 	771
f 773 	1381 	767
f 768 	1015 	769
f 1015 	1017 	769
f 759 	862 	762
f 1017 	772 	769
f 809 	773 	771
f 765 	762 	797
f 775 	778 	770
f 778 	774 	770
f 779 	751 	782
f 783 	790 	1479
f 784 	789 	780
f 754 	782 	751
f 789 	784 	796
f 793 	792 	782
f 798 	794 	791
f 792 	779 	782
f 787 	795 	760
f 768 	785 	779
f 1448 	796 	784
f 794 	795 	787
f 792 	768 	779
f 768 	769 	785
f 798 	791 	822
f 797 	799 	765
f 1296 	796 	1448
f 800 	795 	794
f 778 	1084 	774
f 1254 	792 	793
f 817 	799 	797
f 1254 	793 	1356
f 798 	800 	794
f 781 	765 	799
f 800 	804 	795
f 783 	781 	803
f 1009 	768 	792
f 799 	803 	781
f 853 	1356 	793
f 805 	801 	806
f 801 	805 	807
f 807 	819 	801
f 771 	795 	804
f 790 	783 	832
f 804 	809 	771
f 754 	773 	809
f 803 	832 	783
f 811 	756 	755
f 812 	802 	808
f 995 	999 	798
f 807 	805 	810
f 811 	814 	756
f 810 	805 	806
f 829 	848 	813
f 798 	999 	800
f 830 	812 	808
f 815 	818 	811
f 743 	801 	819
f 816 	820 	809
f 816 	804 	813
f 818 	814 	811
f 804 	816 	809
f 819 	807 	810
f 799 	842 	803
f 809 	820 	754
f 1246 	823 	821
f 782 	754 	820
f 822 	995 	798
f 1239 	1246 	821
f 827 	1525 	824
f 826 	830 	808
f 830 	1382 	812
f 830 	837 	838
f 832 	835 	790
f 843 	832 	803
f 837 	830 	826
f 840 	830 	838
f 1382 	830 	840
f 838 	837 	840
f 1382 	1374 	812
f 758 	922 	761
f 841 	828 	836
f 817 	842 	799
f 894 	842 	817
f 789 	839 	780
f 789 	1527 	839
f 842 	843 	803
f 844 	835 	832
f 1250 	826 	823
f 1246 	1250 	823
f 843 	844 	832
f 1388 	837 	826
f 813 	999 	829
f 1507 	845 	1314
f 932 	834 	831
f 847 	849 	780
f 855 	854 	846
f 780 	839 	912
f 841 	836 	760
f 813 	848 	816
f 896 	843 	842
f 848 	853 	816
f 1424 	855 	846
f 849 	851 	784
f 899 	844 	843
f 763 	845 	841
f 896 	899 	843
f 853 	820 	816
f 846 	854 	857
f 1448 	784 	851
f 760 	763 	841
f 793 	782 	820
f 763 	767 	845
f 853 	793 	820
f 784 	780 	849
f 767 	1314 	845
f 854 	855 	858
f 856 	802 	850
f 854 	858 	857
f 859 	862 	759
f 808 	802 	856
f 857 	868 	846
f 797 	762 	862
f 864 	889 	888
f 873 	864 	874
f 868 	857 	858
f 888 	884 	864
f 865 	758 	829
f 864 	873 	876
f 876 	889 	864
f 874 	878 	873
f 872 	879 	859
f 876 	873 	878
f 881 	863 	861
f 880 	852 	875
f 879 	862 	859
f 797 	862 	882
f 879 	882 	862
f 883 	866 	863
f 817 	797 	882
f 881 	883 	863
f 829 	825 	865
f 883 	886 	866
f 1018 	865 	825
f 885 	997 	877
f 872 	934 	879
f 887 	884 	888
f 758 	848 	829
f 931 	934 	872
f 761 	853 	848
f 758 	761 	848
f 886 	867 	866
f 884 	887 	890
f 936 	882 	879
f 889 	876 	878
f 888 	889 	878
f 878 	892 	888
f 886 	831 	867
f 865 	911 	758
f 891 	893 	885
f 906 	892 	878
f 887 	888 	892
f 831 	869 	867
f 893 	997 	885
f 834 	871 	869
f 887 	892 	890
f 831 	834 	869
f 896 	842 	894
f 865 	964 	911
f 836 	828 	871
f 880 	856 	852
f 908 	896 	894
f 834 	836 	871
f 806 	801 	884
f 905 	908 	894
f 880 	808 	856
f 884 	898 	806
f 890 	898 	884
f 915 	901 	897
f 806 	898 	892
f 892 	810 	806
f 910 	915 	897
f 1029 	964 	1018
f 892 	898 	890
f 923 	926 	883
f 964 	865 	1018
f 1154 	903 	878
f 880 	826 	808
f 903 	1154 	1180
f 903 	906 	878
f 912 	906 	903
f 907 	895 	747
f 847 	912 	903
f 821 	875 	870
f 883 	881 	923
f 904 	907 	747
f 824 	810 	892
f 920 	923 	881
f 907 	910 	895
f 906 	824 	892
f 823 	875 	821
f 896 	909 	899
f 903 	1180 	847
f 883 	926 	886
f 875 	823 	880
f 896 	908 	909
f 895 	910 	897
f 913 	911 	914
f 823 	826 	880
f 827 	824 	906
f 911 	913 	916
f 916 	933 	911
f 912 	827 	906
f 913 	914 	918
f 780 	912 	847
f 916 	913 	918
f 790 	920 	757
f 839 	827 	912
f 835 	920 	790
f 920 	881 	757
f 911 	922 	758
f 755 	893 	1531
f 924 	922 	925
f 922 	911 	933
f 933 	925 	922
f 922 	924 	928
f 928 	935 	922
f 924 	925 	929
f 930 	831 	886
f 886 	926 	930
f 924 	929 	928
f 932 	831 	930
f 744 	1070 	904
f 932 	787 	834
f 933 	916 	918
f 925 	933 	918
f 918 	929 	925
f 936 	879 	934
f 907 	904 	1074
f 904 	1070 	1074
f 787 	932 	794
f 787 	836 	834
f 929 	935 	928
f 836 	787 	760
f 1327 	915 	910
f 939 	929 	918
f 937 	939 	918
f 835 	948 	920
f 948 	923 	920
f 940 	931 	927
f 942 	934 	931
f 940 	942 	931
f 951 	926 	923
f 948 	951 	923
f 944 	936 	934
f 943 	1514 	937
f 942 	944 	934
f 955 	930 	926
f 1514 	939 	937
f 930 	791 	932
f 791 	794 	932
f 868 	950 	946
f 949 	946 	950
f 946 	846 	868
f 946 	949 	952
f 952 	977 	946
f 902 	833 	1033
f 750 	1520 	947
f 949 	950 	953
f 952 	949 	953
f 954 	817 	882
f 955 	926 	951
f 956 	947 	1012
f 936 	954 	882
f 915 	957 	901
f 894 	817 	954
f 953 	950 	868
f 868 	858 	953
f 959 	936 	944
f 957 	941 	901
f 944 	1087 	959
f 833 	958 	1033
f 947 	956 	750
f 961 	945 	941
f 812 	956 	802
f 959 	954 	936
f 959 	905 	954
f 812 	1374 	956
f 976 	958 	962
f 962 	958 	963
f 955 	791 	930
f 905 	894 	954
f 844 	965 	835
f 957 	961 	941
f 961 	966 	945
f 967 	962 	963
f 968 	960 	969
f 969 	960 	977
f 960 	946 	977
f 965 	948 	835
f 1083 	1087 	944
f 970 	951 	948
f 960 	968 	971
f 980 	960 	971
f 965 	970 	948
f 968 	969 	973
f 970 	972 	951
f 1040 	1033 	958
f 958 	976 	978
f 971 	968 	973
f 974 	964 	975
f 938 	942 	940
f 979 	974 	975
f 972 	955 	951
f 967 	978 	976
f 976 	962 	967
f 972 	822 	955
f 977 	952 	953
f 953 	973 	977
f 977 	973 	969
f 983 	914 	911
f 982 	964 	974
f 973 	1051 	980
f 955 	822 	791
f 983 	964 	982
f 980 	971 	973
f 911 	964 	983
f 984 	953 	858
f 981 	1063 	967
f 982 	974 	979
f 1034 	970 	965
f 983 	982 	979
f 914 	983 	979
f 979 	918 	914
f 877 	984 	858
f 984 	987 	953
f 970 	1038 	972
f 987 	973 	953
f 909 	908 	1482
f 990 	822 	972
f 1463 	957 	915
f 915 	1327 	1463
f 937 	979 	986
f 991 	998 	985
f 995 	822 	990
f 996 	940 	927
f 995 	990 	1016
f 998 	989 	985
f 937 	918 	979
f 877 	997 	984
f 984 	1002 	987
f 813 	804 	800
f 999 	813 	800
f 994 	993 	1272
f 997 	1002 	984
f 992 	1304 	1001
f 1005 	992 	1001
f 937 	986 	943
f 1003 	943 	986
f 1073 	992 	1005
f 997 	1008 	1002
f 893 	1008 	997
f 1000 	850 	1012
f 991 	1019 	998
f 1012 	1003 	1000
f 1014 	1005 	1001
f 947 	943 	1003
f 1002 	1008 	991
f 1012 	947 	1003
f 1011 	1014 	1001
f 802 	1012 	850
f 1015 	768 	1009
f 755 	1008 	893
f 802 	956 	1012
f 1018 	825 	1016
f 1013 	1016 	990
f 825 	995 	1016
f 991 	756 	1019
f 1068 	772 	1017
f 1019 	1021 	998
f 1010 	1007 	747
f 825 	999 	995
f 1399 	1404 	1011
f 825 	829 	999
f 1011 	1404 	1014
f 1037 	1020 	1494
f 958 	833 	1020
f 1019 	756 	814
f 1037 	958 	1020
f 1019 	814 	1024
f 1494 	960 	1037
f 1024 	1021 	1019
f 1123 	938 	1023
f 1026 	1023 	1027
f 1118 	1024 	814
f 1023 	1026 	1028
f 899 	1031 	844
f 1031 	965 	844
f 1018 	921 	1029
f 1026 	1027 	1032
f 1031 	1034 	965
f 1036 	921 	919
f 1038 	970 	1034
f 1032 	1028 	1026
f 1039 	1033 	1040
f 958 	978 	1040
f 1006 	1038 	1034
f 1053 	1055 	1033
f 1041 	1029 	1042
f 1059 	1006 	1034
f 1044 	1036 	1046
f 1043 	1039 	1040
f 1038 	990 	972
f 1047 	1037 	1048
f 960 	980 	1048
f 1048 	1037 	960
f 1041 	1042 	1045
f 1130 	1123 	1023
f 1023 	1049 	1130
f 1006 	1013 	1038
f 1028 	1049 	1023
f 975 	964 	1029
f 1013 	990 	1038
f 1040 	967 	1043
f 1040 	978 	967
f 1064 	1085 	1030
f 1032 	1135 	1130
f 1130 	1049 	1032
f 1048 	980 	1051
f 1085 	1035 	1030
f 1049 	1028 	1032
f 1058 	1029 	1056
f 909 	1052 	899
f 1033 	1039 	1053
f 1047 	1048 	1051
f 1029 	1058 	975
f 1052 	1031 	899
f 1054 	1025 	1022
f 1029 	1041 	1056
f 1053 	1039 	1043
f 1052 	1059 	1031
f 1060 	1062 	1037
f 1035 	1054 	1022
f 1055 	1053 	1043
f 963 	958 	1037
f 1004 	1025 	1054
f 1058 	1056 	1045
f 1056 	1041 	1045
f 975 	1058 	1045
f 1045 	979 	975
f 1060 	1037 	1047
f 1031 	1059 	1034
f 1037 	1062 	963
f 967 	1063 	1043
f 979 	1045 	986
f 1062 	1060 	1051
f 1060 	1047 	1051
f 1045 	1061 	986
f 1066 	1069 	1057
f 1051 	967 	963
f 963 	1062 	1051
f 987 	1065 	973
f 1000 	1003 	1061
f 1050 	1044 	1046
f 1003 	986 	1061
f 1065 	1051 	973
f 1067 	1063 	981
f 1051 	1065 	981
f 981 	989 	1067
f 1332 	1059 	1052
f 1067 	1071 	1063
f 989 	981 	1065
f 921 	1036 	1029
f 1070 	744 	1068
f 1072 	1036 	1044
f 967 	1051 	981
f 992 	1073 	988
f 987 	1002 	985
f 1042 	1029 	1036
f 1036 	1075 	1042
f 1396 	1052 	909
f 1073 	1066 	988
f 991 	985 	1002
f 1072 	1075 	1036
f 1050 	1075 	1072
f 1072 	1044 	1050
f 1076 	1069 	1066
f 987 	985 	1065
f 1332 	1052 	1396
f 1050 	1045 	1042
f 1042 	1075 	1050
f 1073 	1076 	1066
f 989 	1065 	985
f 1067 	989 	1077
f 917 	1006 	1059
f 1078 	1061 	1050
f 989 	998 	1077
f 1077 	1079 	1067
f 919 	1013 	1006
f 917 	919 	1006
f 1045 	1050 	1061
f 919 	921 	1013
f 1076 	1073 	1080
f 921 	1016 	1013
f 1005 	1080 	1073
f 1079 	1071 	1067
f 1018 	1016 	921
f 1167 	1186 	1009
f 1078 	1081 	1000
f 1076 	1080 	1429
f 998 	1021 	1077
f 850 	1000 	1081
f 1021 	1271 	1077
f 1000 	1061 	1078
f 944 	942 	1083
f 815 	774 	1084
f 938 	1083 	942
f 1124 	1017 	1015
f 815 	1084 	1088
f 850 	1081 	1082
f 852 	856 	1082
f 856 	850 	1082
f 1094 	1089 	1086
f 1092 	1094 	1086
f 1093 	1101 	917
f 1095 	1089 	1094
f 1096 	1093 	1097
f 775 	1478 	778
f 1095 	1090 	1089
f 1098 	1084 	778
f 1095 	1100 	1090
f 1096 	1097 	1099
f 1101 	919 	917
f 1123 	1083 	938
f 919 	1101 	1036
f 1009 	1186 	1015
f 1102 	1084 	1098
f 1035 	1007 	1054
f 1122 	1101 	1103
f 1103 	1101 	1104
f 1093 	1117 	1104
f 1104 	1101 	1093
f 1088 	1084 	1102
f 941 	945 	1092
f 1102 	1105 	1088
f 1107 	1103 	1104
f 1092 	945 	1094
f 1085 	1007 	1035
f 1054 	1010 	1004
f 1105 	1091 	1088
f 1007 	1010 	1054
f 766 	1064 	753
f 1105 	1108 	1091
f 1536 	1085 	1064
f 1085 	1537 	1007
f 1087 	1144 	864
f 1536 	1537 	1085
f 1115 	1093 	1096
f 1117 	1093 	1115
f 1115 	1096 	1099
f 814 	818 	1118
f 1104 	1117 	1099
f 1099 	1107 	1104
f 1117 	1115 	1099
f 1118 	1139 	1121
f 1137 	1143 	1116
f 1074 	1070 	1198
f 1116 	1143 	1119
f 1120 	1110 	1109
f 1122 	1125 	1101
f 1124 	1015 	1186
f 1120 	1127 	1110
f 1046 	1036 	1101
f 1101 	1125 	1046
f 1129 	1123 	1130
f 1122 	1103 	1107
f 1128 	1124 	1131
f 815 	1088 	818
f 1124 	1128 	1132
f 1132 	1142 	1124
f 1123 	1129 	1133
f 1107 	1050 	1046
f 1046 	1125 	1107
f 1125 	1122 	1107
f 1124 	1152 	1017
f 1111 	1090 	1113
f 1088 	1091 	818
f 1090 	1111 	1089
f 818 	1091 	1118
f 1135 	1133 	1129
f 1129 	1130 	1135
f 1138 	1107 	1099
f 1136 	1132 	1128
f 1128 	1131 	1136
f 1137 	1116 	1113
f 1139 	1118 	1091
f 1090 	1137 	1113
f 1140 	1127 	1120
f 1138 	1099 	1134
f 1141 	1126 	1121
f 1144 	1087 	1083
f 1078 	1107 	1138
f 1157 	1152 	1124
f 1124 	1142 	1157
f 1083 	1123 	1144
f 1139 	1141 	1121
f 1100 	1137 	1090
f 1081 	1078 	1138
f 1179 	1140 	1120
f 1136 	1162 	1157
f 1142 	1132 	1136
f 1140 	1214 	1127
f 1107 	1078 	1050
f 1146 	1144 	1148
f 1149 	1148 	1123
f 1148 	1144 	1123
f 1133 	1149 	1123
f 1144 	1146 	1150
f 1108 	1139 	1091
f 1147 	1153 	1134
f 1149 	1133 	1135
f 1152 	1068 	1017
f 1148 	1149 	1135
f 1135 	1154 	1148
f 1139 	1158 	1141
f 1106 	1145 	1151
f 1137 	1100 	1165
f 1183 	1182 	1171
f 1154 	1135 	1180
f 1242 	1109 	1232
f 1146 	1148 	1154
f 1152 	1157 	1156
f 1108 	1158 	1139
f 1150 	1146 	1154
f 1156 	1160 	1152
f 1156 	1162 	1160
f 1143 	1161 	1119
f 1109 	1110 	1151
f 1144 	1166 	874
f 874 	864 	1144
f 1164 	1109 	1242
f 1162 	1156 	1157
f 1106 	1151 	1110
f 1150 	1166 	1144
f 1138 	1134 	1153
f 1120 	1109 	1164
f 1137 	1165 	1143
f 1157 	1142 	1136
f 1081 	1138 	1153
f 1170 	1143 	1165
f 1171 	1068 	1152
f 1154 	1166 	1150
f 874 	1166 	1154
f 1154 	878 	874
f 1057 	1172 	1032
f 1174 	1164 	1159
f 1171 	1070 	1068
f 1135 	1032 	1172
f 1170 	1161 	1143
f 1198 	1070 	1171
f 1446 	1176 	1147
f 1167 	1177 	1175
f 1169 	1174 	1159
f 1174 	1179 	1164
f 1198 	1171 	1205
f 1176 	1153 	1147
f 1180 	1135 	1172
f 1171 	1152 	1183
f 1184 	1202 	1171
f 1171 	1182 	1184
f 1160 	1183 	1152
f 1383 	1385 	1100
f 1178 	1241 	1173
f 1175 	1177 	1181
f 1120 	1164 	1179
f 1205 	1171 	1202
f 1183 	1160 	1162
f 1182 	1183 	1162
f 1162 	1187 	1182
f 1082 	1153 	1176
f 1069 	1172 	1057
f 1190 	1167 	1175
f 1189 	1180 	1172
f 852 	1082 	1176
f 1153 	1082 	1081
f 1188 	1174 	1169
f 1191 	1186 	1193
f 1186 	1167 	1194
f 1194 	1193 	1186
f 1196 	1179 	1174
f 1184 	1182 	1187
f 1190 	1194 	1167
f 1069 	1189 	1172
f 1188 	1196 	1174
f 1180 	1189 	847
f 1186 	1191 	1199
f 1207 	1206 	1198
f 1186 	1209 	1131
f 1190 	1175 	1181
f 849 	847 	1189
f 1204 	849 	1189
f 1181 	1201 	1194
f 1194 	1201 	1193
f 1195 	852 	1176
f 1194 	1190 	1181
f 1192 	776 	1349
f 1076 	1204 	1069
f 875 	852 	1195
f 1198 	1205 	1207
f 1069 	1204 	1189
f 1201 	1199 	1191
f 1191 	1193 	1201
f 1195 	1453 	870
f 1199 	1209 	1186
f 1202 	1184 	1187
f 1131 	1124 	1186
f 1429 	1204 	1076
f 1210 	1207 	1205
f 1205 	1187 	1210
f 1208 	1474 	1203
f 1205 	1202 	1187
f 851 	849 	1204
f 1230 	1187 	1162
f 1201 	1136 	1131
f 1131 	1209 	1201
f 1209 	1199 	1201
f 1429 	851 	1204
f 1230 	1234 	1187
f 1291 	1295 	1114
f 1234 	1210 	1187
f 1206 	1207 	1210
f 1214 	1211 	1127
f 1218 	1198 	1206
f 1216 	1201 	1181
f 1217 	1200 	1197
f 1218 	1221 	1198
f 1216 	1181 	1215
f 1212 	1217 	1197
f 1145 	1201 	1216
f 1219 	1211 	1214
f 1223 	1200 	1217
f 1218 	1206 	1210
f 1151 	1145 	1216
f 1371 	1370 	1221
f 1221 	1218 	1210
f 1213 	902 	1240
f 1136 	1201 	1145
f 1136 	1228 	1162
f 1145 	1228 	1136
f 1222 	1237 	1227
f 1033 	1240 	902
f 875 	1195 	870
f 1259 	1200 	1223
f 1229 	1232 	1215
f 821 	870 	1313
f 1230 	1162 	1228
f 1248 	1251 	1140
f 1141 	1235 	1126
f 1215 	1232 	1216
f 1251 	1214 	1140
f 1235 	1222 	1126
f 1151 	1216 	1232
f 1236 	1239 	1313
f 1155 	1111 	1203
f 1237 	1222 	1235
f 1234 	1384 	1210
f 1294 	1224 	1219
f 1237 	1241 	1227
f 1111 	1113 	1203
f 1294 	1297 	1224
f 1203 	1113 	1208
f 1242 	1232 	1229
f 1243 	1240 	1244
f 1033 	1055 	1244
f 1244 	1240 	1033
f 1313 	1239 	821
f 1384 	1371 	1210
f 1240 	1243 	1245
f 1116 	1212 	1208
f 1238 	1242 	1229
f 1106 	1228 	1145
f 1113 	1116 	1208
f 1043 	1247 	1244
f 1244 	1055 	1043
f 1159 	1242 	1238
f 1249 	1230 	1228
f 1248 	1140 	1179
f 1243 	1244 	1247
f 1245 	1243 	1247
f 1141 	1163 	1235
f 1159 	1164 	1242
f 1179 	1196 	1248
f 1249 	1228 	1106
f 1109 	1151 	1232
f 1158 	1163 	1141
f 1249 	1252 	1230
f 1163 	1168 	1235
f 1217 	1305 	1223
f 1235 	1168 	1237
f 1245 	1253 	1240
f 1241 	1237 	1173
f 1475 	1159 	1238
f 1234 	1230 	1252
f 1168 	1173 	1237
f 1247 	1325 	1253
f 1253 	1245 	1247
f 1511 	1239 	1236
f 1255 	1247 	1043
f 1256 	1106 	1110
f 1063 	1255 	1043
f 1106 	1256 	1249
f 1092 	1086 	1226
f 1248 	1196 	1258
f 1079 	1257 	1071
f 1256 	1390 	1249
f 1260 	1251 	1248
f 1071 	1255 	1063
f 1211 	1390 	1256
f 1264 	1220 	1004
f 1257 	1079 	1278
f 1390 	1252 	1249
f 1010 	1264 	1004
f 1009 	792 	1254
f 1264 	1269 	1220
f 1256 	1110 	1127
f 1272 	993 	1266
f 1258 	1260 	1248
f 1260 	1299 	1251
f 1269 	1225 	1220
f 1211 	1256 	1127
f 1282 	1283 	1267
f 1277 	907 	1074
f 1226 	1225 	1276
f 1283 	1274 	1267
f 1271 	1079 	1077
f 1269 	1276 	1225
f 1277 	910 	907
f 1272 	1375 	994
f 1276 	1092 	1226
f 1271 	1278 	1079
f 1223 	1231 	1259
f 941 	1092 	1276
f 1319 	1257 	1278
f 996 	994 	1375
f 1259 	1231 	1261
f 1271 	1021 	1279
f 1024 	1279 	1021
f 1279 	1281 	1271
f 1287 	1265 	1263
f 897 	1269 	1264
f 1262 	1282 	1267
f 1281 	1278 	1271
f 897 	901 	1269
f 1290 	1268 	1265
f 901 	1276 	1269
f 1280 	1282 	1262
f 1287 	1290 	1265
f 941 	1276 	901
f 1274 	786 	1233
f 1283 	786 	1274
f 1118 	1121 	1024
f 1233 	788 	1236
f 1121 	1279 	1024
f 786 	788 	1233
f 1279 	1126 	1281
f 1121 	1126 	1279
f 1286 	1263 	1261
f 1231 	1286 	1261
f 1287 	1263 	1286
f 1225 	1288 	1285
f 1112 	1291 	1114
f 1289 	870 	1453
f 1290 	1292 	1268
f 1293 	1219 	1214
f 1251 	1293 	1214
f 1291 	1112 	1288
f 1292 	1270 	1268
f 1294 	1219 	1293
f 1114 	1295 	1155
f 1301 	1303 	1294
f 1303 	1297 	1294
f 1111 	1155 	1295
f 1296 	1298 	796
f 1266 	1326 	1272
f 1004 	1284 	1025
f 1004 	1220 	1284
f 1299 	1293 	1251
f 1220 	1285 	1284
f 1294 	1293 	1301
f 1225 	1285 	1220
f 759 	1292 	1290
f 1299 	1301 	1293
f 762 	745 	1292
f 1288 	1226 	1291
f 759 	762 	1292
f 1225 	1226 	1288
f 1116 	1119 	1212
f 1266 	1213 	1316
f 1291 	1226 	1086
f 1240 	1316 	1213
f 1086 	1295 	1291
f 775 	770 	1297
f 1212 	1119 	1217
f 1295 	1089 	1111
f 1303 	775 	1297
f 1217 	1119 	1305
f 1086 	1089 	1295
f 1300 	1306 	1461
f 1309 	1231 	1223
f 1305 	1309 	1223
f 1301 	1299 	1459
f 1411 	1167 	1254
f 1310 	1286 	1231
f 1306 	1289 	1461
f 1309 	1310 	1231
f 1310 	1312 	1286
f 1313 	1289 	1306
f 1340 	1343 	1310
f 1009 	1254 	1167
f 1312 	1287 	1286
f 1289 	1313 	870
f 1318 	1290 	1287
f 1321 	1316 	1322
f 1322 	1316 	1240
f 1508 	1314 	1317
f 1257 	1319 	1302
f 1316 	1321 	1323
f 1312 	1318 	1287
f 1074 	1364 	1277
f 1321 	1322 	1325
f 1324 	1304 	1302
f 759 	1290 	1318
f 1267 	1298 	1296
f 1323 	1321 	1325
f 1324 	1302 	1319
f 1267 	1296 	1262
f 1253 	1322 	1240
f 1267 	1274 	1298
f 1324 	1001 	1304
f 1324 	1319 	1329
f 1322 	1253 	1325
f 1274 	1300 	1298
f 1324 	1011 	1001
f 1366 	1307 	1308
f 1329 	1011 	1324
f 1306 	1300 	1233
f 1277 	1327 	910
f 1305 	1119 	1161
f 1326 	1266 	1316
f 1274 	1233 	1300
f 1281 	1328 	1278
f 1305 	1337 	1309
f 1356 	1411 	1254
f 1328 	1319 	1278
f 1236 	1313 	1306
f 1233 	1236 	1306
f 1310 	1309 	1340
f 1328 	1329 	1319
f 1335 	1331 	1316
f 1326 	1316 	1331
f 1331 	1330 	1326
f 1337 	1340 	1309
f 1326 	1330 	1333
f 1310 	1343 	1312
f 1347 	1318 	1312
f 1333 	1330 	1334
f 1334 	1330 	1331
f 1317 	1314 	1368
f 859 	759 	1318
f 1323 	1335 	1316
f 1368 	1314 	767
f 1347 	859 	1318
f 1328 	1281 	1222
f 1332 	917 	1059
f 1368 	1367 	1317
f 1126 	1222 	1281
f 1336 	1315 	1373
f 1317 	1367 	1308
f 1222 	1227 	1328
f 1161 	1337 	1305
f 1331 	1335 	1325
f 1335 	1323 	1325
f 1325 	1334 	1331
f 1366 	1338 	1307
f 1328 	1227 	1329
f 1336 	1339 	1315
f 1329 	1399 	1011
f 1346 	1440 	1326
f 1338 	1311 	1307
f 1227 	1399 	1329
f 1341 	1311 	1338
f 1320 	1315 	1339
f 1344 	1169 	1320
f 1344 	1320 	1339
f 1188 	1169 	1344
f 1359 	1343 	1340
f 1022 	1395 	1341
f 1333 	1346 	1326
f 1347 	1312 	1343
f 1334 	1346 	1333
f 1352 	1247 	1255
f 1350 	1337 	1161
f 1345 	1192 	1349
f 1170 	1350 	1161
f 1355 	1337 	1350
f 1336 	1380 	1354
f 1030 	1341 	1338
f 761 	1356 	853
f 1338 	1351 	1030
f 1357 	1336 	1354
f 1030 	1035 	1341
f 1337 	1355 	1340
f 1352 	1325 	1247
f 1035 	1022 	1341
f 1359 	1340 	1355
f 1352 	1360 	1325
f 1255 	1362 	1352
f 1348 	1372 	749
f 1357 	1339 	1336
f 1325 	1360 	1334
f 753 	1351 	1348
f 749 	753 	1348
f 1361 	1347 	1343
f 1480 	1093 	1332
f 1064 	1351 	753
f 1359 	1361 	1343
f 1407 	1357 	1421
f 917 	1332 	1093
f 1255 	1071 	1362
f 1347 	1361 	872
f 1363 	1360 	1352
f 1064 	1030 	1351
f 846 	1327 	1413
f 1362 	1363 	1352
f 1408 	1188 	1344
f 872 	859 	1347
f 1363 	1365 	1360
f 1366 	1308 	1367
f 1364 	1074 	1198
f 1071 	1257 	1362
f 1257 	1302 	1362
f 1369 	1364 	1370
f 1364 	1198 	1221
f 1221 	1370 	1364
f 1362 	1302 	1363
f 1302 	1304 	1363
f 1221 	1210 	1371
f 1363 	1304 	1365
f 746 	1315 	1470
f 1372 	1348 	1367
f 746 	1373 	1315
f 1304 	992 	1365
f 927 	1361 	1359
f 1369 	1370 	1371
f 956 	1374 	750
f 931 	872 	1361
f 1358 	1262 	1460
f 1413 	1364 	1377
f 927 	931 	1361
f 750 	1374 	1373
f 1348 	1366 	1367
f 1376 	1364 	1369
f 1348 	1351 	1366
f 1378 	940 	996
f 1351 	1338 	1366
f 1379 	1095 	1094
f 1336 	1373 	1380
f 1280 	1262 	1358
f 1377 	1364 	1376
f 945 	1379 	1094
f 1376 	1369 	1371
f 1368 	767 	1381
f 1377 	1371 	1420
f 1420 	1417 	1377
f 1368 	1372 	1367
f 1377 	1376 	1371
f 1383 	1100 	1095
f 1342 	1241 	1178
f 1382 	1380 	1374
f 1368 	1381 	1372
f 1178 	1185 	1342
f 1379 	1383 	1095
f 1387 	1380 	1382
f 1375 	1378 	996
f 751 	749 	1372
f 1374 	1380 	1373
f 1428 	1371 	1384
f 773 	754 	1381
f 1400 	1385 	1383
f 938 	940 	1378
f 1342 	1185 	1345
f 1386 	1384 	1234
f 1192 	1345 	1185
f 1354 	1380 	1387
f 1252 	1386 	1234
f 754 	751 	1381
f 1100 	1385 	1165
f 1356 	1487 	1411
f 751 	1372 	1381
f 1389 	1165 	1385
f 776 	1353 	1349
f 1356 	761 	1487
f 1382 	840 	1392
f 1023 	1378 	1450
f 1165 	1389 	1170
f 1394 	1386 	1252
f 1023 	938 	1378
f 777 	1353 	776
f 840 	837 	1388
f 1388 	1392 	840
f 1353 	777 	1358
f 1390 	1394 	1252
f 1307 	1311 	1496
f 1387 	1382 	1392
f 777 	1280 	1358
f 922 	1487 	761
f 966 	1379 	945
f 1383 	1379 	1398
f 1387 	1503 	1354
f 966 	1398 	1379
f 1401 	1390 	1211
f 1400 	1383 	1398
f 1397 	1402 	1391
f 1394 	1390 	1401
f 1385 	1403 	1389
f 1402 	1393 	1391
f 1387 	1392 	1504
f 1400 	1403 	1385
f 1406 	1389 	1403
f 1357 	1407 	1339
f 1480 	1332 	1396
f 1407 	1344 	1339
f 1405 	1393 	1402
f 743 	1480 	1396
f 1450 	1378 	1375
f 1404 	1410 	1014
f 1432 	1389 	1406
f 1401 	1211 	1219
f 1407 	1408 	1344
f 1219 	1224 	1401
f 1412 	1196 	1188
f 1020 	1398 	966
f 1364 	1413 	1277
f 1412 	1188 	1408
f 1377 	1417 	1413
f 1258 	1196 	1412
f 1413 	1327 	1277
f 1112 	1467 	1409
f 1414 	1357 	1354
f 1415 	1413 	1417
f 1415 	1424 	1413
f 1418 	1411 	1419
f 1503 	1414 	1354
f 1417 	1420 	1415
f 1241 	1399 	1227
f 1414 	1421 	1357
f 1418 	1419 	1422
f 1404 	1399 	1342
f 1489 	1419 	1411
f 1430 	1450 	1375
f 1423 	1408 	1407
f 1241 	1342 	1399
f 1489 	1493 	1422
f 1422 	1419 	1489
f 1421 	1423 	1407
f 846 	1413 	1424
f 1342 	1345 	1404
f 1398 	833 	1400
f 1426 	1411 	1418
f 1425 	1412 	1408
f 833 	1398 	1020
f 1424 	1415 	1420
f 1167 	1411 	1427
f 1427 	1177 	1167
f 1345 	1410 	1404
f 1427 	1411 	1426
f 833 	902 	1400
f 1345 	1349 	1410
f 1423 	1425 	1408
f 1424 	1420 	858
f 858 	855 	1424
f 1426 	1418 	1422
f 902 	1403 	1400
f 1349 	1416 	1410
f 1425 	1444 	1412
f 1420 	1371 	1428
f 1181 	1177 	1427
f 1422 	1181 	1427
f 1427 	1426 	1422
f 1213 	1406 	1403
f 1349 	1353 	1416
f 902 	1213 	1403
f 1430 	1272 	1326
f 1389 	1432 	1170
f 1444 	1258 	1412
f 1428 	877 	1420
f 1432 	1350 	1170
f 1422 	1493 	1431
f 1014 	1433 	1005
f 1434 	1355 	1350
f 1422 	1215 	1181
f 1272 	1430 	1375
f 1431 	1215 	1422
f 1433 	1080 	1005
f 1439 	1454 	1430
f 877 	858 	1420
f 1432 	1434 	1350
f 1429 	1080 	1436
f 1434 	1438 	1355
f 1384 	1437 	1428
f 1431 	1229 	1215
f 1430 	1440 	1439
f 1430 	1326 	1440
f 1080 	1433 	1436
f 1229 	1431 	1435
f 1386 	1437 	1384
f 1436 	1441 	1429
f 1438 	1359 	1355
f 885 	1428 	1437
f 1443 	1440 	1346
f 1346 	1334 	1443
f 1341 	1395 	1311
f 891 	885 	1437
f 1359 	1438 	927
f 1445 	891 	1437
f 1439 	1440 	1443
f 1395 	1022 	1397
f 877 	1428 	885
f 996 	927 	1438
f 1441 	851 	1429
f 1394 	1445 	1386
f 1260 	1258 	1447
f 1448 	851 	1441
f 1437 	1386 	1445
f 1402 	1397 	1025
f 1444 	1447 	1258
f 1410 	1433 	1014
f 1458 	1457 	1450
f 1434 	1432 	993
f 1025 	1284 	1402
f 1451 	1299 	1260
f 1401 	1452 	1394
f 1406 	993 	1432
f 1402 	1284 	1405
f 1416 	1436 	1433
f 1434 	994 	1438
f 1452 	1445 	1394
f 1410 	1416 	1433
f 993 	994 	1434
f 900 	891 	1445
f 1409 	1405 	1285
f 1260 	1447 	1451
f 1452 	900 	1445
f 1416 	1456 	1436
f 1455 	1458 	1450
f 1450 	1430 	1455
f 1405 	1284 	1285
f 1353 	1456 	1416
f 1459 	1299 	1451
f 996 	1438 	994
f 1454 	1455 	1430
f 1401 	1224 	1452
f 1446 	1195 	1176
f 1456 	1441 	1436
f 1285 	1288 	1409
f 1266 	1406 	1213
f 1453 	1195 	1446
f 1460 	1448 	1441
f 1409 	1288 	1112
f 1266 	993 	1406
f 1456 	1460 	1441
f 1454 	1439 	1443
f 1443 	1465 	1455
f 1455 	1465 	1458
f 1303 	1301 	1462
f 1455 	1454 	1443
f 1461 	1449 	1527
f 1238 	1435 	1442
f 1334 	1485 	1443
f 745 	1273 	1270
f 1296 	1448 	1460
f 1289 	1453 	1449
f 1462 	1301 	1459
f 1292 	745 	1270
f 1457 	1458 	1465
f 1461 	1289 	1449
f 1462 	1468 	1303
f 752 	1275 	1273
f 1435 	1238 	1229
f 745 	752 	1273
f 1468 	775 	1303
f 748 	1470 	1442
f 1353 	1358 	1456
f 1275 	1472 	1464
f 1027 	1023 	1450
f 1275 	752 	1472
f 1475 	1238 	1442
f 1457 	1477 	1450
f 1470 	1475 	1442
f 1358 	1460 	1456
f 1478 	775 	1468
f 1472 	1479 	1464
f 1477 	1481 	1450
f 752 	781 	1472
f 783 	1479 	1472
f 1450 	1481 	1027
f 1262 	1296 	1460
f 1393 	1405 	1466
f 781 	783 	1472
f 1478 	1098 	778
f 1465 	1477 	1457
f 1405 	1409 	1466
f 1320 	1475 	1470
f 1483 	1480 	1484
f 1484 	1480 	743
f 1479 	860 	1464
f 1032 	1027 	1481
f 1465 	1032 	1481
f 1481 	1477 	1465
f 1315 	1320 	1470
f 1466 	1409 	1467
f 909 	1482 	1396
f 1097 	1093 	1480
f 1479 	757 	860
f 1320 	1169 	1475
f 1169 	1159 	1475
f 1467 	1112 	1469
f 1486 	1483 	1484
f 1360 	1485 	1334
f 790 	757 	1479
f 1112 	1114 	1469
f 1485 	1488 	1443
f 1482 	743 	1396
f 757 	861 	860
f 1469 	1114 	1471
f 1490 	1489 	1487
f 1360 	1365 	1485
f 881 	861 	757
f 1365 	988 	1485
f 988 	1488 	1485
f 1471 	1155 	1473
f 1489 	1411 	1487
f 1488 	1465 	1443
f 1114 	1155 	1471
f 1491 	1490 	1487
f 1492 	961 	957
f 1155 	1203 	1473
f 1465 	1488 	1057
f 1489 	1490 	1493
f 1463 	1492 	957
f 1473 	1203 	1474
f 1492 	1494 	961
f 1066 	1057 	1488
f 1491 	1493 	1490
f 1474 	1208 	1476
f 961 	1494 	966
f 935 	1495 	1487
f 1057 	1032 	1465
f 1208 	1212 	1476
f 1487 	922 	935
f 1495 	1491 	1487
f 1020 	966 	1494
f 929 	1493 	1495
f 1476 	1212 	1197
f 1495 	935 	929
f 1498 	1480 	1483
f 1365 	992 	988
f 1500 	1480 	1498
f 1463 	1327 	846
f 1480 	1500 	1097
f 1495 	1493 	1491
f 1486 	1498 	1483
f 1431 	1493 	1502
f 929 	1502 	1493
f 1066 	1488 	988
f 1486 	1099 	1097
f 1097 	1500 	1486
f 1500 	1498 	1486
f 826 	1250 	1388
f 1504 	1503 	1387
f 1435 	1431 	1502
f 1134 	1486 	1506
f 939 	1502 	929
f 1435 	1502 	1510
f 1099 	1486 	1134
f 1236 	788 	1511
f 1308 	1307 	1497
f 1442 	1435 	1510
f 1307 	1496 	1497
f 748 	1442 	1510
f 1311 	1499 	1496
f 1513 	1246 	1239
f 1147 	1506 	1512
f 1512 	1525 	1515
f 1515 	1446 	1512
f 1511 	1513 	1239
f 1134 	1506 	1147
f 1501 	1499 	1395
f 1311 	1395 	1499
f 1516 	1250 	1246
f 1397 	1391 	1501
f 1512 	1446 	1147
f 1395 	1397 	1501
f 1514 	1510 	939
f 1516 	1246 	1513
f 1526 	1449 	1515
f 841 	1505 	828
f 1449 	1453 	1515
f 1453 	1446 	1515
f 841 	845 	1505
f 1514 	748 	1510
f 1517 	1250 	1516
f 819 	1519 	743
f 939 	1510 	1502
f 845 	1507 	1505
f 1517 	1388 	1250
f 1314 	1508 	1507
f 947 	1520 	943
f 1517 	1521 	1388
f 1519 	819 	810
f 810 	1522 	1519
f 943 	1520 	1514
f 1317 	1509 	1508
f 946 	960 	1492
f 1518 	1519 	1522
f 1521 	1392 	1388
f 1317 	1308 	1509
f 1520 	748 	1514
f 1523 	1484 	743
f 1518 	1523 	743
f 1497 	1509 	1308
f 1521 	1504 	1392
f 1486 	1484 	1523
f 1523 	1522 	1486
f 1463 	846 	946
f 1523 	1518 	1522
f 1524 	1522 	810
f 1470 	748 	746
f 750 	746 	1520
f 1524 	810 	824
f 1501 	1534 	1499
f 750 	1373 	746
f 1492 	1463 	946
f 1524 	1506 	1522
f 1520 	746 	748
f 1512 	1506 	1524
f 1391 	1534 	1501
f 960 	1494 	1492
f 1506 	1486 	1522
f 1534 	1391 	1393
f 1524 	824 	1525
f 1466 	1534 	1393
f 1525 	1512 	1524
f 1467 	1534 	1466
f 1526 	1525 	827
f 839 	1526 	827
f 1469 	1534 	1467
f 1526 	1515 	1525
f 839 	1527 	1526
f 1526 	1527 	1449
f 743 	1482 	801
f 1527 	789 	1528
f 796 	1528 	789
f 1461 	1527 	1528
f 1529 	905 	959
f 1529 	959 	1087
f 796 	1298 	1528
f 1529 	1530 	905
f 1461 	1528 	1300
f 1528 	1298 	1300
f 893 	891 	1531
f 1530 	908 	905
f 891 	900 	1531
f 1482 	908 	1530
f 991 	1008 	756
f 755 	756 	1008
f 1532 	900 	1452
f 1224 	1532 	1452
f 1532 	764 	900
f 1482 	1530 	801
f 1297 	1532 	1224
f 1297 	770 	1532
f 770 	764 	1532
f 764 	1531 	900
f 1533 	755 	1531
f 1531 	764 	1533
f 755 	1533 	811
f 1529 	884 	1530
f 1533 	764 	774
f 884 	801 	1530
f 774 	815 	1533
f 811 	1533 	815
f 1535 	1425 	1423
f 1444 	1535 	1447
f 1087 	864 	1529
f 1425 	1535 	1444
f 864 	884 	1529
f 1451 	1447 	1535
f 1462 	1459 	1535
f 1451 	1535 	1459
f 1534 	1497 	1496
f 1499 	1534 	1496
f 1535 	1503 	1504
f 1414 	1503 	1535
f 1421 	1414 	1535
f 1423 	1421 	1535
f 1469 	1471 	1534
f 1473 	1534 	1471
f 1474 	1534 	1473
f 1476 	1534 	1474
f 1197 	1534 	1476
f 1468 	1462 	1535
f 1098 	1478 	1535
f 1200 	1534 	1197
f 1102 	1098 	1535
f 1478 	1468 	1535
f 1105 	1102 	1535
f 1108 	1105 	1535
f 1158 	1108 	1535
f 1464 	1534 	1275
f 860 	1534 	1464
f 861 	1534 	860
f 1283 	1282 	1535
f 863 	1534 	861
f 786 	1283 	1535
f 866 	1534 	863
f 788 	786 	1535
f 867 	1534 	866
f 1513 	1511 	1535
f 1516 	1513 	1535
f 869 	1534 	867
f 1511 	788 	1535
f 871 	1534 	869
f 1517 	1516 	1535
f 1521 	1517 	1535
f 1504 	1521 	1535
f 1158 	1535 	1163
f 1168 	1163 	1535
f 1507 	1534 	1505
f 1173 	1168 	1535
f 1535 	1178 	1173
f 1508 	1534 	1507
f 1185 	1178 	1535
f 1509 	1534 	1508
f 1509 	1497 	1534
f 1192 	1535 	776
f 776 	1535 	777
f 1535 	1192 	1185
f 1535 	1280 	777
f 1282 	1280 	1535
f 1259 	1534 	1200
f 1534 	1259 	1261
f 1263 	1534 	1261
f 1265 	1534 	1263
f 1268 	1534 	1265
f 1270 	1534 	1268
f 1273 	1534 	1270
f 1534 	1273 	1275
f 828 	1534 	871
f 828 	1505 	1534
f 1025 	1397 	1022
f 1536 	1064 	766
f 1537 	747 	1007
f 904 	747 	1537
f 895 	1264 	1010
f 747 	895 	1010
f 1264 	895 	897
f 744 	1537 	1536
f 772 	744 	1536
f 904 	1537 	744
f 744 	772 	1068
# 1586 faces

 #end of obj_2

o obj_3
v 19.3414 		-23.4799 		31.0889
v 26.7974 		-25.6148 		34.9447
v 26.4488 		-25.7937 		34.392
v 18.6956 		-23.4599 		31.2584
v 20.0007 		-23.4809 		30.9817
v 27.0892 		-25.4294 		35.5284
v 20.3603 		-21.1023 		39.0037
v 20.6673 		-23.4628 		30.938
v 19.7098 		-21.0975 		39.1226
v 21.3345 		-23.4258 		30.9586
v 24.2152 		-24.6415 		38.657
v 21.9957 		-23.3705 		31.0422
v 16.4623 		-26.6301 		33.124
v 23.3709 		-26.6403 		32.0011
v 23.9771 		-26.5333 		32.2693
v 15.9719 		-26.5216 		33.5697
v 24.5531 		-26.4109 		32.5941
v 25.0932 		-26.2745 		32.9726
v 25.5926 		-26.1251 		33.4011
v 26.0455 		-25.9643 		33.876
v 27.3204 		-25.2392 		36.1379
v 22.6449 		-23.2971 		31.1894
v 27.489 		-25.0463 		36.7667
v 23.6363 		-24.6155 		38.8367
v 19.0692 		-21.0968 		39.2259
v 23.0303 		-24.5926 		39.0099
v 16.9944 		-26.7225 		32.7264
v 22.4031 		-24.5729 		39.1755
v 21.7604 		-24.557 		39.3307
v 21.1093 		-24.5446 		39.4755
v 18.4448 		-21.0999 		39.3135
v 19.4365 		-26.9136 		31.6926
v 20.0957 		-26.9146 		31.5854
v 20.7624 		-26.8966 		31.5417
v 21.4296 		-26.8596 		31.5623
v 22.0908 		-26.8043 		31.6459
v 22.74 		-26.7308 		31.7931
v 14.0769 		-21.3988 		38.9864
v 17.5636 		-26.7975 		32.3819
v 13.9722 		-21.5928 		38.344
v 20.4553 		-24.5361 		39.6074
v 17.8425 		-21.107 		39.3842
v 24.6667 		-21.2367 		37.869
v 25.1751 		-21.2682 		37.6818
v 13.9327 		-21.786 		37.6939
v 18.1642 		-26.8549 		32.0925
v 17.2677 		-21.118 		39.4376
v 13.9592 		-21.9765 		37.0427
v 25.6408 		-21.3021 		37.4936
v 26.0593 		-21.3377 		37.3065
v 19.8049 		-24.5312 		39.7263
v 26.4268 		-21.3752 		37.1215
v 26.739 		-21.4137 		36.9414
v 26.9939 		-21.4534 		36.7666
v 27.1879 		-21.4932 		36.6007
v 16.7267 		-21.1327 		39.473
v 14.0501 		-22.1625 		36.3968
v 27.3205 		-21.5335 		36.4431
v 27.3893 		-21.5733 		36.2969
v 27.3939 		-21.6125 		36.163
v 19.1643 		-24.5305 		39.8295
v 18.7907 		-26.8937 		31.862
v 16.2242 		-21.151 		39.49
v 21.0142 		-21.1108 		38.8718
v 21.6653 		-21.1233 		38.727
v 22.308 		-21.1392 		38.5718
v 22.9352 		-21.1588 		38.4063
v 23.5412 		-21.1817 		38.233
v 15.7652 		-21.1725 		39.489
v 14.2061 		-22.3421 		35.7622
v 18.5399 		-24.5337 		39.9172
v 24.1201 		-21.2078 		38.0533
v 14.4243 		-22.5137 		35.145
v 15.3537 		-21.1975 		39.4691
v 17.9375 		-24.5408 		39.9879
v 14.704 		-22.6755 		34.5513
v 14.9947 		-21.2253 		39.4313
v 14.1361 		-21.3606 		39.1067
v 14.2591 		-21.3239 		39.2122
v 14.4448 		-21.2887 		39.3023
v 14.6902 		-21.2559 		39.3751
v 15.5288 		-26.3977 		34.0604
v 17.3628 		-24.5517 		40.0413
v 14.1719 		-24.8326 		39.59
v 14.0673 		-25.0265 		38.9476
v 14.0278 		-25.2198 		38.2975
v 14.0543 		-25.4103 		37.6464
v 14.1452 		-25.5962 		37.0005
v 14.3012 		-25.7758 		36.3659
v 15.0415 		-22.8261 		33.9868
v 14.5194 		-25.9474 		35.7487
v 14.7991 		-26.1093 		35.155
v 15.1366 		-26.2598 		34.5904
v 16.8218 		-24.5664 		40.0766
v 15.4337 		-22.9639 		33.4567
v 16.3193 		-24.5847 		40.0936
v 27.4844 		-25.0071 		36.9006
v 15.8768 		-23.0879 		32.9661
v 15.8603 		-24.6063 		40.0926
v 15.4488 		-24.6312 		40.0727
v 16.3672 		-23.1964 		32.5203
v 16.8993 		-23.2888 		32.1227
v 27.4155 		-24.9672 		37.0467
v 15.0898 		-24.659 		40.0349
v 14.7853 		-24.6897 		39.9788
v 27.283 		-24.927 		37.2044
v 14.5399 		-24.7225 		39.906
v 27.0889 		-24.8871 		37.3703
v 14.3541 		-24.7576 		39.8159
v 26.8341 		-24.8475 		37.545
v 26.5219 		-24.8089 		37.7251
v 26.1544 		-24.7715 		37.9102
v 25.7358 		-24.7358 		38.0973
v 25.2702 		-24.702 		38.2855
v 24.7618 		-24.6705 		38.4726
v 14.2312 		-24.7944 		39.7104
v 27.2254 		-21.8055 		35.5342
v 26.9941 		-21.9956 		34.9248
v 26.7023 		-22.181 		34.341
v 26.3538 		-22.3599 		33.7883
v 25.9505 		-22.5305 		33.2723
v 25.4975 		-22.6914 		32.7974
v 24.9981 		-22.8407 		32.3689
v 24.458 		-22.9772 		31.9904
v 23.882 		-23.0995 		31.6656
v 23.2758 		-23.2066 		31.3974
v 18.0691 		-23.4211 		31.4889
v 17.4685 		-23.3638 		31.7783
# 128 vertices

g group_3_16448250

usemtl color_16448250
s 0

f 1550 	1553 	1635
f 1554 	1555 	1552
f 1555 	1556 	1552
f 1556 	1557 	1552
f 1551 	1552 	1557
f 1540 	1574 	1557
f 1539 	1574 	1540
f 1543 	1574 	1539
f 1558 	1574 	1543
f 1560 	1574 	1558
f 1558 	1543 	1655
f 1605 	1604 	1561
f 1623 	1577 	1582
f 1605 	1561 	1548
f 1584 	1620 	1579
f 1582 	1585 	1623
f 1655 	1543 	1539
f 1563 	1561 	1604
f 1596 	1597 	1595
f 1597 	1654 	1595
f 1592 	1595 	1654
f 1591 	1592 	1654
f 1590 	1591 	1654
f 1589 	1590 	1654
f 1654 	1655 	1589
f 1587 	1589 	1655
f 1655 	1656 	1587
f 1654 	1558 	1655
f 1593 	1620 	1584
f 1604 	1603 	1565
f 1604 	1565 	1563
f 1654 	1597 	1558
f 1603 	1566 	1565
f 1566 	1601 	1567
f 1659 	1660 	1609
f 1609 	1580 	1659
f 1658 	1659 	1580
f 1580 	1581 	1658
f 1657 	1658 	1581
f 1581 	1586 	1657
f 1656 	1657 	1586
f 1586 	1587 	1656
f 1542 	1538 	1601
f 1538 	1541 	1601
f 1567 	1601 	1544
f 1567 	1544 	1578
f 1607 	1610 	1628
f 1544 	1546 	1588
f 1544 	1588 	1578
f 1640 	1643 	1574
f 1572 	1566 	1571
f 1634 	1640 	1574
f 1560 	1634 	1574
f 1551 	1557 	1574
f 1571 	1566 	1570
f 1570 	1567 	1569
f 1583 	1578 	1576
f 1576 	1588 	1564
f 1599 	1578 	1583
f 1569 	1567 	1599
f 1610 	1613 	1628
f 1611 	1637 	1606
f 1598 	1588 	1562
f 1546 	1562 	1588
f 1608 	1568 	1612
f 1579 	1612 	1568
f 1614 	1637 	1611
f 1541 	1599 	1583
f 1616 	1639 	1615
f 1617 	1639 	1616
f 1618 	1639 	1617
f 1614 	1639 	1618
f 1611 	1639 	1614
f 1606 	1639 	1611
f 1600 	1639 	1606
f 1593 	1639 	1600
f 1584 	1639 	1593
f 1579 	1639 	1584
f 1568 	1639 	1579
f 1562 	1639 	1568
f 1575 	1615 	1639
f 1620 	1612 	1579
f 1568 	1608 	1562
f 1562 	1608 	1598
f 1550 	1598 	1553
f 1564 	1588 	1550
f 1621 	1622 	1619
f 1619 	1622 	1623
f 1619 	1623 	1624
f 1619 	1624 	1625
f 1619 	1625 	1626
f 1619 	1626 	1628
f 1619 	1628 	1629
f 1619 	1629 	1630
f 1593 	1631 	1620
f 1577 	1622 	1621
f 1577 	1621 	1575
f 1616 	1646 	1617
f 1600 	1633 	1631
f 1600 	1631 	1593
f 1633 	1600 	1636
f 1606 	1636 	1600
f 1599 	1541 	1569
f 1538 	1569 	1541
f 1577 	1623 	1622
f 1638 	1550 	1635
f 1542 	1570 	1569
f 1542 	1569 	1538
f 1623 	1585 	1624
f 1637 	1636 	1606
f 1550 	1638 	1564
f 1639 	1564 	1638
f 1646 	1616 	1615
f 1625 	1624 	1594
f 1585 	1594 	1624
f 1596 	1634 	1560
f 1570 	1542 	1571
f 1545 	1571 	1542
f 1614 	1641 	1637
f 1594 	1607 	1626
f 1594 	1626 	1625
f 1576 	1564 	1639
f 1640 	1634 	1596
f 1547 	1572 	1571
f 1547 	1571 	1545
f 1618 	1642 	1641
f 1618 	1641 	1614
f 1607 	1628 	1626
f 1572 	1547 	1573
f 1549 	1573 	1547
f 1663 	1574 	1559
f 1642 	1618 	1644
f 1617 	1644 	1618
f 1628 	1613 	1629
f 1630 	1629 	1627
f 1613 	1627 	1629
f 1573 	1549 	1574
f 1559 	1574 	1549
f 1646 	1644 	1617
f 1560 	1597 	1596
f 1643 	1645 	1574
f 1645 	1647 	1574
f 1647 	1648 	1574
f 1648 	1649 	1574
f 1649 	1650 	1574
f 1650 	1651 	1574
f 1651 	1652 	1574
f 1652 	1548 	1574
f 1548 	1561 	1574
f 1561 	1563 	1574
f 1632 	1619 	1630
f 1632 	1630 	1627
f 1615 	1653 	1646
f 1595 	1640 	1596
f 1619 	1632 	1553
f 1635 	1553 	1632
f 1551 	1574 	1663
f 1653 	1615 	1621
f 1575 	1621 	1615
f 1552 	1551 	1663
f 1595 	1592 	1643
f 1595 	1643 	1640
f 1563 	1565 	1574
f 1573 	1574 	1565
f 1572 	1573 	1565
f 1566 	1572 	1565
f 1567 	1570 	1566
f 1578 	1599 	1567
f 1588 	1576 	1578
f 1598 	1550 	1588
f 1608 	1619 	1598
f 1619 	1553 	1598
f 1645 	1643 	1591
f 1592 	1591 	1643
f 1660 	1555 	1554
f 1659 	1556 	1555
f 1659 	1555 	1660
f 1650 	1649 	1586
f 1651 	1580 	1652
f 1591 	1590 	1647
f 1591 	1647 	1645
f 1556 	1659 	1557
f 1658 	1557 	1659
f 1540 	1557 	1658
f 1650 	1586 	1651
f 1581 	1651 	1586
f 1548 	1652 	1609
f 1580 	1609 	1652
f 1619 	1608 	1612
f 1619 	1612 	1620
f 1619 	1620 	1631
f 1619 	1631 	1633
f 1619 	1633 	1636
f 1619 	1636 	1637
f 1619 	1637 	1641
f 1619 	1641 	1642
f 1619 	1642 	1644
f 1619 	1644 	1646
f 1619 	1646 	1653
f 1619 	1653 	1621
f 1648 	1647 	1589
f 1590 	1589 	1647
f 1581 	1580 	1651
f 1589 	1587 	1649
f 1589 	1649 	1648
f 1587 	1586 	1649
f 1660 	1661 	1605
f 1605 	1609 	1660
f 1661 	1662 	1605
f 1604 	1605 	1662
f 1662 	1663 	1604
f 1663 	1559 	1604
f 1603 	1604 	1559
f 1559 	1549 	1603
f 1549 	1547 	1603
f 1602 	1603 	1547
f 1609 	1605 	1548
f 1547 	1545 	1602
f 1545 	1542 	1602
f 1601 	1602 	1542
f 1544 	1601 	1541
f 1541 	1664 	1544
f 1664 	1665 	1544
f 1546 	1544 	1665
f 1665 	1639 	1546
f 1562 	1546 	1639
f 1603 	1602 	1566
f 1602 	1601 	1566
f 1635 	1632 	1638
f 1632 	1627 	1638
f 1627 	1613 	1638
f 1613 	1610 	1638
f 1610 	1607 	1638
f 1639 	1638 	1607
f 1639 	1607 	1594
f 1639 	1594 	1585
f 1639 	1585 	1582
f 1639 	1582 	1577
f 1639 	1577 	1575
f 1663 	1662 	1552
f 1554 	1552 	1661
f 1662 	1661 	1552
f 1661 	1660 	1554
f 1540 	1658 	1657
f 1657 	1656 	1539
f 1657 	1539 	1540
f 1656 	1655 	1539
f 1560 	1558 	1597
f 1665 	1576 	1639
f 1664 	1583 	1576
f 1664 	1576 	1665
f 1541 	1583 	1664
# 252 faces

 #end of obj_3

o obj_4
v 18.9896 		-24.2894 		29.2238
v 26.5789 		-15.2712 		39.6838
v 17.3714 		-8.4326 		33.1014
v 27.0342 		-24.1869 		35.5509
v 25.1205 		-12.8462 		39.7565
v 18.452 		-22.468 		42.4144
v 17.4167 		-22.6341 		42.0518
v 27.8577 		-23.7594 		35.2882
v 26.7288 		-24.4989 		34.6043
v 17.5813 		-8.5523 		32.6851
v 26.7802 		-12.2378 		34.2928
v 19.7368 		-23.0106 		41.7662
v 26.6695 		-12.553 		33.3049
v 26.6932 		-11.9284 		35.292
v 18.6369 		-8.811 		31.69
v 19.9461 		-23.6419 		40.7634
v 19.2269 		-23.7183 		40.6363
v 22.8576 		-9.9651 		31.0122
v 15.9523 		-9.4963 		33.6194
v 26.364 		-12.864 		32.3581
v 20.1731 		-24.2266 		39.6323
v 23.387 		-9.8037 		31.4425
v 16.1367 		-9.6874 		32.9796
v 19.6816 		-24.2785 		39.5447
v 23.8194 		-9.6225 		31.9515
v 16.4437 		-9.8622 		32.372
v 27.6938 		-20.2894 		31.9091
v 28.3252 		-19.9047 		33.0359
v 24.3569 		-11.4632 		30.9882
v 24.9128 		-11.23 		31.6426
v 27.2788 		-13.6369 		36.8886
v 28.291 		-16.2484 		36.291
v 17.9443 		-23.2474 		41.2979
v 27.9439 		-15.889 		37.4934
v 17.157 		-23.4245 		40.8626
v 27.3672 		-15.5603 		38.6355
v 16.8541 		-25.5209 		31.4336
v 18.5511 		-23.8262 		40.3993
v 17.3013 		-25.7448 		32.1418
v 19.6916 		-25.4826 		36.175
v 17.9386 		-23.9635 		40.0603
v 22.2451 		-10.1024 		30.6732
v 18.3276 		-25.8442 		31.6615
v 19.9013 		-25.5158 		36.0332
v 22.0196 		-11.9862 		29.695
v 27.6982 		-14.3158 		34.6509
v 20.8959 		-25.5317 		35.8224
v 27.5729 		-14.6729 		33.5344
v 22.8885 		-11.847 		30.0001
v 21.1457 		-25.506 		35.8667
v 27.5992 		-13.9674 		35.7805
v 18.7084 		-25.9405 		32.5795
v 23.6758 		-11.671 		30.4356
v 15.1471 		-17.7771 		41.9425
v 23.4612 		-13.8986 		29.5238
v 16.8633 		-10.016 		31.8142
v 24.3994 		-13.6889 		30.0422
v 28.398 		-16.6269 		35.0652
v 28.2627 		-17.0126 		33.8534
v 17.3827 		-10.1431 		31.3238
v 25.2115 		-13.4411 		30.7023
v 17.5593 		-24.2301 		29.6427
v 17.5661 		-24.3658 		29.6749
v 17.4921 		-24.3586 		29.7095
v 25.5762 		-25.075 		32.9483
v 17.5662 		-24.3657 		29.6748
v 17.9868 		-10.2408 		30.9161
v 17.5645 		-24.3979 		29.6748
v 24.7906 		-25.2965 		33.6593
v 22.4258 		-14.0647 		29.1612
v 25.8736 		-13.1638 		31.4821
v 25.3465 		-25.0633 		34.3136
v 17.6416 		-24.3688 		29.6527
v 15.4309 		-11.5387 		32.1836
v 20.8249 		-7.7326 		32.5249
v 25.9242 		-15.678 		30.5913
v 20.5954 		-8.8424 		31.2747
v 15.9703 		-11.736 		31.4668
v 17.6273 		-24.8987 		29.8827
v 21.0874 		-8.7907 		31.3614
v 26.6727 		-15.3633 		31.4735
v 22.7347 		-25.7188 		33.6885
v 21.5496 		-8.7159 		31.5235
v 17.7779 		-25.3147 		30.2921
v 23.347 		-25.5818 		34.0267
v 21.9684 		-8.6227 		31.755
v 27.2279 		-15.0254 		32.4644
v 20.6402 		-19.588 		43.9648
v 18.0141 		-25.6325 		30.8912
v 16.6379 		-11.8998 		30.836
v 23.8766 		-25.4201 		34.4578
v 22.3312 		-8.5122 		32.0499
v 25.4777 		-18.4069 		29.8518
v 24.3088 		-25.2391 		34.966
v 26.4741 		-18.1034 		30.6604
v 20.6445 		-19.7287 		43.9855
v 20.7194 		-19.7283 		43.9755
v 27.2856 		-17.7626 		31.6171
v 15.3858 		-25.0105 		31.6484
v 20.6445 		-19.7287 		43.9855
v 20.6454 		-19.7546 		43.9967
v 15.2162 		-13.7663 		31.2718
v 15.8088 		-25.352 		32.1411
v 27.8877 		-17.3955 		32.6926
v 24.3088 		-25.2391 		34.966
v 24.3088 		-25.2391 		34.966
v 16.3767 		-25.5957 		32.767
v 24.3088 		-25.2391 		34.966
v 20.5655 		-19.7332 		43.9839
v 19.1357 		-7.7466 		32.7512
v 19.3454 		-7.7797 		32.6094
v 19.5788 		-7.802 		32.5008
v 26.8437 		-20.6466 		30.9065
v 20.6612 		-20.3264 		43.9865
v 19.8268 		-7.8131 		32.4281
v 20.0831 		-7.8101 		32.3939
v 17.4136 		-12.025 		30.3116
v 20.34 		-7.7957 		32.3986
v 20.673 		-20.9525 		43.7503
v 20.5897 		-7.7699 		32.4429
v 14.1032 		-18.0953 		41.0951
v 18.2746 		-12.1083 		29.9086
v 15.0127 		-23.9064 		31.0859
v 16.012 		-13.9617 		30.521
v 19.0947 		-8.8552 		31.4755
v 16.9366 		-14.1109 		29.8958
v 19.5842 		-8.8758 		31.332
v 17.9629 		-14.2092 		29.4153
v 20.6822 		-21.6129 		43.2942
v 15.0215 		-24.0417 		31.1167
v 14.9646 		-24.0276 		31.1703
v 20.0893 		-8.8711 		31.2646
v 15.0216 		-24.0416 		31.1166
v 15.0178 		-24.073 		31.1177
v 19.4001 		-21.6842 		43.2692
v 25.2907 		-25.0444 		31.6003
v 23.8259 		-25.5325 		31.7698
v 20.6877 		-22.2877 		42.6325
v 16.2208 		-24.102 		30.2697
v 24.7641 		-25.3228 		32.2882
v 16.2286 		-24.2369 		30.3011
v 16.1627 		-24.2264 		30.3457
v 15.085 		-24.0519 		31.0737
v 24.075 		-12.6776 		40.4632
v 22.916 		-12.5658 		41.0063
v 16.2287 		-24.2369 		30.3011
v 19.1605 		-19.672 		43.9356
v 16.226 		-24.2686 		30.3016
v 14.7984 		-11.0677 		33.7869
v 21.6772 		-12.5154 		41.3688
v 19.166 		-19.8127 		43.9562
v 22.4534 		-25.8195 		32.3661
v 19.2414 		-19.8084 		43.9577
v 15.0357 		-11.3136 		32.9643
v 19.1659 		-19.8126 		43.9562
v 25.6021 		-15.0318 		40.6048
v 23.3221 		-25.6806 		32.6703
v 19.1657 		-19.8387 		43.9674
v 24.4677 		-14.8484 		41.3717
v 13.82 		-12.9704 		34.0376
v 17.7219 		-19.824 		43.6803
v 16.299 		-24.2437 		30.2682
v 24.1094 		-25.5045 		33.1059
v 14.1034 		-13.2628 		33.0573
v 27.8859 		-22.8654 		32.3405
v 15.1193 		-24.5798 		31.3033
v 27.8842 		-23.0032 		32.3707
v 14.5731 		-13.5312 		32.1255
v 27.8399 		-23.0217 		32.3185
v 27.8844 		-23.0028 		32.3711
v 17.7286 		-19.9645 		43.7012
v 17.8022 		-19.9567 		43.7142
v 18.6557 		-10.3054 		30.6028
v 16.3085 		-24.7713 		30.5002
v 27.8912 		-23.0318 		32.3732
v 17.7284 		-19.9644 		43.7011
v 17.7271 		-19.9907 		43.7122
v 19.3711 		-10.3352 		30.3928
v 19.0894 		-19.8206 		43.9426
v 28.5271 		-22.474 		33.4845
v 20.1097 		-10.3287 		30.2945
v 23.2089 		-14.7278 		41.9605
v 16.5201 		-25.1927 		30.8814
v 17.6565 		-19.9759 		43.6759
v 20.85 		-10.2867 		30.3091
v 28.5249 		-22.6118 		33.5137
v 21.8655 		-14.6719 		42.3543
v 28.4917 		-22.632 		33.4546
v 15.5239 		-16.2658 		30.3866
v 21.5692 		-10.2103 		30.4362
v 21.846 		-21.5978 		28.6743
v 28.525 		-22.6114 		33.5141
v 23.262 		-21.4468 		28.9257
v 28.5324 		-22.6404 		33.5172
v 19.2036 		-20.409 		43.9585
v 16.5694 		-16.4344 		29.6799
v 27.9183 		-22.9821 		32.4314
v 24.5929 		-21.2342 		29.3922
v 17.7875 		-20.5589 		43.7069
v 17.7292 		-16.5462 		29.1366
v 28.546 		-22.59 		33.5792
v 27.7962 		-23.5534 		32.5393
v 15.1892 		-18.742 		30.4379
v 19.2825 		-21.0306 		43.7231
v 28.4276 		-23.1687 		33.6661
v 16.3236 		-18.9253 		29.6711
v 17.9316 		-21.1741 		43.4832
v 17.5814 		-19.0462 		29.0816
v 27.4822 		-24.0312 		32.8276
v 12.5628 		-20.4175 		33.9342
v 18.1549 		-21.8174 		43.0476
v 19.194 		-12.1461 		29.6393
v 26.9575 		-24.4508 		33.2274
v 20.144 		-12.1383 		29.5123
v 12.947 		-14.7962 		35.4921
v 21.0949 		-12.0841 		29.5311
v 16.3534 		-17.5075 		42.6104
v 13.046 		-15.1446 		34.3624
v 13.3662 		-15.4765 		33.2537
v 19.0583 		-14.2552 		29.0945
v 15.1454 		-20.3152 		42.5292
v 20.1902 		-14.245 		28.9431
v 13.8979 		-15.7786 		32.2014
v 26.2383 		-24.7977 		33.7281
v 21.3238 		-14.1813 		28.9656
v 20.3974 		-12.5254 		41.5403
v 15.1544 		-20.4527 		42.5509
v 15.2224 		-20.4375 		42.5885
v 12.5003 		-17.5254 		34.7517
v 15.1508 		-20.4816 		42.5619
v 19.1152 		-12.598 		41.5147
v 12.8474 		-17.8848 		33.5494
v 27.0221 		-23.2277 		31.323
v 13.4241 		-18.2135 		32.4073
v 20.4764 		-14.6839 		42.5398
v 15.1541 		-20.4531 		42.5507
v 19.086 		-14.7621 		42.5126
v 27.021 		-23.3638 		31.3535
v 26.9635 		-23.3813 		31.3069
v 15.0984 		-20.4701 		42.5055
v 27.0273 		-23.3943 		31.3549
v 17.735 		-14.9055 		42.2727
v 15.2495 		-21.0421 		42.5729
v 27.0212 		-23.3639 		31.3537
v 22.7742 		-16.3822 		28.8494
v 27.0667 		-23.3447 		31.4074
v 16.3703 		-20.0409 		43.2065
v 16.6609 		-21.3777 		43.0378
v 23.945 		-16.1947 		29.2594
v 15.5101 		-21.6343 		42.4013
v 26.9461 		-23.9107 		31.5367
v 25.006 		-15.9569 		29.8463
v 16.3782 		-20.1785 		43.2275
v 16.4536 		-20.1666 		43.2539
v 14.6239 		-16.0452 		31.2356
v 16.9841 		-22.0048 		42.6376
v 14.2125 		-18.5025 		31.3589
v 16.3756 		-20.2073 		43.2392
v 23.7612 		-9.3624 		37.7911
v 15.9242 		-22.2413 		42.0511
v 25.2969 		-11.1325 		38.0578
v 25.6741 		-24.6757 		31.0615
v 24.5011 		-10.937 		38.8086
v 21.7053 		-19.0117 		28.5301
v 26.6706 		-24.3719 		31.8709
v 23.0563 		-18.8682 		28.77
v 24.3268 		-18.6648 		29.2146
v 23.863 		-8.4498 		35.686
v 26.2091 		-24.7642 		32.3459
v 16.3779 		-20.1788 		43.2274
v 16.4782 		-22.844 		41.5326
v 23.4432 		-8.2962 		36.243
v 16.3137 		-20.1931 		43.1919
v 15.6663 		-23.0916 		40.8733
v 25.3625 		-9.9486 		35.6629
v 16.4558 		-20.7726 		43.2408
v 25.799 		-20.9638 		30.059
v 24.9684 		-9.7233 		36.4443
v 16.4749 		-23.6315 		40.3092
v 24.4289 		-9.526 		37.1611
v 14.0856 		-20.6382 		41.6682
v 18.968 		-16.5977 		28.7743
v 12.6969 		-23.7939 		35.9622
v 20.2478 		-16.5867 		28.6026
v 14.0954 		-20.7758 		41.6907
v 14.1536 		-20.7581 		41.738
v 14.0909 		-20.8046 		41.7009
v 21.5292 		-16.514 		28.6284
v 13.3308 		-24.2321 		36.1164
v 12.9028 		-16.3783 		38.3503
v 12.5286 		-16.7601 		37.1892
v 12.3924 		-17.1468 		35.9778
v 14.0951 		-20.7762 		41.6905
v 14.0496 		-20.7954 		41.6369
v 26.4097 		-11.636 		36.2723
v 18.9258 		-19.1019 		28.6884
v 14.1847 		-24.6043 		36.2836
v 14.2056 		-21.3604 		41.7254
v 20.3139 		-19.09 		28.5023
v 24.7374 		-23.8249 		29.7847
v 25.9614 		-23.5506 		30.4621
v 14.4681 		-24.8967 		35.3033
v 14.5138 		-21.9378 		41.5927
v 24.7381 		-23.9603 		29.8165
v 24.6642 		-23.9721 		29.7906
v 28.7476 		-18.7012 		36.8075
v 24.7426 		-23.9916 		29.8166
v 13.7023 		-22.2785 		40.636
v 15.2322 		-24.901 		36.458
v 25.9611 		-23.6864 		30.4934
v 25.8949 		-23.7013 		30.4567
v 28.3842 		-18.3245 		38.0674
v 15.4695 		-25.1469 		35.6354
v 25.9666 		-23.7173 		30.494
v 27.7792 		-17.9798 		39.2644
v 24.7383 		-23.9604 		29.8166
v 15.0058 		-22.5215 		41.3055
v 25.9399 		-11.3678 		37.2033
v 24.8028 		-23.946 		29.8523
v 25.9613 		-23.6865 		30.4935
v 14.2574 		-22.835 		40.424
v 24.6953 		-24.4982 		30.0224
v 26.7752 		-21.54 		40.8935
v 24.5233 		-24.9334 		30.4251
v 26.0173 		-23.6694 		30.5389
v 12.5215 		-22.995 		34.3973
v 27.0323 		-22.4196 		39.6961
v 25.9014 		-24.2289 		30.6894
v 19.2188 		-24.3531 		39.3835
v 12.5323 		-23.1314 		34.4255
v 12.5125 		-23.1109 		34.4941
v 21.143 		-7.2829 		36.163
v 24.2299 		-25.2809 		31.0139
v 26.3052 		-22.1544 		40.6615
v 12.5324 		-23.1313 		34.4252
v 12.5266 		-23.1616 		34.4291
v 18.7998 		-24.4466 		39.1512
v 20.6543 		-7.2633 		36.3064
v 26.953 		-17.6776 		40.3632
v 25.9301 		-17.4272 		41.3287
v 18.4372 		-24.5567 		38.8572
v 20.1484 		-7.2669 		36.3739
v 24.741 		-17.2345 		42.1324
v 21.9472 		-24.1938 		29.0557
v 21.9502 		-24.3287 		29.0881
v 21.8689 		-24.3333 		29.0865
v 25.6616 		-22.7664 		40.3038
v 21.9523 		-24.3605 		29.0875
v 19.9278 		-24.8111 		38.2803
v 23.3849 		-24.0407 		29.3109
v 24.8658 		-22.571 		41.0546
v 20.255 		-9.124 		39.1148
v 23.3868 		-24.1758 		29.3431
v 23.3081 		-24.1842 		29.3291
v 19.3033 		-9.1781 		39.0961
v 18.3794 		-9.2761 		38.9321
v 23.3901 		-24.2074 		29.3427
v 21.9503 		-24.3288 		29.0881
v 22.0259 		-24.3207 		29.1015
v 24.1947 		-23.1949 		40.4612
v 20.323 		-10.6538 		40.3865
v 19.7153 		-24.858 		38.1621
v 12.5646 		-23.1497 		34.3613
v 19.1885 		-10.7175 		40.3641
v 23.3869 		-24.1759 		29.3431
v 23.458 		-24.1645 		29.368
v 18.0873 		-10.8341 		40.1684
v 19.5308 		-24.914 		38.0128
v 12.6652 		-23.6815 		34.5644
v 22.9846 		-9.2372 		38.3157
v 21.9483 		-24.8618 		29.3045
v 17.052 		-11.0002 		39.8058
v 22.1244 		-9.154 		38.7185
v 23.3642 		-24.7121 		29.5553
v 21.205 		-9.1162 		38.9878
v 19.3806 		-24.9775 		37.8361
v 26.7744 		-23.2699 		38.5183
v 13.0439 		-24.1533 		34.7598
v 13.6205 		-24.4822 		33.6169
v 26.3046 		-23.0017 		39.4493
v 21.9019 		-25.2791 		29.7404
v 13.6511 		-24.5627 		35.0083
v 25.796 		-23.7811 		38.333
v 23.5757 		-10.7879 		39.434
v 23.2528 		-25.1367 		29.9805
v 14.1826 		-24.8662 		33.9553
v 25.4019 		-23.5568 		39.1146
v 22.5502 		-10.6895 		39.9143
v 17.4083 		-24.1249 		39.6303
v 24.8625 		-23.3584 		39.8312
v 21.4548 		-10.6436 		40.2351
v 16.9768 		-24.3061 		39.121
v 23.0591 		-25.4684 		30.604
v 14.9378 		-25.1651 		34.3715
v 24.3524 		-24.0664 		38.7005
v 16.6563 		-24.5017 		38.5494
v 23.9328 		-23.9126 		39.2583
v 22.7905 		-25.6986 		31.4072
v 18.1422 		-24.6808 		38.5091
v 13.1669 		-20.7611 		32.7372
v 17.9229 		-24.8154 		38.1172
v 13.9934 		-21.0641 		31.6394
v 22.9238 		-8.1691 		36.7334
v 23.9404 		-22.4218 		41.68
v 22.3198 		-8.0712 		37.1419
v 23.4182 		-23.0697 		40.9857
v 19.4567 		-8.0253 		37.7489
v 22.558 		-22.9875 		41.3888
v 21.6502 		-8.0066 		37.4554
v 21.1261 		-25.7733 		34.5434
v 21.6184 		-25.7214 		34.6308
v 21.6386 		-22.9486 		41.6579
v 20.9354 		-7.9771 		37.6644
v 19.2699 		-25.0456 		37.6374
v 22.0804 		-25.6468 		34.7921
v 19.2004 		-25.1164 		37.4232
v 20.1961 		-7.9832 		37.7637
v 19.1755 		-25.1871 		37.1985
v 22.4993 		-25.5533 		35.0245
v 22.862 		-25.4431 		35.3185
v 19.1947 		-25.2574 		36.9722
v 27.1338 		-20.2136 		40.9245
v 19.2592 		-25.3244 		36.75
v 19.3661 		-25.3849 		36.5389
v 27.1327 		-20.3513 		40.9473
v 27.1792 		-20.3683 		40.8854
v 27.1324 		-20.3511 		40.9475
v 23.4135 		-23.7855 		39.7487
v 27.1391 		-20.38 		40.9572
v 18.7373 		-8.1019 		37.621
v 19.5116 		-25.4373 		36.3456
v 22.8093 		-23.6878 		40.1564
v 23.032 		-7.975 		33.6529
v 22.9824 		-8.115 		33.2121
v 18.0614 		-8.2098 		37.384
v 19.6254 		-25.7861 		34.7441
v 26.0942 		-19.9584 		41.9053
v 17.4491 		-8.3468 		37.0458
v 20.115 		-25.8067 		34.6006
v 22.993 		-7.8365 		34.0987
v 22.5448 		-24.3245 		38.9377
v 22.6271 		-8.3882 		32.3978
v 26.1473 		-20.1118 		41.8773
v 27.0783 		-20.3379 		40.9986
v 20.62 		-25.802 		34.5332
v 26.0941 		-20.0987 		41.9275
v 22.1315 		-24.258 		39.2171
v 22.8462 		-8.2549 		32.7891
v 26.0993 		-20.125 		41.9372
v 13.1346 		-23.3448 		33.1815
v 13.1449 		-23.4808 		33.2107
v 13.1119 		-23.4619 		33.2762
v 16.4562 		-24.7054 		37.9311
v 13.145 		-23.4807 		33.2105
v 24.8869 		-19.7639 		42.7215
v 13.1398 		-23.5115 		33.2134
v 20.1347 		-25.5381 		35.9246
v 16.3846 		-24.911 		37.2864
v 26.094 		-20.0988 		41.9276
v 17.5107 		-9.4149 		38.6278
v 20.3827 		-25.5491 		35.8519
v 26.0296 		-20.0884 		41.9712
v 24.8878 		-19.9044 		42.7431
v 24.9495 		-19.9144 		42.7014
v 22.1396 		-23.6243 		40.4701
v 13.9739 		-23.6522 		32.0667
v 16.7234 		-9.591 		38.1923
v 20.6391 		-25.5461 		35.8177
v 21.425 		-23.5945 		40.6799
v 13.9835 		-23.7878 		32.0967
v 24.892 		-19.9305 		42.7534
v 17.7868 		-24.954 		37.6948
v 13.938 		-23.7711 		32.1571
v 13.1891 		-23.4968 		33.152
v 20.6856 		-23.601 		40.7784
v 13.9837 		-23.7877 		32.0965
v 17.7371 		-25.0953 		37.2534
v 13.9791 		-23.8189 		32.0985
v 24.8877 		-19.9045 		42.7432
v 17.7761 		-25.2327 		36.8074
v 24.8162 		-19.8976 		42.7766
v 21.6738 		-24.2138 		39.4316
v 24.3544 		-8.8157 		34.4386
v 21.185 		-24.1942 		39.575
v 21.5287 		-25.9174 		32.2022
v 27.0553 		-20.9427 		40.9936
v 24.169 		-8.6248 		35.0778
v 20.6791 		-24.1978 		39.6425
v 14.0381 		-23.8009 		32.0451
v 26.0324 		-20.6912 		41.9589
v 16.0413 		-9.7991 		37.6391
v 16.1135 		-11.2101 		39.2866
v 24.8433 		-20.4995 		42.7628
v 13.2693 		-24.0262 		33.3675
v 19.1451 		-25.922 		33.6173
v 25.6735 		-10.4527 		34.0017
v 13.7023 		-23.1739 		39.4333
v 19.8608 		-25.9516 		33.4081
v 14.0957 		-24.3281 		32.2696
v 25.6006 		-10.1945 		34.8402
v 20.5992 		-25.9454 		33.309
v 15.3016 		-11.4577 		38.6273
v 25.7987 		-21.3003 		41.8153
v 14.409 		-24.771 		32.5694
v 26.1071 		-24.2862 		36.672
v 15.0042 		-23.3689 		40.0935
v 21.3395 		-25.9034 		33.3236
v 24.6643 		-21.117 		42.5822
v 26.0342 		-24.027 		37.5103
v 14.5128 		-23.669 		39.2169
v 22.0589 		-25.8267 		33.4515
v 14.9088 		-25.1314 		32.9901
v 15.9198 		-23.8647 		39.6546
v 25.4053 		-21.9337 		41.5105
v 24.9012 		-24.634 		36.8014
v 15.5075 		-24.1162 		38.9191
v 24.4116 		-9.0176 		33.7861
v 24.3391 		-9.2232 		33.1416
v 19.3717 		-7.0754 		34.8557
v 24.8438 		-24.4323 		37.4531
v 13.2523 		-18.4525 		40.0926
v 24.1399 		-9.4269 		32.5231
v 19.1594 		-7.1231 		34.7385
v 19.6423 		-7.2957 		36.3637
v 24.6586 		-24.2412 		38.0931
v 27.9723 		-20.521 		39.8098
v 23.5627 		-24.9059 		36.9215
v 25.5814 		-10.7168 		33.1729
v 27.9705 		-20.6588 		39.8335
v 28.0042 		-20.6779 		39.767
v 23.4221 		-17.1083 		42.7493
v 20.3881 		-21.6796 		28.6453
v 27.9703 		-20.6584 		39.8338
v 23.5239 		-24.7672 		37.3681
v 27.9776 		-20.6874 		39.8425
v 19.1509 		-7.3476 		36.2761
v 27.9266 		-20.6423 		39.8918
v 25.3243 		-10.9796 		32.3784
v 18.6879 		-7.4224 		36.1141
v 27.8816 		-21.2449 		39.8948
v 13.2218 		-21.0004 		40.6507
v 13.2321 		-21.1395 		40.674
v 18.2691 		-7.5157 		35.8826
v 13.2769 		-21.1207 		40.7267
v 13.357 		-23.5267 		38.3624
v 13.232 		-21.1394 		40.6737
v 17.9065 		-7.6259 		35.5885
v 13.227 		-21.1671 		40.6826
v 27.5638 		-21.8277 		39.8458
v 21.3866 		-7.1588 		34.2663
v 21.2411 		-7.1054 		34.4593
v 13.1981 		-21.16 		40.6132
v 17.6112 		-7.7502 		35.2397
v 22.8662 		-7.7054 		34.537
v 26.0149 		-24.5504 		35.8432
v 25.758 		-24.8118 		35.0493
v 22.6562 		-7.5861 		34.9525
v 13.3547 		-21.7176 		40.723
v 13.2317 		-23.8827 		37.2458
v 22.3692 		-7.4815 		35.3336
v 14.2074 		-23.981 		38.2703
v 24.8285 		-24.8398 		36.1561
v 14.0967 		-24.2962 		37.2824
v 24.6295 		-25.0433 		35.5384
v 22.0141 		-7.3936 		35.669
v 12.6209 		-18.8373 		38.9659
v 21.6008 		-7.3271 		35.9485
v 28.9559 		-21.2529 		37.3149
v 12.2286 		-19.2387 		37.7488
v 23.5132 		-25.0459 		36.4807
v 23.1578 		-25.3191 		35.6664
v 28.9534 		-21.3916 		37.3406
v 23.3769 		-25.1858 		36.0577
v 18.9749 		-7.179 		34.5892
v 18.8246 		-7.2415 		34.4122
v 15.2514 		-24.3776 		38.1251
v 18.714 		-7.3096 		34.2135
v 18.6442 		-7.3807 		33.9985
v 28.9594 		-21.4127 		37.2724
v 18.6196 		-7.4522 		33.7748
v 28.9611 		-21.4196 		37.3468
v 18.6388 		-7.5214 		33.5484
v 15.1584 		-24.6417 		37.2965
v 18.7033 		-7.5883 		33.3261
v 18.8101 		-7.6489 		33.115
v 28.5862 		-20.8709 		38.5939
v 21.0603 		-7.0611 		34.6304
v 20.8505 		-7.0269 		34.7719
v 28.9534 		-21.3918 		37.341
v 20.618 		-7.0046 		34.8804
v 28.584 		-21.0087 		38.6187
v 28.6039 		-21.0294 		38.5499
v 20.37 		-6.9947 		34.9533
v 28.9337 		-21.3715 		37.409
v 20.1136 		-6.9966 		34.9873
v 28.5838 		-21.0083 		38.619
v 19.8559 		-7.011 		34.9828
v 19.6062 		-7.0378 		34.9386
v 18.933 		-21.6921 		28.8397
v 28.5915 		-21.0373 		38.6266
v 22.0139 		-17.0499 		43.1618
v 17.9022 		-25.3635 		36.37
v 28.5517 		-20.99 		38.6825
v 18.1122 		-25.4829 		35.9546
v 18.399 		-25.5877 		35.5726
v 23.397 		-24.6363 		37.8056
v 17.3922 		-7.8845 		34.8486
v 17.2561 		-8.0231 		34.4262
v 23.187 		-24.517 		38.2211
v 28.8499 		-21.9663 		37.4379
v 17.2064 		-8.1644 		33.9848
v 28.4865 		-21.5896 		38.6978
v 22.9001 		-24.4122 		38.6031
v 21.5772 		-7.3556 		33.6065
v 21.5524 		-7.4273 		33.382
v 21.5571 		-7.2853 		33.8329
v 21.4935 		-7.2194 		34.0552
v 17.2453 		-8.3018 		33.5388
v 22.1131 		-25.0213 		37.2567
v 18.7552 		-25.6754 		35.2379
v 28.4876 		-22.5158 		37.5014
v 22.0494 		-24.9544 		37.4788
v 21.0374 		-7.6847 		32.6428
v 19.1677 		-25.7419 		34.9586
v 21.2218 		-7.6287 		32.7922
v 28.1405 		-22.1564 		38.7037
v 21.3713 		-7.5652 		32.9691
v 21.9426 		-24.8938 		37.6899
v 21.4828 		-7.4981 		33.1678
v 21.7972 		-24.8411 		37.884
v 12.5806 		-21.3908 		39.5065
v 12.5914 		-21.5293 		39.5307
v 27.8841 		-23.0537 		37.535
v 12.6249 		-21.5089 		39.5904
v 12.5913 		-21.5292 		39.5304
v 27.5638 		-22.7231 		38.6431
v 12.5857 		-21.5574 		39.5384
v 12.1816 		-21.798 		38.2705
v 16.9187 		-8.5085 		36.615
v 16.4873 		-8.6895 		36.1065
v 16.1666 		-8.8853 		35.5341
v 21.6162 		-24.7961 		38.054
v 15.9668 		-9.0888 		34.9166
v 21.4065 		-24.7629 		38.1957
v 28.8603 		-19.0979 		35.523
v 23.5483 		-19.6347 		43.3483
v 12.1927 		-21.936 		38.2957
v 12.2137 		-21.9145 		38.3608
v 21.1741 		-24.7404 		38.305
v 16.4418 		-25.1129 		36.6339
v 12.1927 		-21.9359 		38.2953
v 12.1867 		-21.9647 		38.3024
v 16.6263 		-25.3038 		35.9949
v 20.9259 		-24.7296 		38.3769
v 23.5502 		-19.7753 		43.3694
v 12.5703 		-21.5506 		39.4652
v 23.6186 		-19.7819 		43.3374
v 23.5535 		-19.8013 		43.3801
v 20.6697 		-24.7323 		38.4119
v 16.9332 		-25.4788 		35.3865
v 21.8139 		-25.6005 		30.3821
v 23.5502 		-19.7754 		43.3694
v 23.4739 		-19.7722 		43.3918
v 20.4119 		-24.747 		38.4066
v 12.185 		-21.9577 		38.2274
v 20.5549 		-25.88 		31.1893
v 17.3529 		-25.6324 		34.8295
v 21.6885 		-25.8152 		31.2116
v 15.8949 		-9.2946 		34.2711
v 23.5244 		-20.3724 		43.3795
v 20.1621 		-24.7728 		38.3623
v 12.7233 		-22.1024 		39.5963
v 23.4055 		-20.9963 		43.171
v 12.3309 		-22.5027 		38.379
v 20.5777 		-25.9705 		32.1832
v 24.3599 		-21.7638 		42.2177
v 23.2008 		-21.6533 		42.7602
v 13.0993 		-22.6457 		39.5606
v 12.7251 		-23.0286 		38.3997
v 15.5809 		-25.4002 		33.5178
v 12.5888 		-23.4156 		37.1874
v 20.4674 		-24.2768 		29.0262
v 15.8644 		-25.3722 		34.8539
v 22.9149 		-22.3235 		42.1603
v 20.4717 		-24.4124 		29.0588
v 16.4038 		-25.5696 		34.1371
v 20.3904 		-24.4132 		29.0697
v 20.4726 		-24.4445 		29.0582
v 12.0859 		-19.6441 		36.4788
v 20.4718 		-24.4124 		29.0588
v 22.1331 		-25.0916 		37.0303
v 12.1986 		-20.0408 		35.1943
v 22.1085 		-25.1631 		36.8066
v 20.55 		-24.408 		29.0604
v 17.0716 		-25.7331 		33.5071
v 22.1181 		-19.5754 		43.7673
v 20.0914 		-7.1796 		33.6474
v 21.381 		-25.4673 		35.9493
v 20.4905 		-24.9447 		29.2757
v 17.8473 		-25.8583 		32.9827
v 22.1212 		-19.7163 		43.7881
v 22.194 		-19.7192 		43.7667
v 21.5934 		-25.4207 		36.0667
v 22.1232 		-19.742 		43.7991
v 21.7778 		-25.3648 		36.216
v 17.8723 		-25.7595 		34.3391
v 20.5104 		-25.3586 		29.7128
v 22.0422 		-19.717 		43.7986
v 18.4763 		-25.8574 		33.9306
v 21.9272 		-25.3012 		36.3929
v 22.1163 		-20.3139 		43.792
v 20.5327 		-25.6729 		30.3572
v 15.4863 		-10.0322 		36.9845
v 15.0739 		-10.2826 		36.2489
v 22.0621 		-20.9404 		43.5648
v 22.0387 		-25.2331 		36.5914
v 14.8178 		-10.5441 		35.4548
v 17.5249 		-21.6336 		29.2523
v 14.7247 		-10.8095 		34.6256
v 12.0372 		-22.2094 		36.9805
v 21.9622 		-21.6016 		43.1233
v 18.9953 		-24.4272 		29.2568
v 18.9244 		-24.4242 		29.2775
v 18.9949 		-24.4558 		29.2564
v 14.6396 		-11.7349 		37.8475
v 21.8195 		-22.2775 		42.4811
v 12.0485 		-22.3469 		37.0073
v 12.0561 		-22.3255 		37.0749
v 28.7184 		-19.5033 		34.2528
v 14.1481 		-12.035 		36.9709
v 12.0425 		-22.3758 		37.0132
v 13.8427 		-12.3471 		36.0243
v 20.5589 		-17.0624 		43.3563
v 19.1012 		-17.1439 		43.3281
v 12.1517 		-22.6129 		35.6763
v 13.732 		-12.6612 		35.0362
v 17.6851 		-17.2949 		43.0767
v 12.0485 		-22.3475 		37.0068
v 12.0546 		-22.3689 		36.9375
v 12.1629 		-22.7505 		35.7042
v 12.157 		-22.7296 		35.772
v 12.1571 		-22.7793 		35.709
v 19.0746 		-24.4266 		29.2462
v 12.163 		-22.751 		35.7037
v 12.1827 		-22.7712 		35.6356
v 17.8702 		-12.7299 		41.2937
v 12.1882 		-22.9081 		37.109
v 16.6994 		-12.9173 		40.8837
v 19.0354 		-24.9571 		29.4701
v 12.3009 		-23.3048 		35.8245
v 15.6392 		-13.1551 		40.2966
v 19.1224 		-25.3704 		29.8989
v 14.7208 		-13.4353 		39.551
v 19.2527 		-25.6842 		30.5281
v 16.4645 		-15.1089 		41.8281
v 19.423 		-25.8891 		31.3405
v 15.3136 		-15.3668 		41.191
v 14.3172 		-15.6703 		40.3824
v 19.6278 		-25.9793 		32.3104
v 29.0705 		-21.6554 		36.0105
v 13.5057 		-16.0111 		39.4257
v 29.0678 		-21.7936 		36.0372
v 29.0601 		-21.8152 		35.9691
v 29.0756 		-21.822 		36.0424
v 29.0678 		-21.7937 		36.0376
v 29.0617 		-21.7723 		36.1068
v 15.0171 		-21.3145 		30.6737
v 19.5532 		-22.3514 		42.6101
v 28.9626 		-22.363 		36.1534
v 16.2062 		-21.5073 		29.87
v 28.5946 		-22.8944 		36.2755
v 27.9832 		-23.4031 		36.4056
v 26.7474 		-13.3334 		37.9416
v 26.0205 		-13.0669 		38.9075
v 27.1449 		-23.8717 		36.5388
v 20.6886 		-22.9575 		41.7851
v 27.0579 		-23.5623 		37.538
v 20.6559 		-25.1857 		37.1238
v 13.9725 		-13.7488 		38.6694
v 28.9261 		-22.0667 		34.7205
v 13.4173 		-14.0866 		37.6785
v 18.813 		-23.1085 		41.6021
v 28.9312 		-22.1826 		34.8169
v 28.9236 		-22.2045 		34.7486
v 28.9235 		-22.2044 		34.7482
v 28.9313 		-22.2334 		34.7524
v 13.0723 		-14.4402 		36.6087
v 28.9024 		-22.226 		34.6828
v 28.8208 		-22.7673 		34.883
v 28.4593 		-23.2811 		35.0639
v 28.0841 		-23.6642 		33.9023
v 18.9556 		-7.7026 		32.9212
v 27.5126 		-24.1119 		34.2181
v 17.8683 		-8.6568 		32.304
v 18.2243 		-8.7448 		31.9684
# 795 vertices

g group_4_14860437

usemtl color_14860437
s 0

f 1666 	2387 	2388
f 1682 	1681 	1677
f 1689 	1686 	1681
f 1687 	1694 	1683
f 1691 	1688 	1668
f 1682 	1689 	1681
f 1676 	1711 	1678
f 1716 	1711 	1676
f 1675 	1691 	1668
f 1679 	1716 	1676
f 1994 	1689 	1682
f 1694 	1718 	1683
f 1721 	1691 	1675
f 1690 	1695 	1687
f 1687 	1695 	1694
f 2203 	1695 	1690
f 1679 	1696 	1716
f 1672 	1698 	1671
f 1696 	1699 	1716
f 1701 	1699 	1696
f 1700 	1698 	1672
f 1695 	1736 	1694
f 1696 	2438 	1701
f 1706 	1703 	1698
f 1977 	1697 	1699
f 1980 	1977 	1699
f 1700 	1706 	1698
f 1708 	1704 	1702
f 1701 	1980 	1699
f 1704 	1708 	1717
f 1845 	1692 	1693
f 1678 	1711 	1713
f 1714 	1720 	1710
f 1718 	1707 	1683
f 1717 	2365 	1704
f 1718 	1714 	1707
f 1819 	1684 	1688
f 1688 	1691 	1739
f 1710 	1720 	1735
f 1713 	1685 	1678
f 1718 	1722 	1714
f 1723 	1724 	1713
f 1722 	1720 	1714
f 1726 	1722 	1718
f 1711 	1723 	1713
f 1717 	2160 	2365
f 1716 	1697 	1711
f 1718 	1694 	1726
f 1697 	1723 	1711
f 1736 	1726 	1694
f 1699 	1697 	1716
f 1727 	1728 	1729
f 1732 	1725 	2460
f 1723 	2310 	1724
f 1728 	1727 	1731
f 1738 	1731 	1727
f 1726 	1741 	1722
f 1724 	2310 	2394
f 1728 	1731 	1733
f 1697 	1971 	1723
f 1728 	1733 	1729
f 1769 	1724 	2394
f 1730 	1737 	1734
f 1695 	1685 	1736
f 1914 	1735 	1720
f 1727 	1666 	1738
f 1685 	1752 	1736
f 1731 	1738 	1733
f 1737 	1759 	1734
f 1743 	1739 	1691
f 1740 	1751 	1748
f 1736 	1752 	1746
f 2417 	1749 	1744
f 1750 	2084 	1747
f 1743 	1767 	1739
f 2084 	2080 	1747
f 1752 	1769 	1746
f 1691 	1721 	1743
f 1721 	1725 	1755
f 1685 	1713 	1752
f 1755 	1743 	1721
f 1725 	1732 	1782
f 1782 	1755 	1725
f 1758 	1917 	1760
f 1759 	1756 	1734
f 1754 	1708 	1702
f 1757 	2290 	2107
f 2421 	1708 	1754
f 1761 	1762 	1753
f 2229 	1759 	1737
f 1845 	1830 	1692
f 1741 	1760 	1917
f 1762 	2373 	1753
f 1745 	1855 	1742
f 1741 	1763 	1760
f 1761 	1753 	1765
f 1763 	1741 	1746
f 1762 	1761 	1766
f 1746 	1769 	1763
f 1748 	1751 	1683
f 1766 	1761 	1765
f 1770 	1759 	1771
f 1768 	1764 	1702
f 1757 	1687 	1751
f 1713 	1724 	1752
f 1754 	1702 	1848
f 1687 	1683 	1751
f 1724 	1769 	1752
f 1759 	1770 	1756
f 1690 	1687 	1757
f 1759 	1773 	1771
f 2107 	1690 	1757
f 1759 	2229 	1773
f 1789 	1743 	1755
f 1774 	1765 	1753
f 1770 	1771 	1773
f 2221 	2229 	1737
f 1772 	1768 	1704
f 1765 	1774 	1766
f 1704 	2365 	1772
f 1693 	1763 	1769
f 1702 	1704 	1768
f 1692 	1778 	1760
f 1787 	1782 	1732
f 1782 	1791 	1755
f 1758 	1760 	1778
f 1778 	1942 	1758
f 1756 	2085 	1750
f 1869 	1784 	1779
f 1789 	1767 	1743
f 1763 	1692 	1760
f 2085 	2084 	1750
f 1789 	1854 	1767
f 1763 	1693 	1692
f 1777 	1790 	1776
f 1770 	2236 	1756
f 1791 	1789 	1755
f 1787 	1793 	1782
f 1808 	1788 	1807
f 1780 	1792 	1777
f 1793 	1791 	1782
f 1788 	1795 	1796
f 1792 	1790 	1777
f 1804 	1807 	1788
f 1797 	1792 	1780
f 1795 	1788 	1798
f 1808 	1798 	1788
f 1800 	1794 	1784
f 1799 	1796 	1795
f 1795 	1798 	1799
f 1869 	1800 	1784
f 1781 	1797 	1780
f 1742 	1797 	1781
f 1778 	1692 	1830
f 1783 	1742 	1781
f 1791 	1861 	1789
f 1785 	1745 	1783
f 1804 	1806 	1807
f 1745 	1742 	1783
f 1793 	1865 	1791
f 1740 	1748 	1785
f 1730 	1805 	1801
f 1748 	1745 	1785
f 1865 	1861 	1791
f 1806 	1804 	1811
f 1730 	1734 	1805
f 1798 	1808 	1799
f 1808 	1807 	1799
f 1813 	1799 	1807
f 1818 	1774 	1812
f 1815 	1852 	1810
f 1852 	1847 	1810
f 1846 	1843 	1792
f 1813 	1839 	1799
f 1812 	1816 	1818
f 1753 	1812 	1774
f 1819 	1814 	1684
f 1816 	1812 	1820
f 1844 	1820 	1812
f 1807 	1806 	1813
f 1818 	1816 	1823
f 1813 	1806 	1811
f 1816 	1820 	1823
f 1688 	1739 	1819
f 1727 	1729 	1804
f 1818 	1823 	1774
f 1766 	1774 	1823
f 1809 	1824 	1670
f 1827 	1804 	1729
f 1802 	1828 	1822
f 1824 	1821 	1670
f 1790 	1792 	1843
f 1843 	1838 	1790
f 1827 	1811 	1804
f 1829 	1825 	1814
f 1846 	1792 	1797
f 1827 	1729 	1813
f 1733 	1813 	1729
f 1827 	1813 	1811
f 1819 	1829 	1814
f 1805 	1828 	1802
f 1819 	1739 	1833
f 1830 	1832 	1834
f 1734 	1828 	1805
f 1833 	1829 	1819
f 1739 	1767 	1833
f 1832 	1830 	1835
f 1862 	1835 	1830
f 1826 	1836 	1837
f 1826 	1837 	1844
f 1812 	1826 	1844
f 1845 	1862 	1830
f 1756 	1828 	1734
f 1838 	1732 	1680
f 1912 	1919 	1826
f 1838 	1787 	1732
f 1839 	1831 	1799
f 1834 	1832 	1840
f 1836 	1826 	1841
f 1826 	1849 	1841
f 1832 	1835 	1840
f 1790 	1838 	1680
f 1839 	1848 	1831
f 1837 	1836 	1842
f 1848 	1764 	1831
f 1884 	1825 	1829
f 1836 	1841 	1842
f 1884 	1883 	1825
f 1733 	1744 	1813
f 1822 	1747 	1817
f 1847 	1824 	1809
f 1833 	1888 	1829
f 1744 	1839 	1813
f 1822 	1750 	1747
f 2164 	1831 	1764
f 1820 	1844 	1823
f 1842 	1823 	1844
f 1842 	1844 	1837
f 1750 	1822 	1828
f 1847 	1809 	1810
f 1742 	1850 	1797
f 1845 	1851 	1853
f 1862 	1845 	1853
f 1744 	1749 	1839
f 1756 	1750 	1828
f 1846 	1797 	1850
f 1749 	1848 	1839
f 1923 	1842 	1849
f 1851 	1845 	1857
f 1866 	1857 	1845
f 1841 	1849 	1842
f 1848 	1702 	1764
f 1853 	1851 	1859
f 1742 	1855 	1850
f 1823 	1860 	1766
f 1789 	1861 	1854
f 1707 	1855 	1745
f 1859 	1851 	1857
f 1749 	1754 	1848
f 1861 	1871 	1854
f 1860 	1779 	1766
f 1871 	1868 	1854
f 1823 	1864 	1860
f 1855 	1707 	1714
f 1835 	1862 	1840
f 1862 	1853 	1840
f 1859 	1840 	1853
f 1748 	1707 	1745
f 1823 	1842 	1864
f 1707 	1748 	1683
f 1866 	1859 	1857
f 1877 	1787 	1838
f 1843 	1877 	1838
f 1859 	1870 	1840
f 1869 	1779 	1860
f 1870 	1867 	1840
f 1872 	1860 	1864
f 1873 	1861 	1865
f 1872 	1869 	1860
f 1871 	1861 	1873
f 2456 	1874 	1867
f 1710 	1850 	1855
f 1714 	1710 	1855
f 1876 	1869 	1872
f 1876 	1800 	1869
f 1870 	2456 	1867
f 1846 	1879 	1843
f 1879 	1877 	1843
f 1881 	1879 	1846
f 1821 	1824 	2008
f 1719 	1786 	1946
f 1846 	1850 	1881
f 1710 	1881 	1850
f 1885 	1793 	1787
f 1877 	1885 	1787
f 1847 	2196 	1824
f 2458 	1674 	1878
f 1829 	1888 	1884
f 1879 	1887 	1877
f 1852 	2266 	1847
f 1882 	1912 	2402
f 1887 	1885 	1877
f 1886 	1719 	1946
f 1719 	1886 	1882
f 1878 	1889 	1934
f 1879 	1890 	1887
f 1886 	1912 	1882
f 1886 	1901 	1892
f 1886 	1892 	1893
f 1889 	1878 	1674
f 1881 	1890 	1879
f 1889 	1737 	1730
f 1735 	1890 	1881
f 1892 	1895 	1893
f 2221 	1737 	1889
f 1883 	1894 	1880
f 1884 	1897 	1883
f 1897 	1894 	1883
f 1735 	1881 	1710
f 1778 	1898 	1942
f 1888 	1899 	1884
f 1900 	1852 	1815
f 1946 	1951 	1886
f 1898 	1778 	1830
f 1912 	1826 	2402
f 1901 	1886 	1905
f 1891 	1900 	1815
f 1899 	1897 	1884
f 1898 	1903 	1904
f 1896 	1902 	1891
f 1887 	1949 	1885
f 1830 	1911 	1898
f 1903 	1906 	1904
f 1902 	1900 	1891
f 1907 	1902 	1896
f 1905 	1895 	1901
f 1892 	1901 	1895
f 1953 	1887 	1890
f 1898 	1909 	1903
f 1900 	2398 	1852
f 2266 	1852 	2398
f 1898 	1911 	1909
f 1963 	1908 	1895
f 1735 	1910 	1890
f 1911 	1830 	1834
f 1903 	1909 	1906
f 1909 	1911 	1906
f 1911 	1834 	1906
f 1840 	1906 	1834
f 1735 	1914 	1910
f 1917 	1914 	1720
f 1912 	1918 	1919
f 1849 	1826 	1919
f 1767 	1920 	1833
f 2402 	1907 	1882
f 1920 	1888 	1833
f 1767 	1854 	1920
f 1906 	1867 	1916
f 1888 	1922 	1899
f 2067 	1899 	1922
f 1722 	1917 	1720
f 1872 	1913 	1921
f 1849 	1919 	1923
f 1920 	1922 	1888
f 1868 	1922 	1920
f 1919 	1918 	1923
f 1840 	1867 	1906
f 1925 	1921 	1913
f 1741 	1917 	1722
f 1726 	1746 	1741
f 1854 	1868 	1920
f 1915 	1925 	1913
f 1726 	1736 	1746
f 2067 	2065 	1899
f 1916 	1867 	1874
f 1874 	1930 	1916
f 1897 	1875 	1894
f 1938 	1935 	1912
f 1886 	1893 	1912
f 1801 	1927 	1934
f 1925 	1936 	1921
f 1914 	1932 	1910
f 1912 	1935 	1918
f 1930 	1934 	1927
f 1874 	1878 	1930
f 1931 	1910 	1932
f 1672 	1921 	1936
f 1938 	1912 	1893
f 1878 	1934 	1930
f 1939 	1936 	1925
f 1935 	1938 	1923
f 1918 	1935 	1923
f 1934 	1730 	1801
f 1914 	1758 	1932
f 1895 	1923 	1893
f 1938 	1893 	1923
f 1941 	1864 	1842
f 1889 	1730 	1934
f 1758 	1942 	1932
f 1758 	1914 	1917
f 1923 	1941 	1842
f 1672 	1936 	1700
f 1941 	1923 	1908
f 1965 	1858 	1863
f 1908 	1915 	1941
f 1983 	1960 	1940
f 1700 	1936 	1944
f 1943 	1983 	1940
f 1923 	1895 	1908
f 1939 	1944 	1936
f 1872 	1864 	1913
f 1937 	1945 	1933
f 1944 	2054 	1700
f 1864 	1941 	1913
f 1945 	1943 	1933
f 1937 	1924 	1945
f 1941 	1915 	1913
f 1942 	1966 	1863
f 1947 	1865 	1793
f 1942 	1898 	1966
f 1885 	1947 	1793
f 1946 	1950 	1951
f 1905 	1886 	1951
f 1858 	2015 	1856
f 1959 	1958 	1946
f 1871 	1873 	2383
f 2015 	2009 	1856
f 1949 	1947 	1885
f 1950 	1952 	1951
f 1887 	1953 	1949
f 1858 	1965 	2015
f 1895 	1951 	1952
f 1905 	1951 	1895
f 1910 	1953 	1890
f 1950 	1946 	1958
f 1894 	1957 	1880
f 1967 	1962 	1954
f 1931 	1929 	1953
f 1910 	1931 	1953
f 1950 	1958 	1952
f 1958 	1959 	1952
f 1961 	1873 	1865
f 1947 	1961 	1865
f 1964 	1961 	1947
f 1963 	1895 	1952
f 1955 	1956 	2234
f 1964 	1947 	1949
f 1978 	1962 	1967
f 1978 	1974 	1962
f 1965 	1969 	1970
f 1963 	1968 	1908
f 1984 	1965 	1976
f 1953 	1929 	1949
f 1954 	2047 	1967
f 1990 	1966 	1904
f 1949 	1929 	1964
f 1908 	1968 	1915
f 1973 	1968 	1963
f 1969 	1972 	1970
f 1966 	1975 	1976
f 1979 	1972 	1976
f 1976 	1975 	1979
f 1697 	1977 	1971
f 1965 	1863 	1966
f 1904 	1966 	1898
f 1965 	1981 	1969
f 1966 	1976 	1965
f 1964 	2197 	1961
f 1915 	1968 	1982
f 1965 	1984 	1981
f 1966 	1990 	1985
f 1969 	1981 	1972
f 1982 	1925 	1915
f 1984 	1976 	1972
f 1981 	1984 	1972
f 1701 	2004 	1980
f 1986 	1982 	1968
f 1961 	2264 	1873
f 2087 	2091 	2191
f 1961 	2197 	2264
f 2094 	2200 	2091
f 1926 	1943 	1945
f 1973 	1986 	1968
f 1926 	1983 	1943
f 1929 	1856 	1964
f 1928 	1945 	1924
f 2318 	1974 	1978
f 1928 	1926 	1945
f 1987 	1972 	1993
f 1925 	1982 	1939
f 1975 	1966 	1985
f 1960 	1696 	1679
f 1983 	2438 	1960
f 1989 	1987 	1927
f 1975 	1985 	1979
f 1985 	1990 	1979
f 1990 	1904 	1979
f 1906 	1979 	1904
f 2439 	1983 	1926
f 1927 	1801 	1989
f 1979 	1993 	1972
f 1875 	2115 	1991
f 2439 	2438 	1983
f 1991 	1995 	1996
f 1906 	1916 	1979
f 1993 	1927 	1987
f 1682 	1703 	1994
f 1993 	1979 	1916
f 1995 	1991 	2000
f 1931 	1858 	1929
f 1858 	1856 	1929
f 1994 	1703 	2002
f 1863 	1858 	1931
f 1930 	1927 	1993
f 1916 	1930 	1993
f 1932 	1863 	1931
f 1989 	1801 	1998
f 1667 	2004 	1701
f 1932 	1942 	1863
f 1821 	2005 	1667
f 1805 	1802 	1998
f 2004 	1667 	2005
f 1801 	1805 	1998
f 1821 	2008 	2005
f 2009 	2010 	2011
f 2012 	2045 	1992
f 1999 	2012 	1992
f 2336 	1686 	1689
f 2011 	2010 	2013
f 2016 	2012 	1999
f 1994 	2014 	1689
f 1996 	1995 	2001
f 2015 	2030 	2018
f 2015 	2018 	2019
f 2024 	2009 	2019
f 2015 	2019 	2009
f 2031 	2030 	2015
f 2000 	2001 	1995
f 1965 	1970 	2015
f 2018 	2022 	2019
f 2009 	2023 	2010
f 2082 	2078 	2003
f 2407 	2410 	2001
f 2009 	2024 	2023
f 2082 	2003 	2007
f 2010 	2023 	2013
f 2024 	2019 	2013
f 2022 	2013 	2019
f 1994 	2027 	2014
f 2115 	2117 	1991
f 2028 	1991 	2117
f 2023 	2024 	2013
f 2028 	2000 	1991
f 2016 	2025 	2012
f 2020 	2029 	2017
f 2121 	2001 	2117
f 2028 	2117 	2001
f 2000 	2028 	2001
f 1994 	2002 	2027
f 2029 	2026 	2017
f 2025 	2055 	2012
f 2020 	2032 	2029
f 2033 	2027 	2002
f 2031 	2015 	1970
f 2071 	2025 	2016
f 2018 	2030 	2022
f 1972 	2022 	1970
f 2031 	1970 	2022
f 2030 	2031 	2022
f 2021 	2032 	2020
f 2037 	2032 	2021
f 2407 	2001 	2034
f 2006 	2033 	2002
f 2013 	2022 	2039
f 2044 	2043 	2034
f 2039 	2036 	2013
f 2022 	1987 	2039
f 2041 	2033 	2006
f 1896 	1891 	2026
f 1987 	1989 	2039
f 1896 	2026 	2029
f 1987 	2022 	1972
f 2017 	2026 	2040
f 2047 	1954 	1948
f 2043 	2047 	1948
f 2050 	2046 	2036
f 2035 	2049 	1924
f 2044 	2051 	2043
f 2049 	1928 	1924
f 2045 	2052 	2042
f 2051 	2047 	2043
f 2053 	2049 	2035
f 2036 	2039 	2050
f 2052 	2048 	2042
f 2055 	2052 	2045
f 2038 	2053 	2035
f 2039 	1989 	2050
f 1706 	1700 	2054
f 2038 	2040 	2056
f 2045 	2012 	2055
f 2047 	2051 	2059
f 2056 	2053 	2038
f 2064 	2054 	2057
f 2058 	2326 	2046
f 2059 	1967 	2047
f 2026 	2056 	2040
f 2050 	2058 	2046
f 2026 	1891 	2056
f 2050 	1998 	2058
f 2052 	2060 	2048
f 2059 	2051 	2345
f 2055 	2062 	2052
f 2062 	2060 	2052
f 2002 	1703 	1706
f 1998 	1802 	2058
f 2053 	1810 	2049
f 1998 	2050 	1989
f 2006 	2002 	1706
f 1815 	1810 	2053
f 2006 	1706 	2054
f 2056 	1815 	2053
f 2056 	1891 	1815
f 1897 	1899 	2065
f 2054 	2064 	2006
f 2065 	1875 	1897
f 2061 	2066 	2057
f 1802 	2063 	2058
f 2066 	2064 	2057
f 1937 	2225 	2068
f 1802 	1822 	2063
f 2333 	2063 	1817
f 2005 	2008 	2120
f 2064 	2041 	2006
f 2069 	2071 	2016
f 2063 	1822 	1817
f 1817 	1747 	2176
f 2079 	2064 	2066
f 2073 	2071 	2069
f 2078 	1997 	2003
f 2079 	2041 	2064
f 2443 	2041 	2079
f 2080 	2076 	2176
f 1997 	2078 	2074
f 2080 	2176 	1747
f 2082 	2017 	2078
f 2065 	2115 	1875
f 2007 	2072 	2082
f 2068 	1924 	1937
f 2071 	2097 	2025
f 2071 	2073 	2130
f 2035 	1924 	2068
f 2087 	2191 	1980
f 2130 	2097 	2071
f 2070 	2035 	2068
f 2004 	2087 	1980
f 2074 	2038 	2070
f 2077 	2134 	2073
f 2038 	2035 	2070
f 2134 	2130 	2073
f 2140 	2134 	2077
f 2102 	2109 	2087
f 2145 	2088 	2086
f 2040 	2074 	2078
f 2087 	2090 	2091
f 2040 	2038 	2074
f 2080 	2363 	2076
f 2090 	2087 	2092
f 2109 	2092 	2087
f 2078 	2017 	2040
f 1977 	1980 	2191
f 2025 	2093 	2055
f 2094 	2090 	2092
f 2062 	2055 	2093
f 2131 	2067 	1788
f 2090 	2094 	2091
f 2097 	2093 	2025
f 2202 	2191 	2091
f 2004 	2102 	2087
f 2005 	2102 	2004
f 1705 	2096 	2270
f 2102 	2005 	2120
f 2132 	2125 	2100
f 2102 	2120 	2127
f 2132 	2100 	2103
f 2108 	2109 	2102
f 2108 	2102 	2111
f 2062 	2093 	2106
f 2133 	2126 	2104
f 2097 	2112 	2093
f 2110 	2133 	2104
f 2112 	2106 	2093
f 2092 	2109 	2094
f 2109 	2108 	2094
f 2114 	2094 	2108
f 2107 	2292 	2113
f 2115 	2116 	2117
f 2020 	2082 	2072
f 2108 	2111 	2114
f 2116 	2115 	2119
f 2020 	2017 	2082
f 2128 	2129 	2120
f 2021 	2072 	2095
f 2106 	2112 	2309
f 2020 	2072 	2021
f 2098 	2182 	2099
f 2119 	2121 	2116
f 2117 	2116 	2121
f 2102 	2124 	2111
f 2128 	2120 	2144
f 2100 	2125 	2095
f 2126 	2101 	2104
f 2127 	2120 	2129
f 2067 	2131 	2065
f 2102 	2127 	2124
f 2125 	2021 	2095
f 2126 	2122 	2101
f 2115 	2065 	2131
f 2111 	2124 	2114
f 2125 	2037 	2021
f 2136 	2114 	2127
f 2136 	2127 	2129
f 2137 	2066 	2061
f 2124 	2127 	2114
f 2131 	2135 	2138
f 2138 	2139 	2115
f 2131 	2138 	2115
f 2094 	2114 	2155
f 2139 	2119 	2115
f 1712 	2110 	2075
f 2118 	2137 	2061
f 1712 	2133 	2110
f 2135 	2131 	2141
f 2123 	2142 	2118
f 2129 	2128 	2136
f 2119 	2139 	2121
f 1715 	2075 	2076
f 2153 	2149 	2134
f 2140 	2153 	2134
f 2139 	2138 	2121
f 2143 	2121 	2138
f 1715 	1712 	2075
f 2107 	2113 	2187
f 2142 	2137 	2118
f 2145 	2142 	2123
f 2107 	2187 	1690
f 2147 	2112 	2097
f 2146 	2144 	2120
f 2183 	2187 	2113
f 2121 	2143 	2164
f 2183 	2113 	2099
f 2130 	2147 	2097
f 2138 	2135 	2143
f 2144 	2146 	2136
f 2128 	2144 	2136
f 2148 	2182 	2098
f 2135 	2141 	2143
f 2130 	2134 	2149
f 2037 	2125 	2157
f 2146 	2322 	2323
f 2323 	2136 	2146
f 2105 	2148 	2098
f 2149 	2147 	2130
f 2151 	2200 	2094
f 2105 	2152 	2148
f 2081 	2066 	2137
f 2154 	2131 	1796
f 1788 	1796 	2131
f 1817 	2150 	2333
f 2081 	2079 	2066
f 2154 	2141 	2131
f 2083 	2081 	2137
f 2156 	2132 	2103
f 1681 	1686 	2140
f 2083 	2137 	2142
f 2094 	2155 	2151
f 1686 	2153 	2140
f 2142 	2145 	2086
f 2158 	2155 	2114
f 2154 	2143 	2141
f 2154 	1796 	2143
f 1799 	2143 	1796
f 2086 	2083 	2142
f 2219 	1933 	2152
f 2159 	2034 	2001
f 1971 	2251 	2233
f 2173 	2168 	2155
f 2001 	2121 	2159
f 2158 	2173 	2155
f 1971 	1977 	2251
f 2136 	2158 	2114
f 2121 	2164 	2159
f 2163 	2160 	1717
f 2147 	2149 	2319
f 1973 	2162 	1986
f 2157 	2125 	2132
f 1799 	1831 	2143
f 2329 	2324 	2153
f 2132 	2167 	2157
f 1831 	2164 	2143
f 2159 	2044 	2034
f 2151 	2155 	2168
f 2152 	1940 	2148
f 2164 	2169 	2159
f 2156 	2167 	2132
f 2165 	2148 	1940
f 2171 	1939 	1982
f 1943 	1940 	2152
f 2172 	2166 	2340
f 2168 	1988 	2151
f 1933 	1943 	2152
f 2169 	2044 	2159
f 1986 	2171 	1982
f 2169 	2164 	1764
f 2193 	2161 	1676
f 1986 	2162 	2175
f 2150 	2172 	2340
f 1764 	1768 	2169
f 2416 	2413 	2037
f 1986 	2175 	2171
f 2165 	1679 	2161
f 1768 	2177 	2169
f 1679 	1676 	2161
f 2150 	2176 	2172
f 2177 	2051 	2044
f 2165 	1960 	1679
f 2338 	2173 	2158
f 1939 	2171 	2178
f 2177 	2044 	2169
f 2176 	2150 	1817
f 1988 	2179 	1999
f 1940 	1960 	2165
f 2178 	1944 	1939
f 2181 	2178 	2171
f 2170 	2180 	2220
f 2177 	2345 	2051
f 1768 	1772 	2177
f 2099 	2182 	2183
f 2179 	1988 	2168
f 2163 	2104 	2160
f 2185 	2180 	2170
f 2175 	2181 	2171
f 2341 	2179 	2168
f 2160 	2104 	2101
f 2110 	2104 	2163
f 2241 	2181 	2175
f 2166 	2110 	2163
f 2170 	2174 	2185
f 2166 	2172 	2075
f 2173 	2341 	2168
f 2048 	2190 	2174
f 2075 	2110 	2166
f 2174 	2190 	2185
f 2048 	2060 	2190
f 1999 	2179 	2016
f 2176 	2076 	2172
f 1977 	2191 	2251
f 2057 	2054 	1944
f 2076 	2075 	2172
f 2161 	2193 	2183
f 2179 	2341 	2069
f 2178 	2057 	1944
f 2227 	2180 	2192
f 1786 	2186 	2206
f 2069 	2016 	2179
f 2191 	2194 	2195
f 2191 	2195 	2251
f 2061 	2178 	2181
f 1824 	2196 	2008
f 2194 	2191 	2198
f 2206 	1946 	1786
f 2180 	2199 	2192
f 1856 	2197 	1964
f 2198 	2200 	2194
f 2195 	2194 	2200
f 2182 	2161 	2183
f 2165 	2161 	2182
f 2148 	2165 	2182
f 2202 	2198 	2191
f 2185 	2199 	2180
f 2262 	2201 	2189
f 2198 	2202 	2200
f 1690 	2187 	2203
f 2202 	2091 	2200
f 2193 	2187 	2183
f 2203 	2187 	2193
f 2061 	2057 	2178
f 1676 	1678 	2193
f 1685 	1695 	2203
f 2206 	2207 	2209
f 1959 	1946 	2209
f 2206 	2209 	1946
f 2188 	2208 	2184
f 2060 	2274 	2190
f 2207 	2206 	2211
f 1678 	1685 	2203
f 2208 	2204 	2184
f 2205 	2200 	2151
f 2188 	2212 	2208
f 2213 	1952 	2209
f 1959 	2209 	1952
f 2193 	1678 	2203
f 2209 	2207 	2213
f 2207 	2211 	2213
f 2205 	1988 	2214
f 1992 	2291 	2214
f 2188 	2239 	2212
f 2151 	1988 	2205
f 2217 	2211 	2206
f 2105 	2098 	2279
f 2170 	1669 	2440
f 2220 	1669 	2170
f 2302 	2213 	2217
f 2211 	2217 	2213
f 2213 	2223 	1952
f 2221 	1889 	1674
f 2223 	1963 	1952
f 2189 	2072 	2007
f 2095 	2072 	2189
f 2221 	1674 	2220
f 2225 	2222 	2215
f 2095 	2189 	2201
f 2226 	2162 	2210
f 2220 	2180 	2227
f 2226 	2175 	2162
f 2204 	2100 	2201
f 2223 	1973 	1963
f 2216 	2225 	2215
f 2224 	2228 	2210
f 2100 	2095 	2201
f 2343 	1973 	2223
f 2009 	2347 	2197
f 2227 	2229 	2221
f 1999 	1992 	2214
f 2216 	2230 	2225
f 2197 	1856 	2009
f 2214 	1988 	1999
f 2227 	2235 	2229
f 2254 	2237 	2233
f 1955 	2234 	2231
f 2227 	2221 	2220
f 2304 	2208 	2212
f 2192 	2235 	2227
f 2253 	1997 	2232
f 2219 	2152 	2105
f 2354 	2234 	1956
f 1933 	2219 	2222
f 2210 	2228 	2226
f 1962 	2228 	2224
f 1773 	2229 	2238
f 1974 	2228 	1962
f 1956 	1957 	2354
f 2222 	2225 	1937
f 1962 	2224 	1954
f 1770 	1773 	2236
f 2238 	2236 	1773
f 2229 	2235 	2238
f 2068 	2225 	2230
f 2431 	2233 	2244
f 2237 	2244 	2233
f 2232 	2070 	2230
f 2431 	2244 	2246
f 2068 	2230 	2070
f 2226 	2241 	2175
f 2074 	2070 	2232
f 2248 	2241 	2226
f 2074 	2232 	1997
f 2244 	2237 	2246
f 2228 	2248 	2226
f 2228 	1974 	2248
f 2251 	2256 	2257
f 2233 	2251 	2259
f 2257 	2259 	2251
f 2218 	2212 	2239
f 2259 	2254 	2233
f 2241 	2118 	2181
f 2218 	2239 	2240
f 2256 	2251 	2261
f 2268 	2261 	2251
f 2311 	2008 	2196
f 2118 	2061 	2181
f 2195 	2268 	2251
f 2123 	2118 	2241
f 2237 	2254 	2246
f 2123 	2241 	2248
f 2265 	2246 	2259
f 2265 	2259 	2257
f 2311 	2120 	2008
f 2254 	2259 	2246
f 2243 	2273 	2242
f 2315 	2248 	1974
f 2315 	2123 	2248
f 2230 	2216 	2252
f 2266 	2196 	1847
f 2261 	2265 	2256
f 2257 	2256 	2265
f 2232 	2230 	2252
f 2245 	2276 	2243
f 2276 	2273 	2243
f 2232 	2252 	2253
f 1997 	2253 	2255
f 2003 	1997 	2255
f 2003 	2255 	2258
f 2007 	2258 	2260
f 2007 	2003 	2258
f 2238 	2235 	2358
f 2189 	2007 	2260
f 2260 	2262 	2189
f 2242 	2272 	2240
f 2303 	2231 	2234
f 2271 	2199 	2185
f 2096 	2269 	2270
f 2287 	2199 	2271
f 2272 	2218 	2240
f 2200 	2265 	2195
f 2268 	2195 	2265
f 2261 	2268 	2265
f 2190 	2271 	2185
f 2201 	2262 	2263
f 2347 	1666 	2264
f 2242 	2273 	2272
f 2204 	2201 	2263
f 2274 	2271 	2190
f 2204 	2263 	2184
f 2062 	2278 	2060
f 2265 	2277 	2246
f 2060 	2278 	2274
f 2246 	2277 	2275
f 2062 	2106 	2278
f 2265 	2205 	2277
f 2199 	2284 	2192
f 2283 	2276 	2245
f 2186 	2231 	2296
f 2205 	2214 	2277
f 2296 	2206 	2186
f 2265 	2200 	2205
f 2356 	2192 	2284
f 2247 	2283 	2245
f 2264 	2197 	2347
f 2287 	2284 	2199
f 2291 	2286 	2275
f 2274 	2293 	2271
f 2293 	2287 	2271
f 2196 	2266 	2361
f 2291 	2275 	2277
f 2278 	2295 	2274
f 2098 	2099 	2280
f 2101 	2289 	2374
f 2295 	2293 	2274
f 2277 	2214 	2291
f 2307 	2295 	2278
f 2279 	2098 	2280
f 2296 	2297 	2299
f 2296 	2299 	2206
f 2283 	1684 	2276
f 2281 	2105 	2279
f 2297 	2296 	2300
f 2101 	2122 	2289
f 1668 	1688 	2283
f 1688 	1684 	2283
f 2299 	2297 	2302
f 2103 	2100 	2204
f 2106 	2307 	2278
f 2291 	2301 	2286
f 2281 	2282 	2219
f 2297 	2300 	2302
f 2219 	2105 	2281
f 2145 	2267 	2088
f 2299 	2217 	2206
f 2196 	2361 	2311
f 2215 	2222 	2282
f 2301 	2298 	2286
f 2089 	2088 	2267
f 2103 	2204 	2208
f 2217 	2299 	2302
f 2222 	2219 	2282
f 2309 	2307 	2106
f 1992 	2301 	2291
f 2103 	2208 	2304
f 2288 	1751 	1740
f 2042 	2298 	2301
f 2089 	2267 	2269
f 1757 	1751 	2288
f 1992 	2045 	2301
f 2269 	2096 	2089
f 2231 	2303 	2296
f 2045 	2042 	2301
f 2218 	2305 	2212
f 2290 	1757 	2288
f 2305 	2304 	2212
f 2292 	2107 	2290
f 2285 	1705 	2270
f 2272 	2306 	2218
f 2294 	2113 	2292
f 2042 	2442 	2298
f 2285 	1709 	1705
f 2099 	2113 	2294
f 2306 	2305 	2218
f 1709 	2285 	2289
f 2308 	2306 	2272
f 2294 	2280 	2099
f 2279 	2280 	2362
f 2122 	1709 	2289
f 2279 	2362 	2281
f 2313 	2321 	2296
f 2296 	2303 	2313
f 2312 	2313 	2303
f 1723 	1971 	2310
f 2362 	2282 	2281
f 2147 	2314 	2112
f 2312 	2303 	2316
f 2362 	2215 	2282
f 2215 	2362 	2216
f 2382 	2379 	2306
f 2312 	2316 	2317
f 2309 	2112 	2314
f 2318 	2315 	1974
f 2312 	2317 	2313
f 2147 	2319 	2314
f 2273 	2308 	2272
f 2362 	2252 	2216
f 2321 	2300 	2296
f 2311 	2320 	2322
f 2120 	2311 	2146
f 2322 	2146 	2311
f 2362 	2253 	2252
f 2362 	2255 	2253
f 2325 	2318 	1978
f 2322 	2320 	2323
f 2321 	2313 	2302
f 2300 	2321 	2302
f 2317 	2302 	2313
f 2149 	2153 	2324
f 2393 	2330 	2303
f 2269 	2318 	2325
f 2311 	2327 	2320
f 2149 	2324 	2319
f 2311 	2328 	2327
f 2330 	2316 	2303
f 2328 	2323 	2327
f 2320 	2327 	2323
f 2330 	2317 	2316
f 2329 	2153 	1686
f 2335 	2158 	2136
f 2276 	2334 	2273
f 1686 	2336 	2329
f 2315 	2145 	2123
f 2323 	2335 	2136
f 2213 	2337 	2223
f 2063 	2326 	2058
f 2014 	2336 	1689
f 2335 	2338 	2158
f 2334 	2308 	2273
f 2302 	2337 	2213
f 2063 	2333 	2326
f 2339 	2337 	2302
f 2276 	1684 	2334
f 2267 	2315 	2318
f 2145 	2315 	2267
f 2331 	2340 	2421
f 2339 	2302 	2317
f 2318 	2269 	2267
f 2333 	2150 	2331
f 2338 	2342 	2173
f 2270 	2269 	2325
f 2150 	2340 	2331
f 2233 	2425 	2310
f 2332 	2270 	2325
f 2223 	2337 	2343
f 2342 	2341 	2173
f 2339 	2344 	2337
f 2285 	2270 	2332
f 2344 	2343 	2337
f 2233 	2310 	1971
f 2346 	2344 	2339
f 2177 	1772 	2345
f 2348 	1978 	1967
f 2343 	2162 	1973
f 2210 	2162 	2343
f 2059 	2348 	1967
f 2349 	2069 	2341
f 2347 	2350 	2352
f 2210 	2343 	2344
f 2009 	2011 	2347
f 2224 	2210 	2344
f 2350 	2353 	2352
f 2224 	2344 	2346
f 2342 	2349 	2341
f 2103 	2304 	2156
f 2342 	2391 	2349
f 1954 	2224 	2346
f 2378 	2304 	2305
f 2347 	2355 	2350
f 2085 	1756 	2236
f 2059 	2345 	2351
f 1894 	2357 	1957
f 2356 	2358 	2235
f 2347 	2359 	2355
f 2357 	2354 	1957
f 2073 	2069 	2349
f 1894 	1875 	2357
f 2348 	2059 	2351
f 2359 	2347 	2011
f 2360 	2351 	2345
f 2355 	2353 	2350
f 2425 	2394 	2310
f 2077 	2073 	2349
f 2013 	2353 	2011
f 2359 	2011 	2353
f 2355 	2359 	2353
f 2192 	2356 	2235
f 1772 	2360 	2345
f 2367 	2328 	2361
f 1715 	2076 	2363
f 1772 	2365 	2360
f 2305 	2306 	2379
f 2357 	1991 	2400
f 2361 	2366 	2367
f 2311 	2361 	2328
f 2379 	2378 	2305
f 2373 	2366 	2361
f 1875 	1991 	2357
f 2348 	2325 	1978
f 2084 	2368 	2080
f 2353 	2036 	2364
f 2382 	2306 	2308
f 2369 	2367 	2366
f 2351 	2332 	2348
f 2368 	2363 	2080
f 2334 	2384 	2308
f 2332 	2325 	2348
f 2371 	2332 	2351
f 2323 	2328 	2369
f 2328 	2367 	2369
f 2353 	2013 	2036
f 2085 	2370 	2084
f 2357 	2400 	2354
f 2371 	2285 	2332
f 2360 	2371 	2351
f 2258 	2255 	2362
f 2365 	2374 	2360
f 2361 	1753 	2373
f 2084 	2370 	2368
f 2374 	2371 	2360
f 2362 	2260 	2258
f 2366 	2373 	2369
f 2085 	2375 	2370
f 2362 	2262 	2260
f 2364 	2046 	2372
f 2369 	2373 	1766
f 1762 	1766 	2373
f 2362 	2263 	2262
f 2417 	2372 	2377
f 2323 	2369 	2376
f 1684 	1814 	2334
f 2362 	2184 	2263
f 2365 	2160 	2374
f 1814 	2384 	2334
f 2326 	2377 	2372
f 2364 	2036 	2046
f 2323 	2376 	2335
f 2362 	2188 	2184
f 1779 	2376 	2369
f 2378 	2156 	2304
f 2289 	2285 	2371
f 2326 	2372 	2046
f 2400 	2385 	2354
f 2374 	2289 	2371
f 1766 	1779 	2369
f 2236 	2375 	2085
f 2331 	2419 	2377
f 2376 	2380 	2335
f 2160 	2101 	2374
f 2333 	2331 	2377
f 2381 	2375 	2236
f 2326 	2333 	2377
f 2335 	2380 	2338
f 2376 	1784 	2380
f 2238 	2381 	2236
f 2388 	1738 	1666
f 2382 	2397 	2379
f 2383 	1873 	2264
f 1784 	1794 	2380
f 2362 	2457 	2250
f 2358 	2381 	2238
f 2376 	1779 	1784
f 2234 	2385 	2303
f 2362 	1775 	2457
f 2308 	2384 	2382
f 2386 	2342 	2338
f 2362 	1776 	1775
f 1666 	2383 	2264
f 2385 	2234 	2354
f 2380 	2386 	2338
f 2362 	1777 	1776
f 2403 	2392 	2385
f 2362 	1780 	1777
f 2380 	1794 	2386
f 2378 	2390 	2156
f 2362 	1781 	1780
f 2393 	2385 	2392
f 2303 	2385 	2393
f 2390 	2167 	2156
f 2362 	1783 	1781
f 2386 	2391 	2342
f 2378 	2395 	2390
f 1794 	1803 	2386
f 1769 	2394 	1693
f 2362 	1785 	1783
f 2393 	2396 	2330
f 2317 	2330 	2396
f 1803 	2391 	2386
f 2362 	1740 	1785
f 2077 	2349 	2391
f 2362 	2288 	1740
f 2393 	2392 	2396
f 2362 	2290 	2288
f 2395 	2378 	2379
f 2379 	2397 	2395
f 2362 	2292 	2290
f 2362 	2294 	2292
f 2280 	2294 	2362
f 1902 	2399 	1900
f 2405 	2406 	2400
f 2399 	2398 	1900
f 2384 	2401 	2382
f 1738 	2388 	1733
f 2389 	1733 	2388
f 2402 	2399 	1902
f 2401 	2397 	2382
f 2401 	2384 	1825
f 2406 	2404 	2400
f 2385 	2400 	2404
f 2404 	2403 	2385
f 1907 	2402 	1902
f 2388 	2387 	2389
f 1814 	1825 	2384
f 2392 	2403 	2396
f 2407 	2396 	2404
f 2407 	2404 	2406
f 2403 	2404 	2396
f 2362 	2239 	2188
f 2412 	2317 	2396
f 2347 	2352 	1666
f 2408 	1666 	2352
f 2239 	2362 	2240
f 2408 	2387 	1666
f 2362 	2242 	2240
f 2406 	2405 	2407
f 2352 	2353 	2408
f 2389 	2408 	2353
f 1991 	1996 	2400
f 2387 	2408 	2389
f 2399 	2402 	1826
f 2401 	1880 	2397
f 2409 	2405 	2400
f 1825 	1883 	2401
f 1826 	1812 	2399
f 2410 	2409 	2400
f 1883 	1880 	2401
f 2410 	2400 	1996
f 2409 	2407 	2405
f 2032 	2411 	2029
f 1996 	2001 	2410
f 2409 	2410 	2407
f 2411 	1896 	2029
f 2412 	2339 	2317
f 2389 	2414 	1733
f 2037 	2413 	2032
f 2295 	2443 	2293
f 2396 	2415 	2412
f 2443 	2307 	2309
f 2413 	2411 	2032
f 1733 	2414 	1744
f 2364 	2414 	2389
f 2416 	2422 	2413
f 2364 	2372 	2414
f 2362 	2243 	2242
f 2407 	2415 	2396
f 2353 	2364 	2389
f 2415 	2407 	2034
f 2362 	2245 	2243
f 2416 	2037 	2157
f 2445 	2394 	2425
f 2398 	1753 	2266
f 2157 	2418 	2416
f 2362 	2247 	2245
f 2034 	2043 	2415
f 1744 	2414 	2417
f 2418 	2157 	2167
f 2372 	2417 	2414
f 2412 	2346 	2339
f 2417 	2419 	1749
f 1948 	2346 	2412
f 1954 	2346 	1948
f 2419 	1754 	1749
f 2377 	2419 	2417
f 1948 	2412 	2415
f 1753 	2361 	2266
f 2411 	1907 	1896
f 2415 	2043 	1948
f 2411 	2413 	2420
f 1812 	1753 	2398
f 2362 	2249 	2247
f 2420 	1907 	2411
f 2249 	2362 	2250
f 2398 	2399 	1812
f 2421 	1754 	2419
f 2413 	2422 	2420
f 1693 	2394 	2445
f 2421 	2419 	2331
f 2423 	2416 	2418
f 1708 	2421 	2424
f 2424 	1717 	1708
f 2421 	2340 	2424
f 2423 	2422 	2416
f 2418 	2426 	2423
f 2425 	2427 	2428
f 2233 	2431 	2425
f 2428 	2427 	2429
f 2443 	2295 	2307
f 2309 	2314 	2443
f 2163 	1717 	2424
f 2451 	2448 	2429
f 2418 	2444 	2426
f 2319 	2324 	2443
f 2425 	2430 	2427
f 2424 	2340 	2166
f 2383 	1666 	1727
f 2425 	2431 	2430
f 2420 	1882 	1907
f 2163 	2424 	2166
f 2427 	2430 	2429
f 2246 	2429 	2431
f 2430 	2431 	2429
f 1921 	1876 	1872
f 2443 	2314 	2319
f 1868 	2432 	1922
f 1794 	1800 	2433
f 1922 	2432 	2067
f 2451 	2429 	2434
f 2275 	2429 	2246
f 2435 	2432 	1868
f 1803 	1794 	2433
f 2275 	2434 	2429
f 1671 	2433 	1800
f 2286 	2434 	2275
f 1871 	2435 	1868
f 2434 	2286 	2436
f 2222 	1937 	1933
f 1876 	1671 	1800
f 1871 	2383 	2435
f 1672 	1876 	1921
f 2436 	2298 	2437
f 1672 	1671 	1876
f 1960 	2438 	1696
f 1719 	2420 	2422
f 2298 	2436 	2286
f 1803 	2441 	2391
f 1719 	1882 	2420
f 2440 	1673 	2437
f 1786 	1719 	2422
f 2298 	2442 	2437
f 2079 	2081 	2443
f 2423 	1786 	2422
f 2441 	2077 	2391
f 2442 	2440 	2437
f 2435 	2383 	1727
f 2356 	2443 	2358
f 1670 	2439 	1926
f 2426 	2186 	2423
f 1677 	2441 	1803
f 2186 	1786 	2423
f 2356 	2284 	2443
f 2441 	2140 	2077
f 2442 	2174 	2440
f 1670 	1821 	2439
f 1681 	2140 	2441
f 2174 	2170 	2440
f 2284 	2287 	2443
f 2444 	2418 	2167
f 1677 	1681 	2441
f 1928 	1670 	1926
f 2048 	2174 	2442
f 2042 	2048 	2442
f 2287 	2293 	2443
f 1928 	2049 	1809
f 2390 	2444 	2167
f 2433 	1677 	1803
f 1693 	2445 	1845
f 1804 	2432 	2435
f 2395 	2446 	2390
f 1727 	1804 	2435
f 1928 	1809 	1670
f 2448 	2449 	2445
f 1671 	2447 	2433
f 2445 	2425 	2448
f 2428 	2448 	2425
f 2449 	2450 	2445
f 1809 	2049 	1810
f 2446 	2444 	2390
f 1677 	2433 	2447
f 2449 	2448 	2451
f 2428 	2429 	2448
f 2452 	2446 	2395
f 2439 	1667 	2438
f 2451 	2450 	2449
f 2447 	1671 	1698
f 1667 	1701 	2438
f 2453 	1866 	2445
f 1788 	2067 	2432
f 1677 	2447 	1682
f 1845 	2445 	1866
f 2450 	2453 	2445
f 2451 	1859 	2453
f 2397 	2452 	2395
f 1703 	1682 	2447
f 2439 	1821 	1667
f 1804 	1788 	2432
f 1866 	2453 	1859
f 2447 	1698 	1703
f 2452 	2397 	1880
f 2451 	2453 	2450
f 2451 	2434 	2454
f 2324 	2329 	2443
f 2454 	1859 	2451
f 1880 	1957 	2452
f 2336 	2014 	2443
f 2434 	2436 	2454
f 2014 	2027 	2443
f 2329 	2336 	2443
f 2454 	1870 	1859
f 2454 	2436 	2455
f 2444 	2446 	1955
f 2027 	2033 	2443
f 2436 	2437 	2455
f 2437 	1673 	2455
f 1955 	2426 	2444
f 2033 	2041 	2443
f 1956 	2446 	2452
f 1956 	1955 	2446
f 2455 	2456 	1870
f 2452 	1957 	1956
f 1673 	2456 	2455
f 2426 	2231 	2186
f 2455 	1870 	2454
f 1955 	2231 	2426
f 2458 	1878 	1874
f 2458 	1874 	2456
f 2249 	1668 	2247
f 1673 	2458 	2456
f 1668 	2283 	2247
f 2250 	1675 	2249
f 1673 	2440 	1669
f 1669 	1674 	2458
f 1675 	1668 	2249
f 2220 	1674 	1669
f 1669 	2458 	1673
f 2459 	2250 	2457
f 1675 	2250 	2459
f 2122 	2126 	2443
f 2126 	2133 	2443
f 2460 	2459 	2457
f 1721 	1675 	2459
f 2133 	1712 	2443
f 2460 	1725 	2459
f 1725 	1721 	2459
f 1712 	1715 	2443
f 2363 	2368 	2443
f 1775 	2460 	2457
f 2368 	2370 	2443
f 1680 	2460 	1775
f 1715 	2363 	2443
f 1680 	1732 	2460
f 2370 	2375 	2443
f 1776 	1680 	1775
f 2375 	2381 	2443
f 1776 	1790 	1680
f 2381 	2358 	2443
f 2081 	2083 	2443
f 2083 	2086 	2443
f 2088 	2443 	2086
f 2088 	2089 	2443
f 2443 	2096 	1705
f 2443 	1705 	1709
f 2096 	2443 	2089
f 1709 	2122 	2443
# 1586 faces

 #end of obj_4

o obj_5
v 0.1328 		-24.4604 		39.5053
v 0.8393 		-24.4672 		39.5933
v 0.8273 		-24.5192 		39.6001
v 0.7946 		-24.5699 		39.6023
v 0.7422 		-24.6178 		39.5998
v 0.6717 		-24.6615 		39.5925
v 0.5851 		-24.6996 		39.5809
v 0.4852 		-24.731 		39.5651
v 0.375 		-24.7547 		39.5457
v 0.2579 		-24.77 		39.5233
v 0.1373 		-24.7765 		39.4986
v 0.0169 		-24.7739 		39.4722
v -0.0995 		-24.7623 		39.4451
v -0.2085 		-24.7421 		39.418
v -0.3067 		-24.7139 		39.3918
v -0.3912 		-24.6785 		39.3672
v -0.4594 		-24.6371 		39.345
v -0.5092 		-24.5908 		39.3259
v -0.5391 		-24.5411 		39.3104
v -0.5482 		-24.4895 		39.2991
v -0.5363 		-24.4376 		39.2922
v -0.5036 		-24.3869 		39.29
v -0.4512 		-24.3389 		39.2926
v -0.3806 		-24.2953 		39.2998
v -0.2941 		-24.2571 		39.3115
v -0.1942 		-24.2257 		39.3272
v -0.084 		-24.202 		39.3466
v 0.0332 		-24.1867 		39.369
v 0.1538 		-24.1802 		39.3938
v 0.2741 		-24.1828 		39.4201
v 0.3906 		-24.1944 		39.4472
v 0.4995 		-24.2146 		39.4743
v 0.5978 		-24.2428 		39.5006
v 0.6823 		-24.2782 		39.5252
v 0.7505 		-24.3197 		39.5473
v 0.8003 		-24.3659 		39.5665
v 0.8302 		-24.4156 		39.5819
v 1.5497 		-24.5099 		39.5603
v 1.5261 		-24.6122 		39.5738
v 1.4617 		-24.712 		39.5781
v 1.3585 		-24.8064 		39.5731
v 1.2195 		-24.8924 		39.5589
v 1.0491 		-24.9675 		39.5359
v 0.8524 		-25.0294 		39.5049
v 0.6353 		-25.0761 		39.4667
v 0.4045 		-25.1063 		39.4226
v 0.167 		-25.119 		39.3738
v -0.07 		-25.1139 		39.322
v -0.2994 		-25.0911 		39.2685
v -0.514 		-25.0513 		39.2152
v -0.7075 		-24.9957 		39.1635
v -0.8739 		-24.926 		39.115
v -1.0082 		-24.8444 		39.0713
v -1.1063 		-24.7532 		39.0337
v -1.1652 		-24.6554 		39.0032
v -1.1832 		-24.5537 		38.9809
v -1.1596 		-24.4514 		38.9674
v -1.0952 		-24.3516 		38.9631
v -0.992 		-24.2572 		38.9681
v -0.853 		-24.1711 		38.9823
v -0.6826 		-24.0961 		39.0053
v -0.4859 		-24.0342 		39.0364
v -0.2688 		-23.9875 		39.0745
v -0.038 		-23.9573 		39.1186
v 0.1995 		-23.9446 		39.1674
v 0.4365 		-23.9497 		39.2192
v 0.6659 		-23.9725 		39.2727
v 0.8805 		-24.0123 		39.3261
v 1.074 		-24.0679 		39.3777
v 1.2404 		-24.1376 		39.4262
v 1.3747 		-24.2192 		39.4699
v 1.4728 		-24.3104 		39.5075
v 1.5317 		-24.4082 		39.538
v 2.2424 		-24.587 		39.4074
v 2.208 		-24.7366 		39.4272
v 2.1138 		-24.8825 		39.4335
v 1.9629 		-25.0205 		39.4262
v 1.7598 		-25.1463 		39.4054
v 1.5107 		-25.2561 		39.3718
v 1.2231 		-25.3465 		39.3264
v 0.9057 		-25.4148 		39.2706
v 0.5683 		-25.4589 		39.2061
v 0.2211 		-25.4775 		39.1349
v -0.1254 		-25.47 		39.059
v -0.4607 		-25.4367 		38.9809
v -0.7745 		-25.3785 		38.9029
v -1.0573 		-25.2973 		38.8273
v -1.3006 		-25.1954 		38.7565
v -1.497 		-25.076 		38.6926
v -1.6404 		-24.9428 		38.6376
v -1.7265 		-24.7997 		38.5931
v -1.7527 		-24.6511 		38.5604
v -1.7182 		-24.5016 		38.5407
v -1.6241 		-24.3556 		38.5344
v -1.4732 		-24.2176 		38.5417
v -1.2701 		-24.0918 		38.5625
v -1.0209 		-23.9821 		38.5961
v -0.7333 		-23.8917 		38.6415
v -0.416 		-23.8234 		38.6973
v -0.0786 		-23.7792 		38.7618
v 0.2686 		-23.7606 		38.833
v 0.6152 		-23.7681 		38.9089
v 0.9504 		-23.8014 		38.987
v 1.2642 		-23.8596 		39.065
v 1.5471 		-23.9409 		39.1405
v 1.7904 		-24.0427 		39.2113
v 1.9867 		-24.1621 		39.2752
v 2.1301 		-24.2953 		39.3303
v 2.2162 		-24.4384 		39.3748
v 2.8965 		-24.6963 		39.1393
v 2.8522 		-24.8885 		39.1647
v 2.7312 		-25.0762 		39.1728
v 2.5372 		-25.2536 		39.1634
v 2.2761 		-25.4153 		39.1366
v 1.9558 		-25.5564 		39.0934
v 1.586 		-25.6726 		39.0351
v 1.1781 		-25.7604 		38.9634
v 0.7443 		-25.8172 		38.8805
v 0.2979 		-25.8411 		38.7889
v -0.1475 		-25.8315 		38.6914
v -0.5785 		-25.7886 		38.591
v -0.982 		-25.7138 		38.4907
v -1.3456 		-25.6094 		38.3935
v -1.6584 		-25.4784 		38.3025
v -1.9108 		-25.325 		38.2204
v -2.0951 		-25.1537 		38.1496
v -2.2058 		-24.9697 		38.0924
v -2.2395 		-24.7787 		38.0504
v -2.1952 		-24.5864 		38.025
v -2.0742 		-24.3988 		38.0169
v -1.8802 		-24.2214 		38.0264
v -1.6191 		-24.0597 		38.0531
v -1.2988 		-23.9186 		38.0963
v -0.9291 		-23.8024 		38.1546
v -0.5211 		-23.7146 		38.2263
v -0.0873 		-23.6578 		38.3093
v 0.359 		-23.6339 		38.4008
v 0.8045 		-23.6435 		38.4983
v 1.2355 		-23.6864 		38.5988
v 1.639 		-23.7612 		38.6991
v 2.0026 		-23.8656 		38.7962
v 2.3153 		-23.9966 		38.8872
v 2.5677 		-24.15 		38.9694
v 2.7521 		-24.3213 		39.0401
v 2.8628 		-24.5053 		39.0973
v 3.492 		-24.8344 		38.7641
v 3.4392 		-25.0635 		38.7943
v 3.295 		-25.2872 		38.804
v 3.0638 		-25.4986 		38.7927
v 2.7526 		-25.6913 		38.7609
v 2.3709 		-25.8594 		38.7094
v 1.9303 		-25.9979 		38.6399
v 1.4441 		-26.1026 		38.5544
v 0.9272 		-26.1702 		38.4556
v 0.3952 		-26.1987 		38.3464
v -0.1357 		-26.1872 		38.2302
v -0.6494 		-26.1362 		38.1106
v -1.1302 		-26.047 		37.991
v -1.5635 		-25.9226 		37.8753
v -1.9363 		-25.7665 		37.7668
v -2.2371 		-25.5836 		37.6689
v -2.4568 		-25.3795 		37.5846
v -2.5887 		-25.1602 		37.5164
v -2.6289 		-24.9326 		37.4664
v -2.576 		-24.7035 		37.4361
v -2.4318 		-24.4798 		37.4264
v -2.2006 		-24.2684 		37.4377
v -1.8894 		-24.0757 		37.4695
v -1.5077 		-23.9076 		37.521
v -1.0671 		-23.769 		37.5906
v -0.5809 		-23.6644 		37.676
v -0.064 		-23.5968 		37.7748
v 0.468 		-23.5683 		37.884
v 0.9989 		-23.5797 		38.0002
v 1.5125 		-23.6308 		38.1199
v 1.9933 		-23.7199 		38.2394
v 2.4267 		-23.8444 		38.3552
v 2.7994 		-24.0005 		38.4636
v 3.1002 		-24.1834 		38.5615
v 3.3199 		-24.3875 		38.6458
v 3.4519 		-24.6067 		38.714
v 4.0109 		-24.9971 		38.2931
v 3.9512 		-25.2561 		38.3273
v 3.7881 		-25.509 		38.3382
v 3.5268 		-25.748 		38.3255
v 3.175 		-25.9658 		38.2895
v 2.7434 		-26.1559 		38.2313
v 2.2453 		-26.3125 		38.1527
v 1.6957 		-26.4308 		38.0561
v 1.1113 		-26.5073 		37.9444
v 0.5098 		-26.5395 		37.821
v -0.0903 		-26.5265 		37.6896
v -0.671 		-26.4688 		37.5543
v -1.2146 		-26.368 		37.4192
v -1.7045 		-26.2273 		37.2883
v -2.1259 		-26.0509 		37.1657
v -2.4659 		-25.8441 		37.055
v -2.7143 		-25.6133 		36.9597
v -2.8635 		-25.3655 		36.8826
v -2.9089 		-25.1082 		36.826
v -2.8492 		-24.8491 		36.7918
v -2.6861 		-24.5963 		36.7809
v -2.4248 		-24.3573 		36.7936
v -2.073 		-24.1394 		36.8296
v -1.6414 		-23.9493 		36.8878
v -1.1433 		-23.7927 		36.9664
v -0.5937 		-23.6744 		37.063
v -0.0093 		-23.598 		37.1748
v 0.5922 		-23.5658 		37.2982
v 1.1923 		-23.5787 		37.4295
v 1.773 		-23.6365 		37.5648
v 2.3166 		-23.7372 		37.6999
v 2.8065 		-23.8779 		37.8308
v 3.2279 		-24.0544 		37.9534
v 3.5679 		-24.2611 		38.0641
v 3.8163 		-24.4919 		38.1594
v 3.9655 		-24.7398 		38.2365
v 4.4373 		-25.1795 		37.7407
v 4.3725 		-25.4606 		37.7779
v 4.1956 		-25.7349 		37.7897
v 3.912 		-25.9943 		37.7759
v 3.5303 		-26.2306 		37.7368
v 3.0621 		-26.4369 		37.6737
v 2.5215 		-26.6068 		37.5884
v 1.9252 		-26.7352 		37.4835
v 1.291 		-26.8181 		37.3623
v 0.6385 		-26.8531 		37.2284
v -0.0128 		-26.839 		37.0859
v -0.6429 		-26.7764 		36.9391
v -1.2326 		-26.6671 		36.7925
v -1.7642 		-26.5144 		36.6504
v -2.2215 		-26.3229 		36.5174
v -2.5904 		-26.0986 		36.3973
v -2.8599 		-25.8482 		36.2939
v -3.0218 		-25.5792 		36.2102
v -3.0711 		-25.3 		36.1489
v -3.0063 		-25.0189 		36.1117
v -2.8294 		-24.7446 		36.0999
v -2.5458 		-24.4853 		36.1137
v -2.164 		-24.2489 		36.1528
v -1.6958 		-24.0426 		36.2159
v -1.1553 		-23.8727 		36.3012
v -0.5589 		-23.7443 		36.406
v 0.0752 		-23.6614 		36.5273
v 0.7278 		-23.6264 		36.6612
v 1.379 		-23.6405 		36.8037
v 2.0091 		-23.7031 		36.9505
v 2.5989 		-23.8124 		37.0971
v 3.1305 		-23.9652 		37.2391
v 3.5877 		-24.1566 		37.3722
v 3.9567 		-24.3809 		37.4923
v 4.2262 		-24.6314 		37.5957
v 4.388 		-24.9003 		37.6794
v 4.7584 		-25.3761 		37.1237
v 4.6905 		-25.6706 		37.1626
v 4.5051 		-25.9582 		37.1751
v 4.2079 		-26.2299 		37.1606
v 3.8078 		-26.4777 		37.1196
v 3.3171 		-26.6938 		37.0534
v 2.7506 		-26.8719 		36.9641
v 2.1256 		-27.0064 		36.8542
v 1.4611 		-27.0933 		36.7271
v 0.7771 		-27.13 		36.5868
v 0.0946 		-27.1153 		36.4375
v -0.5657 		-27.0496 		36.2836
v -1.1838 		-26.935 		36.1299
v -1.7409 		-26.775 		35.9811
v -2.2201 		-26.5744 		35.8417
v -2.6068 		-26.3393 		35.7158
v -2.8892 		-26.0768 		35.6074
v -3.0588 		-25.795 		35.5197
v -3.1105 		-25.5023 		35.4554
v -3.0426 		-25.2078 		35.4165
v -2.8572 		-24.9202 		35.4041
v -2.56 		-24.6485 		35.4186
v -2.1599 		-24.4007 		35.4595
v -1.6692 		-24.1846 		35.5257
v -1.1027 		-24.0065 		35.6151
v -0.4777 		-23.872 		35.725
v 0.1869 		-23.7851 		35.852
v 0.8708 		-23.7484 		35.9923
v 1.5533 		-23.7631 		36.1417
v 2.2136 		-23.8288 		36.2955
v 2.8317 		-23.9434 		36.4492
v 3.3888 		-24.1034 		36.598
v 3.868 		-24.304 		36.7375
v 4.2547 		-24.5391 		36.8633
v 4.5371 		-24.8016 		36.9717
v 4.7067 		-25.0834 		37.0594
v 4.9643 		-25.5808 		36.4608
v 4.8954 		-25.8799 		36.5004
v 4.7071 		-26.1719 		36.513
v 4.4053 		-26.4478 		36.4983
v 3.9991 		-26.6994 		36.4567
v 3.5008 		-26.9189 		36.3895
v 2.9256 		-27.0997 		36.2987
v 2.2909 		-27.2363 		36.1871
v 1.6161 		-27.3246 		36.0581
v 0.9217 		-27.3618 		35.9157
v 0.2286 		-27.3468 		35.764
v -0.4419 		-27.2802 		35.6078
v -1.0695 		-27.1638 		35.4517
v -1.6352 		-27.0013 		35.3006
v -2.1218 		-26.7976 		35.159
v -2.5145 		-26.5589 		35.0312
v -2.8013 		-26.2923 		34.9211
v -2.9735 		-26.0062 		34.8321
v -3.0259 		-25.709 		34.7668
v -2.957 		-25.4099 		34.7273
v -2.7687 		-25.1179 		34.7147
v -2.4669 		-24.842 		34.7294
v -2.0607 		-24.5904 		34.771
v -1.5624 		-24.3709 		34.8382
v -0.9872 		-24.1901 		34.9289
v -0.3525 		-24.0535 		35.0405
v 0.3223 		-23.9652 		35.1695
v 1.0167 		-23.928 		35.312
v 1.7098 		-23.943 		35.4637
v 2.3803 		-24.0096 		35.6199
v 3.0079 		-24.126 		35.7759
v 3.5736 		-24.2885 		35.927
v 4.0602 		-24.4922 		36.0686
v 4.4528 		-24.7309 		36.1964
v 4.7396 		-24.9974 		36.3065
v 4.9119 		-25.2836 		36.3955
v 5.0489 		-25.7874 		35.7722
v 4.981 		-26.082 		35.8112
v 4.7956 		-26.3695 		35.8236
v 4.4983 		-26.6413 		35.8091
v 4.0983 		-26.889 		35.7681
v 3.6076 		-27.1052 		35.7019
v 3.0411 		-27.2833 		35.6126
v 2.4161 		-27.4178 		35.5027
v 1.7515 		-27.5047 		35.3757
v 1.0676 		-27.5414 		35.2353
v 0.3851 		-27.5267 		35.086
v -0.2752 		-27.461 		34.9321
v -0.8933 		-27.3464 		34.7784
v -1.4504 		-27.1864 		34.6296
v -1.9296 		-26.9858 		34.4902
v -2.3163 		-26.7507 		34.3643
v -2.5987 		-26.4882 		34.2559
v -2.7684 		-26.2064 		34.1682
v -2.82 		-25.9137 		34.1039
v -2.7521 		-25.6192 		34.065
v -2.5667 		-25.3316 		34.0526
v -2.2695 		-25.0599 		34.0671
v -1.8694 		-24.8121 		34.108
v -1.3787 		-24.5959 		34.1742
v -0.8122 		-24.4179 		34.2636
v -0.1872 		-24.2834 		34.3735
v 0.4773 		-24.1964 		34.5005
v 1.1612 		-24.1598 		34.6408
v 1.8437 		-24.1745 		34.7902
v 2.5041 		-24.2402 		34.944
v 3.1222 		-24.3547 		35.0977
v 3.6793 		-24.5148 		35.2465
v 4.1585 		-24.7154 		35.386
v 4.5451 		-24.9505 		35.5118
v 4.8276 		-25.213 		35.6202
v 4.9972 		-25.4948 		35.7079
v 5.0094 		-25.9898 		35.0788
v 4.9446 		-26.2709 		35.1159
v 4.7678 		-26.5452 		35.1278
v 4.4841 		-26.8045 		35.114
v 4.1024 		-27.0409 		35.0749
v 3.6342 		-27.2472 		35.0117
v 3.0937 		-27.4171 		34.9265
v 2.4973 		-27.5455 		34.8216
v 1.8632 		-27.6284 		34.7004
v 1.2106 		-27.6634 		34.5665
v 0.5593 		-27.6493 		34.424
v -0.0707 		-27.5867 		34.2772
v -0.6605 		-27.4773 		34.1305
v -1.1921 		-27.3246 		33.9885
v -1.6493 		-27.1332 		33.8555
v -2.0183 		-26.9089 		33.7354
v -2.2878 		-26.6584 		33.6319
v -2.4497 		-26.3895 		33.5483
v -2.4989 		-26.1103 		33.4869
v -2.4341 		-25.8292 		33.4498
v -2.2573 		-25.5548 		33.4379
v -1.9736 		-25.2955 		33.4518
v -1.5919 		-25.0591 		33.4908
v -1.1237 		-24.8529 		33.554
v -0.5832 		-24.683 		33.6393
v 0.0132 		-24.5546 		33.7441
v 0.6473 		-24.4717 		33.8653
v 1.2999 		-24.4367 		33.9992
v 1.9511 		-24.4507 		34.1418
v 2.5812 		-24.5134 		34.2886
v 3.171 		-24.6227 		34.4352
v 3.7026 		-24.7754 		34.5772
v 4.1598 		-24.9668 		34.7103
v 4.5288 		-25.1912 		34.8303
v 4.7983 		-25.4416 		34.9338
v 4.9602 		-25.7105 		35.0174
v 4.8473 		-26.1816 		34.4016
v 4.7875 		-26.4407 		34.4359
v 4.6245 		-26.6935 		34.4468
v 4.3631 		-26.9325 		34.434
v 4.0113 		-27.1504 		34.398
v 3.5798 		-27.3405 		34.3398
v 3.0817 		-27.4971 		34.2612
v 2.532 		-27.6154 		34.1646
v 1.9476 		-27.6918 		34.0529
v 1.3462 		-27.724 		33.9295
v 0.746 		-27.7111 		33.7981
v 0.1653 		-27.6533 		33.6628
v -0.3782 		-27.5526 		33.5277
v -0.8681 		-27.4118 		33.3968
v -1.2895 		-27.2354 		33.2742
v -1.6296 		-27.0287 		33.1635
v -1.8779 		-26.7979 		33.0682
v -2.0271 		-26.55 		32.9911
v -2.0725 		-26.2927 		32.9346
v -2.0128 		-26.0336 		32.9003
v -1.8498 		-25.7808 		32.8894
v -1.5884 		-25.5418 		32.9021
v -1.2366 		-25.324 		32.9382
v -0.8051 		-25.1339 		32.9963
v -0.3069 		-24.9773 		33.075
v 0.2427 		-24.859 		33.1716
v 0.8271 		-24.7825 		33.2833
v 1.4285 		-24.7503 		33.4067
v 2.0287 		-24.7633 		33.538
v 2.6094 		-24.821 		33.6733
v 3.153 		-24.9217 		33.8085
v 3.6429 		-25.0625 		33.9393
v 4.0643 		-25.2389 		34.062
v 4.4043 		-25.4456 		34.1726
v 4.6527 		-25.6765 		34.268
v 4.8018 		-25.9243 		34.3451
v 4.5672 		-26.3572 		33.7613
v 4.5144 		-26.5863 		33.7916
v 4.3702 		-26.81 		33.8012
v 4.139 		-27.0214 		33.79
v 3.8278 		-27.2141 		33.7581
v 3.4461 		-27.3822 		33.7066
v 3.0055 		-27.5207 		33.6371
v 2.5193 		-27.6254 		33.5516
v 2.0024 		-27.693 		33.4528
v 1.4704 		-27.7215 		33.3436
v 0.9395 		-27.71 		33.2275
v 0.4258 		-27.659 		33.1078
v -0.055 		-27.5699 		32.9883
v -0.4883 		-27.4454 		32.8725
v -0.861 		-27.2893 		32.764
v -1.1618 		-27.1064 		32.6661
v -1.3815 		-26.9023 		32.5818
v -1.5135 		-26.683 		32.5136
v -1.5536 		-26.4554 		32.4636
v -1.5008 		-26.2263 		32.4333
v -1.3566 		-26.0026 		32.4236
v -1.1254 		-25.7912 		32.4349
v -0.8142 		-25.5985 		32.4668
v -0.4325 		-25.4304 		32.5182
v 0.0081 		-25.2919 		32.5878
v 0.4943 		-25.1872 		32.6732
v 1.0112 		-25.1196 		32.7721
v 1.5432 		-25.0911 		32.8812
v 2.0741 		-25.1025 		32.9974
v 2.5878 		-25.1536 		33.1171
v 3.0686 		-25.2427 		33.2366
v 3.5019 		-25.3672 		33.3524
v 3.8746 		-25.5233 		33.4608
v 4.1754 		-25.7062 		33.5587
v 4.3951 		-25.9103 		33.6431
v 4.5271 		-26.1295 		33.7113
v 4.1779 		-26.5111 		33.1772
v 4.1336 		-26.7033 		33.2026
v 4.0126 		-26.891 		33.2107
v 3.8186 		-27.0684 		33.2013
v 3.5575 		-27.2301 		33.1746
v 3.2372 		-27.3712 		33.1314
v 2.8674 		-27.4874 		33.073
v 2.4595 		-27.5752 		33.0013
v 2.0257 		-27.632 		32.9184
v 1.5793 		-27.6559 		32.8268
v 1.1339 		-27.6463 		32.7293
v 0.7029 		-27.6034 		32.6289
v 0.2994 		-27.5286 		32.5286
v -0.0642 		-27.4242 		32.4314
v -0.377 		-27.2932 		32.3404
v -0.6294 		-27.1398 		32.2583
v -0.8137 		-26.9685 		32.1875
v -0.9244 		-26.7845 		32.1303
v -0.9581 		-26.5935 		32.0883
v -0.9138 		-26.4012 		32.0629
v -0.7928 		-26.2136 		32.0548
v -0.5988 		-26.0362 		32.0643
v -0.3377 		-25.8745 		32.091
v -0.0174 		-25.7334 		32.1342
v 0.3523 		-25.6172 		32.1925
v 0.7603 		-25.5294 		32.2643
v 1.1941 		-25.4726 		32.3472
v 1.6404 		-25.4487 		32.4388
v 2.0859 		-25.4583 		32.5363
v 2.5169 		-25.5012 		32.6367
v 2.9204 		-25.576 		32.737
v 3.284 		-25.6804 		32.8341
v 3.5967 		-25.8114 		32.9251
v 3.8491 		-25.9648 		33.0073
v 4.0335 		-26.1361 		33.078
v 4.1442 		-26.3201 		33.1353
v 3.6911 		-26.6387 		32.6672
v 3.6566 		-26.7882 		32.687
v 3.5625 		-26.9342 		32.6933
v 3.4116 		-27.0722 		32.6859
v 3.2085 		-27.198 		32.6651
v 2.9593 		-27.3077 		32.6315
v 2.6717 		-27.3981 		32.5862
v 2.3544 		-27.4664 		32.5304
v 2.017 		-27.5106 		32.4659
v 1.6697 		-27.5292 		32.3946
v 1.3232 		-27.5217 		32.3188
v 0.988 		-27.4884 		32.2407
v 0.6741 		-27.4302 		32.1627
v 0.3913 		-27.3489 		32.0871
v 0.148 		-27.2471 		32.0163
v -0.0483 		-27.1277 		31.9524
v -0.1917 		-26.9945 		31.8974
v -0.2778 		-26.8514 		31.8528
v -0.304 		-26.7028 		31.8202
v -0.2696 		-26.5532 		31.8004
v -0.1755 		-26.4072 		31.7941
v -0.0245 		-26.2693 		31.8015
v 0.1786 		-26.1435 		31.8223
v 0.4277 		-26.0337 		31.8559
v 0.7153 		-25.9433 		31.9013
v 1.0326 		-25.875 		31.957
v 1.37 		-25.8309 		32.0215
v 1.7173 		-25.8123 		32.0928
v 2.0638 		-25.8198 		32.1686
v 2.3991 		-25.8531 		32.2467
v 2.7129 		-25.9113 		32.3248
v 2.9957 		-25.9925 		32.4003
v 3.239 		-26.0944 		32.4711
v 3.4353 		-26.2137 		32.535
v 3.5787 		-26.347 		32.5901
v 3.6649 		-26.4901 		32.6346
v 3.1215 		-26.7361 		32.2467
v 3.098 		-26.8384 		32.2603
v 3.0336 		-26.9382 		32.2646
v 2.9303 		-27.0326 		32.2595
v 2.7914 		-27.1186 		32.2453
v 2.621 		-27.1937 		32.2223
v 2.4243 		-27.2556 		32.1913
v 2.2072 		-27.3023 		32.1531
v 1.9764 		-27.3325 		32.109
v 1.7389 		-27.3452 		32.0603
v 1.5018 		-27.3401 		32.0084
v 1.2725 		-27.3173 		31.955
v 1.0578 		-27.2775 		31.9016
v 0.8644 		-27.2219 		31.8499
v 0.6979 		-27.1522 		31.8015
v 0.5636 		-27.0706 		31.7578
v 0.4656 		-26.9794 		31.7201
v 0.4066 		-26.8816 		31.6897
v 0.3887 		-26.7799 		31.6673
v 0.4123 		-26.6776 		31.6538
v 0.4767 		-26.5778 		31.6495
v 0.5799 		-26.4834 		31.6545
v 0.7188 		-26.3973 		31.6688
v 0.8893 		-26.3223 		31.6917
v 1.086 		-26.2604 		31.7228
v 1.3031 		-26.2137 		31.7609
v 1.5339 		-26.1835 		31.8051
v 1.7714 		-26.1708 		31.8538
v 2.0084 		-26.1759 		31.9057
v 2.2377 		-26.1987 		31.9591
v 2.4524 		-26.2385 		32.0125
v 2.6459 		-26.2941 		32.0642
v 2.8123 		-26.3637 		32.1126
v 2.9466 		-26.4454 		32.1563
v 3.0447 		-26.5365 		32.1939
v 3.1036 		-26.6344 		32.2244
v 2.4866 		-26.8003 		31.9286
v 2.4746 		-26.8522 		31.9354
v 2.4419 		-26.9029 		31.9376
v 2.3895 		-26.9509 		31.9351
v 2.319 		-26.9945 		31.9278
v 2.2325 		-27.0327 		31.9162
v 2.1326 		-27.0641 		31.9004
v 2.0224 		-27.0878 		31.881
v 1.9052 		-27.1031 		31.8586
v 1.7846 		-27.1096 		31.8339
v 1.6643 		-27.107 		31.8075
v 1.5478 		-27.0954 		31.7804
v 1.4388 		-27.0752 		31.7533
v 1.3406 		-27.047 		31.7271
v 1.2561 		-27.0116 		31.7025
v 1.1879 		-26.9701 		31.6803
v 1.1381 		-26.9239 		31.6612
v 1.1082 		-26.8742 		31.6457
v 1.0991 		-26.8226 		31.6344
v 1.1111 		-26.7706 		31.6275
v 1.1438 		-26.7199 		31.6253
v 1.1962 		-26.672 		31.6279
v 1.2667 		-26.6283 		31.6351
v 1.3533 		-26.5902 		31.6468
v 1.4531 		-26.5588 		31.6625
v 1.5633 		-26.5351 		31.6819
v 1.6805 		-26.5198 		31.7043
v 1.8011 		-26.5133 		31.7291
v 1.9215 		-26.5159 		31.7554
v 2.0379 		-26.5275 		31.7825
v 2.1469 		-26.5477 		31.8096
v 2.2451 		-26.5759 		31.8359
v 2.3296 		-26.6113 		31.8605
v 2.3978 		-26.6527 		31.8826
v 2.4476 		-26.699 		31.9018
v 2.4775 		-26.7487 		31.9172
v 1.8056 		-26.8294 		31.7224
# 614 vertices

g group_5_2829873

usemtl color_2829873
s 0

f 2462 	2461 	2463
f 2463 	2461 	2464
f 2464 	2461 	2465
f 2465 	2461 	2466
f 2466 	2461 	2467
f 2467 	2461 	2468
f 2468 	2461 	2469
f 2469 	2461 	2470
f 2470 	2461 	2471
f 2471 	2461 	2472
f 2472 	2461 	2473
f 2473 	2461 	2474
f 2474 	2461 	2475
f 2475 	2461 	2476
f 2476 	2461 	2477
f 2477 	2461 	2478
f 2478 	2461 	2479
f 2479 	2461 	2480
f 2480 	2461 	2481
f 2481 	2461 	2482
f 2482 	2461 	2483
f 2483 	2461 	2484
f 2484 	2461 	2485
f 2485 	2461 	2486
f 2486 	2461 	2487
f 2487 	2461 	2488
f 2488 	2461 	2489
f 2489 	2461 	2490
f 2490 	2461 	2491
f 2491 	2461 	2492
f 2492 	2461 	2493
f 2493 	2461 	2494
f 2494 	2461 	2495
f 2495 	2461 	2496
f 2496 	2461 	2497
f 2497 	2461 	2462
f 2462 	2463 	2499
f 2498 	2462 	2499
f 2463 	2464 	2500
f 2499 	2463 	2500
f 2464 	2465 	2501
f 2500 	2464 	2501
f 2465 	2466 	2502
f 2501 	2465 	2502
f 2466 	2467 	2503
f 2502 	2466 	2503
f 2467 	2468 	2504
f 2503 	2467 	2504
f 2468 	2469 	2505
f 2504 	2468 	2505
f 2469 	2470 	2506
f 2505 	2469 	2506
f 2470 	2471 	2507
f 2506 	2470 	2507
f 2471 	2472 	2508
f 2507 	2471 	2508
f 2472 	2473 	2509
f 2508 	2472 	2509
f 2473 	2474 	2510
f 2509 	2473 	2510
f 2474 	2475 	2511
f 2510 	2474 	2511
f 2475 	2476 	2512
f 2511 	2475 	2512
f 2476 	2477 	2513
f 2512 	2476 	2513
f 2477 	2478 	2514
f 2513 	2477 	2514
f 2478 	2479 	2515
f 2514 	2478 	2515
f 2479 	2480 	2516
f 2515 	2479 	2516
f 2480 	2481 	2517
f 2516 	2480 	2517
f 2481 	2482 	2518
f 2517 	2481 	2518
f 2482 	2483 	2519
f 2518 	2482 	2519
f 2483 	2484 	2520
f 2519 	2483 	2520
f 2484 	2485 	2521
f 2520 	2484 	2521
f 2485 	2486 	2522
f 2521 	2485 	2522
f 2486 	2487 	2523
f 2522 	2486 	2523
f 2487 	2488 	2524
f 2523 	2487 	2524
f 2488 	2489 	2525
f 2524 	2488 	2525
f 2489 	2490 	2526
f 2525 	2489 	2526
f 2490 	2491 	2527
f 2526 	2490 	2527
f 2491 	2492 	2528
f 2527 	2491 	2528
f 2492 	2493 	2529
f 2528 	2492 	2529
f 2493 	2494 	2530
f 2529 	2493 	2530
f 2494 	2495 	2531
f 2530 	2494 	2531
f 2495 	2496 	2532
f 2531 	2495 	2532
f 2496 	2497 	2533
f 2532 	2496 	2533
f 2497 	2462 	2498
f 2533 	2497 	2498
f 2498 	2499 	2535
f 2534 	2498 	2535
f 2499 	2500 	2536
f 2535 	2499 	2536
f 2500 	2501 	2537
f 2536 	2500 	2537
f 2501 	2502 	2538
f 2537 	2501 	2538
f 2502 	2503 	2539
f 2538 	2502 	2539
f 2503 	2504 	2540
f 2539 	2503 	2540
f 2504 	2505 	2541
f 2540 	2504 	2541
f 2505 	2506 	2542
f 2541 	2505 	2542
f 2506 	2507 	2543
f 2542 	2506 	2543
f 2507 	2508 	2544
f 2543 	2507 	2544
f 2508 	2509 	2545
f 2544 	2508 	2545
f 2509 	2510 	2546
f 2545 	2509 	2546
f 2510 	2511 	2547
f 2546 	2510 	2547
f 2511 	2512 	2548
f 2547 	2511 	2548
f 2512 	2513 	2549
f 2548 	2512 	2549
f 2513 	2514 	2550
f 2549 	2513 	2550
f 2514 	2515 	2551
f 2550 	2514 	2551
f 2515 	2516 	2552
f 2551 	2515 	2552
f 2516 	2517 	2553
f 2552 	2516 	2553
f 2517 	2518 	2554
f 2553 	2517 	2554
f 2518 	2519 	2555
f 2554 	2518 	2555
f 2519 	2520 	2556
f 2555 	2519 	2556
f 2520 	2521 	2557
f 2556 	2520 	2557
f 2521 	2522 	2558
f 2557 	2521 	2558
f 2522 	2523 	2559
f 2558 	2522 	2559
f 2523 	2524 	2560
f 2559 	2523 	2560
f 2524 	2525 	2561
f 2560 	2524 	2561
f 2525 	2526 	2562
f 2561 	2525 	2562
f 2526 	2527 	2563
f 2562 	2526 	2563
f 2527 	2528 	2564
f 2563 	2527 	2564
f 2528 	2529 	2565
f 2564 	2528 	2565
f 2529 	2530 	2566
f 2565 	2529 	2566
f 2530 	2531 	2567
f 2566 	2530 	2567
f 2531 	2532 	2568
f 2567 	2531 	2568
f 2532 	2533 	2569
f 2568 	2532 	2569
f 2533 	2498 	2534
f 2569 	2533 	2534
f 2534 	2535 	2571
f 2570 	2534 	2571
f 2535 	2536 	2572
f 2571 	2535 	2572
f 2536 	2537 	2573
f 2572 	2536 	2573
f 2537 	2538 	2574
f 2573 	2537 	2574
f 2538 	2539 	2575
f 2574 	2538 	2575
f 2539 	2540 	2576
f 2575 	2539 	2576
f 2540 	2541 	2577
f 2576 	2540 	2577
f 2541 	2542 	2578
f 2577 	2541 	2578
f 2542 	2543 	2579
f 2578 	2542 	2579
f 2543 	2544 	2580
f 2579 	2543 	2580
f 2544 	2545 	2581
f 2580 	2544 	2581
f 2545 	2546 	2582
f 2581 	2545 	2582
f 2546 	2547 	2583
f 2582 	2546 	2583
f 2547 	2548 	2584
f 2583 	2547 	2584
f 2548 	2549 	2585
f 2584 	2548 	2585
f 2549 	2550 	2586
f 2585 	2549 	2586
f 2550 	2551 	2587
f 2586 	2550 	2587
f 2551 	2552 	2588
f 2587 	2551 	2588
f 2552 	2553 	2589
f 2588 	2552 	2589
f 2553 	2554 	2590
f 2589 	2553 	2590
f 2554 	2555 	2591
f 2590 	2554 	2591
f 2555 	2556 	2592
f 2591 	2555 	2592
f 2556 	2557 	2593
f 2592 	2556 	2593
f 2557 	2558 	2594
f 2593 	2557 	2594
f 2558 	2559 	2595
f 2594 	2558 	2595
f 2559 	2560 	2596
f 2595 	2559 	2596
f 2560 	2561 	2597
f 2596 	2560 	2597
f 2561 	2562 	2598
f 2597 	2561 	2598
f 2562 	2563 	2599
f 2598 	2562 	2599
f 2563 	2564 	2600
f 2599 	2563 	2600
f 2564 	2565 	2601
f 2600 	2564 	2601
f 2565 	2566 	2602
f 2601 	2565 	2602
f 2566 	2567 	2603
f 2602 	2566 	2603
f 2567 	2568 	2604
f 2603 	2567 	2604
f 2568 	2569 	2605
f 2604 	2568 	2605
f 2569 	2534 	2570
f 2605 	2569 	2570
f 2570 	2571 	2607
f 2606 	2570 	2607
f 2571 	2572 	2608
f 2607 	2571 	2608
f 2572 	2573 	2609
f 2608 	2572 	2609
f 2573 	2574 	2610
f 2609 	2573 	2610
f 2574 	2575 	2611
f 2610 	2574 	2611
f 2575 	2576 	2612
f 2611 	2575 	2612
f 2576 	2577 	2613
f 2612 	2576 	2613
f 2577 	2578 	2614
f 2613 	2577 	2614
f 2578 	2579 	2615
f 2614 	2578 	2615
f 2579 	2580 	2616
f 2615 	2579 	2616
f 2580 	2581 	2617
f 2616 	2580 	2617
f 2581 	2582 	2618
f 2617 	2581 	2618
f 2582 	2583 	2619
f 2618 	2582 	2619
f 2583 	2584 	2620
f 2619 	2583 	2620
f 2584 	2585 	2621
f 2620 	2584 	2621
f 2585 	2586 	2622
f 2621 	2585 	2622
f 2586 	2587 	2623
f 2622 	2586 	2623
f 2587 	2588 	2624
f 2623 	2587 	2624
f 2588 	2589 	2625
f 2624 	2588 	2625
f 2589 	2590 	2626
f 2625 	2589 	2626
f 2590 	2591 	2627
f 2626 	2590 	2627
f 2591 	2592 	2628
f 2627 	2591 	2628
f 2592 	2593 	2629
f 2628 	2592 	2629
f 2593 	2594 	2630
f 2629 	2593 	2630
f 2594 	2595 	2631
f 2630 	2594 	2631
f 2595 	2596 	2632
f 2631 	2595 	2632
f 2596 	2597 	2633
f 2632 	2596 	2633
f 2597 	2598 	2634
f 2633 	2597 	2634
f 2598 	2599 	2635
f 2634 	2598 	2635
f 2599 	2600 	2636
f 2635 	2599 	2636
f 2600 	2601 	2637
f 2636 	2600 	2637
f 2601 	2602 	2638
f 2637 	2601 	2638
f 2602 	2603 	2639
f 2638 	2602 	2639
f 2603 	2604 	2640
f 2639 	2603 	2640
f 2604 	2605 	2641
f 2640 	2604 	2641
f 2605 	2570 	2606
f 2641 	2605 	2606
f 2606 	2607 	2643
f 2642 	2606 	2643
f 2607 	2608 	2644
f 2643 	2607 	2644
f 2608 	2609 	2645
f 2644 	2608 	2645
f 2609 	2610 	2646
f 2645 	2609 	2646
f 2610 	2611 	2647
f 2646 	2610 	2647
f 2611 	2612 	2648
f 2647 	2611 	2648
f 2612 	2613 	2649
f 2648 	2612 	2649
f 2613 	2614 	2650
f 2649 	2613 	2650
f 2614 	2615 	2651
f 2650 	2614 	2651
f 2615 	2616 	2652
f 2651 	2615 	2652
f 2616 	2617 	2653
f 2652 	2616 	2653
f 2617 	2618 	2654
f 2653 	2617 	2654
f 2618 	2619 	2655
f 2654 	2618 	2655
f 2619 	2620 	2656
f 2655 	2619 	2656
f 2620 	2621 	2657
f 2656 	2620 	2657
f 2621 	2622 	2658
f 2657 	2621 	2658
f 2622 	2623 	2659
f 2658 	2622 	2659
f 2623 	2624 	2660
f 2659 	2623 	2660
f 2624 	2625 	2661
f 2660 	2624 	2661
f 2625 	2626 	2662
f 2661 	2625 	2662
f 2626 	2627 	2663
f 2662 	2626 	2663
f 2627 	2628 	2664
f 2663 	2627 	2664
f 2628 	2629 	2665
f 2664 	2628 	2665
f 2629 	2630 	2666
f 2665 	2629 	2666
f 2630 	2631 	2667
f 2666 	2630 	2667
f 2631 	2632 	2668
f 2667 	2631 	2668
f 2632 	2633 	2669
f 2668 	2632 	2669
f 2633 	2634 	2670
f 2669 	2633 	2670
f 2634 	2635 	2671
f 2670 	2634 	2671
f 2635 	2636 	2672
f 2671 	2635 	2672
f 2636 	2637 	2673
f 2672 	2636 	2673
f 2637 	2638 	2674
f 2673 	2637 	2674
f 2638 	2639 	2675
f 2674 	2638 	2675
f 2639 	2640 	2676
f 2675 	2639 	2676
f 2640 	2641 	2677
f 2676 	2640 	2677
f 2641 	2606 	2642
f 2677 	2641 	2642
f 2642 	2643 	2679
f 2678 	2642 	2679
f 2643 	2644 	2680
f 2679 	2643 	2680
f 2644 	2645 	2681
f 2680 	2644 	2681
f 2645 	2646 	2682
f 2681 	2645 	2682
f 2646 	2647 	2683
f 2682 	2646 	2683
f 2647 	2648 	2684
f 2683 	2647 	2684
f 2648 	2649 	2685
f 2684 	2648 	2685
f 2649 	2650 	2686
f 2685 	2649 	2686
f 2650 	2651 	2687
f 2686 	2650 	2687
f 2651 	2652 	2688
f 2687 	2651 	2688
f 2652 	2653 	2689
f 2688 	2652 	2689
f 2653 	2654 	2690
f 2689 	2653 	2690
f 2654 	2655 	2691
f 2690 	2654 	2691
f 2655 	2656 	2692
f 2691 	2655 	2692
f 2656 	2657 	2693
f 2692 	2656 	2693
f 2657 	2658 	2694
f 2693 	2657 	2694
f 2658 	2659 	2695
f 2694 	2658 	2695
f 2659 	2660 	2696
f 2695 	2659 	2696
f 2660 	2661 	2697
f 2696 	2660 	2697
f 2661 	2662 	2698
f 2697 	2661 	2698
f 2662 	2663 	2699
f 2698 	2662 	2699
f 2663 	2664 	2700
f 2699 	2663 	2700
f 2664 	2665 	2701
f 2700 	2664 	2701
f 2665 	2666 	2702
f 2701 	2665 	2702
f 2666 	2667 	2703
f 2702 	2666 	2703
f 2667 	2668 	2704
f 2703 	2667 	2704
f 2668 	2669 	2705
f 2704 	2668 	2705
f 2669 	2670 	2706
f 2705 	2669 	2706
f 2670 	2671 	2707
f 2706 	2670 	2707
f 2671 	2672 	2708
f 2707 	2671 	2708
f 2672 	2673 	2709
f 2708 	2672 	2709
f 2673 	2674 	2710
f 2709 	2673 	2710
f 2674 	2675 	2711
f 2710 	2674 	2711
f 2675 	2676 	2712
f 2711 	2675 	2712
f 2676 	2677 	2713
f 2712 	2676 	2713
f 2677 	2642 	2678
f 2713 	2677 	2678
f 2678 	2679 	2715
f 2714 	2678 	2715
f 2679 	2680 	2716
f 2715 	2679 	2716
f 2680 	2681 	2717
f 2716 	2680 	2717
f 2681 	2682 	2718
f 2717 	2681 	2718
f 2682 	2683 	2719
f 2718 	2682 	2719
f 2683 	2684 	2720
f 2719 	2683 	2720
f 2684 	2685 	2721
f 2720 	2684 	2721
f 2685 	2686 	2722
f 2721 	2685 	2722
f 2686 	2687 	2723
f 2722 	2686 	2723
f 2687 	2688 	2724
f 2723 	2687 	2724
f 2688 	2689 	2725
f 2724 	2688 	2725
f 2689 	2690 	2726
f 2725 	2689 	2726
f 2690 	2691 	2727
f 2726 	2690 	2727
f 2691 	2692 	2728
f 2727 	2691 	2728
f 2692 	2693 	2729
f 2728 	2692 	2729
f 2693 	2694 	2730
f 2729 	2693 	2730
f 2694 	2695 	2731
f 2730 	2694 	2731
f 2695 	2696 	2732
f 2731 	2695 	2732
f 2696 	2697 	2733
f 2732 	2696 	2733
f 2697 	2698 	2734
f 2733 	2697 	2734
f 2698 	2699 	2735
f 2734 	2698 	2735
f 2699 	2700 	2736
f 2735 	2699 	2736
f 2700 	2701 	2737
f 2736 	2700 	2737
f 2701 	2702 	2738
f 2737 	2701 	2738
f 2702 	2703 	2739
f 2738 	2702 	2739
f 2703 	2704 	2740
f 2739 	2703 	2740
f 2704 	2705 	2741
f 2740 	2704 	2741
f 2705 	2706 	2742
f 2741 	2705 	2742
f 2706 	2707 	2743
f 2742 	2706 	2743
f 2707 	2708 	2744
f 2743 	2707 	2744
f 2708 	2709 	2745
f 2744 	2708 	2745
f 2709 	2710 	2746
f 2745 	2709 	2746
f 2710 	2711 	2747
f 2746 	2710 	2747
f 2711 	2712 	2748
f 2747 	2711 	2748
f 2712 	2713 	2749
f 2748 	2712 	2749
f 2713 	2678 	2714
f 2749 	2713 	2714
f 2714 	2715 	2751
f 2750 	2714 	2751
f 2715 	2716 	2752
f 2751 	2715 	2752
f 2716 	2717 	2753
f 2752 	2716 	2753
f 2717 	2718 	2754
f 2753 	2717 	2754
f 2718 	2719 	2755
f 2754 	2718 	2755
f 2719 	2720 	2756
f 2755 	2719 	2756
f 2720 	2721 	2757
f 2756 	2720 	2757
f 2721 	2722 	2758
f 2757 	2721 	2758
f 2722 	2723 	2759
f 2758 	2722 	2759
f 2723 	2724 	2760
f 2759 	2723 	2760
f 2724 	2725 	2761
f 2760 	2724 	2761
f 2725 	2726 	2762
f 2761 	2725 	2762
f 2726 	2727 	2763
f 2762 	2726 	2763
f 2727 	2728 	2764
f 2763 	2727 	2764
f 2728 	2729 	2765
f 2764 	2728 	2765
f 2729 	2730 	2766
f 2765 	2729 	2766
f 2730 	2731 	2767
f 2766 	2730 	2767
f 2731 	2732 	2768
f 2767 	2731 	2768
f 2732 	2733 	2769
f 2768 	2732 	2769
f 2733 	2734 	2770
f 2769 	2733 	2770
f 2734 	2735 	2771
f 2770 	2734 	2771
f 2735 	2736 	2772
f 2771 	2735 	2772
f 2736 	2737 	2773
f 2772 	2736 	2773
f 2737 	2738 	2774
f 2773 	2737 	2774
f 2738 	2739 	2775
f 2774 	2738 	2775
f 2739 	2740 	2776
f 2775 	2739 	2776
f 2740 	2741 	2777
f 2776 	2740 	2777
f 2741 	2742 	2778
f 2777 	2741 	2778
f 2742 	2743 	2779
f 2778 	2742 	2779
f 2743 	2744 	2780
f 2779 	2743 	2780
f 2744 	2745 	2781
f 2780 	2744 	2781
f 2745 	2746 	2782
f 2781 	2745 	2782
f 2746 	2747 	2783
f 2782 	2746 	2783
f 2747 	2748 	2784
f 2783 	2747 	2784
f 2748 	2749 	2785
f 2784 	2748 	2785
f 2749 	2714 	2750
f 2785 	2749 	2750
f 2750 	2751 	2787
f 2786 	2750 	2787
f 2751 	2752 	2788
f 2787 	2751 	2788
f 2752 	2753 	2789
f 2788 	2752 	2789
f 2753 	2754 	2790
f 2789 	2753 	2790
f 2754 	2755 	2791
f 2790 	2754 	2791
f 2755 	2756 	2792
f 2791 	2755 	2792
f 2756 	2757 	2793
f 2792 	2756 	2793
f 2757 	2758 	2794
f 2793 	2757 	2794
f 2758 	2759 	2795
f 2794 	2758 	2795
f 2759 	2760 	2796
f 2795 	2759 	2796
f 2760 	2761 	2797
f 2796 	2760 	2797
f 2761 	2762 	2798
f 2797 	2761 	2798
f 2762 	2763 	2799
f 2798 	2762 	2799
f 2763 	2764 	2800
f 2799 	2763 	2800
f 2764 	2765 	2801
f 2800 	2764 	2801
f 2765 	2766 	2802
f 2801 	2765 	2802
f 2766 	2767 	2803
f 2802 	2766 	2803
f 2767 	2768 	2804
f 2803 	2767 	2804
f 2768 	2769 	2805
f 2804 	2768 	2805
f 2769 	2770 	2806
f 2805 	2769 	2806
f 2770 	2771 	2807
f 2806 	2770 	2807
f 2771 	2772 	2808
f 2807 	2771 	2808
f 2772 	2773 	2809
f 2808 	2772 	2809
f 2773 	2774 	2810
f 2809 	2773 	2810
f 2774 	2775 	2811
f 2810 	2774 	2811
f 2775 	2776 	2812
f 2811 	2775 	2812
f 2776 	2777 	2813
f 2812 	2776 	2813
f 2777 	2778 	2814
f 2813 	2777 	2814
f 2778 	2779 	2815
f 2814 	2778 	2815
f 2779 	2780 	2816
f 2815 	2779 	2816
f 2780 	2781 	2817
f 2816 	2780 	2817
f 2781 	2782 	2818
f 2817 	2781 	2818
f 2782 	2783 	2819
f 2818 	2782 	2819
f 2783 	2784 	2820
f 2819 	2783 	2820
f 2784 	2785 	2821
f 2820 	2784 	2821
f 2785 	2750 	2786
f 2821 	2785 	2786
f 2786 	2787 	2823
f 2822 	2786 	2823
f 2787 	2788 	2824
f 2823 	2787 	2824
f 2788 	2789 	2825
f 2824 	2788 	2825
f 2789 	2790 	2826
f 2825 	2789 	2826
f 2790 	2791 	2827
f 2826 	2790 	2827
f 2791 	2792 	2828
f 2827 	2791 	2828
f 2792 	2793 	2829
f 2828 	2792 	2829
f 2793 	2794 	2830
f 2829 	2793 	2830
f 2794 	2795 	2831
f 2830 	2794 	2831
f 2795 	2796 	2832
f 2831 	2795 	2832
f 2796 	2797 	2833
f 2832 	2796 	2833
f 2797 	2798 	2834
f 2833 	2797 	2834
f 2798 	2799 	2835
f 2834 	2798 	2835
f 2799 	2800 	2836
f 2835 	2799 	2836
f 2800 	2801 	2837
f 2836 	2800 	2837
f 2801 	2802 	2838
f 2837 	2801 	2838
f 2802 	2803 	2839
f 2838 	2802 	2839
f 2803 	2804 	2840
f 2839 	2803 	2840
f 2804 	2805 	2841
f 2840 	2804 	2841
f 2805 	2806 	2842
f 2841 	2805 	2842
f 2806 	2807 	2843
f 2842 	2806 	2843
f 2807 	2808 	2844
f 2843 	2807 	2844
f 2808 	2809 	2845
f 2844 	2808 	2845
f 2809 	2810 	2846
f 2845 	2809 	2846
f 2810 	2811 	2847
f 2846 	2810 	2847
f 2811 	2812 	2848
f 2847 	2811 	2848
f 2812 	2813 	2849
f 2848 	2812 	2849
f 2813 	2814 	2850
f 2849 	2813 	2850
f 2814 	2815 	2851
f 2850 	2814 	2851
f 2815 	2816 	2852
f 2851 	2815 	2852
f 2816 	2817 	2853
f 2852 	2816 	2853
f 2817 	2818 	2854
f 2853 	2817 	2854
f 2818 	2819 	2855
f 2854 	2818 	2855
f 2819 	2820 	2856
f 2855 	2819 	2856
f 2820 	2821 	2857
f 2856 	2820 	2857
f 2821 	2786 	2822
f 2857 	2821 	2822
f 2822 	2823 	2859
f 2858 	2822 	2859
f 2823 	2824 	2860
f 2859 	2823 	2860
f 2824 	2825 	2861
f 2860 	2824 	2861
f 2825 	2826 	2862
f 2861 	2825 	2862
f 2826 	2827 	2863
f 2862 	2826 	2863
f 2827 	2828 	2864
f 2863 	2827 	2864
f 2828 	2829 	2865
f 2864 	2828 	2865
f 2829 	2830 	2866
f 2865 	2829 	2866
f 2830 	2831 	2867
f 2866 	2830 	2867
f 2831 	2832 	2868
f 2867 	2831 	2868
f 2832 	2833 	2869
f 2868 	2832 	2869
f 2833 	2834 	2870
f 2869 	2833 	2870
f 2834 	2835 	2871
f 2870 	2834 	2871
f 2835 	2836 	2872
f 2871 	2835 	2872
f 2836 	2837 	2873
f 2872 	2836 	2873
f 2837 	2838 	2874
f 2873 	2837 	2874
f 2838 	2839 	2875
f 2874 	2838 	2875
f 2839 	2840 	2876
f 2875 	2839 	2876
f 2840 	2841 	2877
f 2876 	2840 	2877
f 2841 	2842 	2878
f 2877 	2841 	2878
f 2842 	2843 	2879
f 2878 	2842 	2879
f 2843 	2844 	2880
f 2879 	2843 	2880
f 2844 	2845 	2881
f 2880 	2844 	2881
f 2845 	2846 	2882
f 2881 	2845 	2882
f 2846 	2847 	2883
f 2882 	2846 	2883
f 2847 	2848 	2884
f 2883 	2847 	2884
f 2848 	2849 	2885
f 2884 	2848 	2885
f 2849 	2850 	2886
f 2885 	2849 	2886
f 2850 	2851 	2887
f 2886 	2850 	2887
f 2851 	2852 	2888
f 2887 	2851 	2888
f 2852 	2853 	2889
f 2888 	2852 	2889
f 2853 	2854 	2890
f 2889 	2853 	2890
f 2854 	2855 	2891
f 2890 	2854 	2891
f 2855 	2856 	2892
f 2891 	2855 	2892
f 2856 	2857 	2893
f 2892 	2856 	2893
f 2857 	2822 	2858
f 2893 	2857 	2858
f 2858 	2859 	2895
f 2894 	2858 	2895
f 2859 	2860 	2896
f 2895 	2859 	2896
f 2860 	2861 	2897
f 2896 	2860 	2897
f 2861 	2862 	2898
f 2897 	2861 	2898
f 2862 	2863 	2899
f 2898 	2862 	2899
f 2863 	2864 	2900
f 2899 	2863 	2900
f 2864 	2865 	2901
f 2900 	2864 	2901
f 2865 	2866 	2902
f 2901 	2865 	2902
f 2866 	2867 	2903
f 2902 	2866 	2903
f 2867 	2868 	2904
f 2903 	2867 	2904
f 2868 	2869 	2905
f 2904 	2868 	2905
f 2869 	2870 	2906
f 2905 	2869 	2906
f 2870 	2871 	2907
f 2906 	2870 	2907
f 2871 	2872 	2908
f 2907 	2871 	2908
f 2872 	2873 	2909
f 2908 	2872 	2909
f 2873 	2874 	2910
f 2909 	2873 	2910
f 2874 	2875 	2911
f 2910 	2874 	2911
f 2875 	2876 	2912
f 2911 	2875 	2912
f 2876 	2877 	2913
f 2912 	2876 	2913
f 2877 	2878 	2914
f 2913 	2877 	2914
f 2878 	2879 	2915
f 2914 	2878 	2915
f 2879 	2880 	2916
f 2915 	2879 	2916
f 2880 	2881 	2917
f 2916 	2880 	2917
f 2881 	2882 	2918
f 2917 	2881 	2918
f 2882 	2883 	2919
f 2918 	2882 	2919
f 2883 	2884 	2920
f 2919 	2883 	2920
f 2884 	2885 	2921
f 2920 	2884 	2921
f 2885 	2886 	2922
f 2921 	2885 	2922
f 2886 	2887 	2923
f 2922 	2886 	2923
f 2887 	2888 	2924
f 2923 	2887 	2924
f 2888 	2889 	2925
f 2924 	2888 	2925
f 2889 	2890 	2926
f 2925 	2889 	2926
f 2890 	2891 	2927
f 2926 	2890 	2927
f 2891 	2892 	2928
f 2927 	2891 	2928
f 2892 	2893 	2929
f 2928 	2892 	2929
f 2893 	2858 	2894
f 2929 	2893 	2894
f 2894 	2895 	2931
f 2930 	2894 	2931
f 2895 	2896 	2932
f 2931 	2895 	2932
f 2896 	2897 	2933
f 2932 	2896 	2933
f 2897 	2898 	2934
f 2933 	2897 	2934
f 2898 	2899 	2935
f 2934 	2898 	2935
f 2899 	2900 	2936
f 2935 	2899 	2936
f 2900 	2901 	2937
f 2936 	2900 	2937
f 2901 	2902 	2938
f 2937 	2901 	2938
f 2902 	2903 	2939
f 2938 	2902 	2939
f 2903 	2904 	2940
f 2939 	2903 	2940
f 2904 	2905 	2941
f 2940 	2904 	2941
f 2905 	2906 	2942
f 2941 	2905 	2942
f 2906 	2907 	2943
f 2942 	2906 	2943
f 2907 	2908 	2944
f 2943 	2907 	2944
f 2908 	2909 	2945
f 2944 	2908 	2945
f 2909 	2910 	2946
f 2945 	2909 	2946
f 2910 	2911 	2947
f 2946 	2910 	2947
f 2911 	2912 	2948
f 2947 	2911 	2948
f 2912 	2913 	2949
f 2948 	2912 	2949
f 2913 	2914 	2950
f 2949 	2913 	2950
f 2914 	2915 	2951
f 2950 	2914 	2951
f 2915 	2916 	2952
f 2951 	2915 	2952
f 2916 	2917 	2953
f 2952 	2916 	2953
f 2917 	2918 	2954
f 2953 	2917 	2954
f 2918 	2919 	2955
f 2954 	2918 	2955
f 2919 	2920 	2956
f 2955 	2919 	2956
f 2920 	2921 	2957
f 2956 	2920 	2957
f 2921 	2922 	2958
f 2957 	2921 	2958
f 2922 	2923 	2959
f 2958 	2922 	2959
f 2923 	2924 	2960
f 2959 	2923 	2960
f 2924 	2925 	2961
f 2960 	2924 	2961
f 2925 	2926 	2962
f 2961 	2925 	2962
f 2926 	2927 	2963
f 2962 	2926 	2963
f 2927 	2928 	2964
f 2963 	2927 	2964
f 2928 	2929 	2965
f 2964 	2928 	2965
f 2929 	2894 	2930
f 2965 	2929 	2930
f 2930 	2931 	2967
f 2966 	2930 	2967
f 2931 	2932 	2968
f 2967 	2931 	2968
f 2932 	2933 	2969
f 2968 	2932 	2969
f 2933 	2934 	2970
f 2969 	2933 	2970
f 2934 	2935 	2971
f 2970 	2934 	2971
f 2935 	2936 	2972
f 2971 	2935 	2972
f 2936 	2937 	2973
f 2972 	2936 	2973
f 2937 	2938 	2974
f 2973 	2937 	2974
f 2938 	2939 	2975
f 2974 	2938 	2975
f 2939 	2940 	2976
f 2975 	2939 	2976
f 2940 	2941 	2977
f 2976 	2940 	2977
f 2941 	2942 	2978
f 2977 	2941 	2978
f 2942 	2943 	2979
f 2978 	2942 	2979
f 2943 	2944 	2980
f 2979 	2943 	2980
f 2944 	2945 	2981
f 2980 	2944 	2981
f 2945 	2946 	2982
f 2981 	2945 	2982
f 2946 	2947 	2983
f 2982 	2946 	2983
f 2947 	2948 	2984
f 2983 	2947 	2984
f 2948 	2949 	2985
f 2984 	2948 	2985
f 2949 	2950 	2986
f 2985 	2949 	2986
f 2950 	2951 	2987
f 2986 	2950 	2987
f 2951 	2952 	2988
f 2987 	2951 	2988
f 2952 	2953 	2989
f 2988 	2952 	2989
f 2953 	2954 	2990
f 2989 	2953 	2990
f 2954 	2955 	2991
f 2990 	2954 	2991
f 2955 	2956 	2992
f 2991 	2955 	2992
f 2956 	2957 	2993
f 2992 	2956 	2993
f 2957 	2958 	2994
f 2993 	2957 	2994
f 2958 	2959 	2995
f 2994 	2958 	2995
f 2959 	2960 	2996
f 2995 	2959 	2996
f 2960 	2961 	2997
f 2996 	2960 	2997
f 2961 	2962 	2998
f 2997 	2961 	2998
f 2962 	2963 	2999
f 2998 	2962 	2999
f 2963 	2964 	3000
f 2999 	2963 	3000
f 2964 	2965 	3001
f 3000 	2964 	3001
f 2965 	2930 	2966
f 3001 	2965 	2966
f 2966 	2967 	3003
f 3002 	2966 	3003
f 2967 	2968 	3004
f 3003 	2967 	3004
f 2968 	2969 	3005
f 3004 	2968 	3005
f 2969 	2970 	3006
f 3005 	2969 	3006
f 2970 	2971 	3007
f 3006 	2970 	3007
f 2971 	2972 	3008
f 3007 	2971 	3008
f 2972 	2973 	3009
f 3008 	2972 	3009
f 2973 	2974 	3010
f 3009 	2973 	3010
f 2974 	2975 	3011
f 3010 	2974 	3011
f 2975 	2976 	3012
f 3011 	2975 	3012
f 2976 	2977 	3013
f 3012 	2976 	3013
f 2977 	2978 	3014
f 3013 	2977 	3014
f 2978 	2979 	3015
f 3014 	2978 	3015
f 2979 	2980 	3016
f 3015 	2979 	3016
f 2980 	2981 	3017
f 3016 	2980 	3017
f 2981 	2982 	3018
f 3017 	2981 	3018
f 2982 	2983 	3019
f 3018 	2982 	3019
f 2983 	2984 	3020
f 3019 	2983 	3020
f 2984 	2985 	3021
f 3020 	2984 	3021
f 2985 	2986 	3022
f 3021 	2985 	3022
f 2986 	2987 	3023
f 3022 	2986 	3023
f 2987 	2988 	3024
f 3023 	2987 	3024
f 2988 	2989 	3025
f 3024 	2988 	3025
f 2989 	2990 	3026
f 3025 	2989 	3026
f 2990 	2991 	3027
f 3026 	2990 	3027
f 2991 	2992 	3028
f 3027 	2991 	3028
f 2992 	2993 	3029
f 3028 	2992 	3029
f 2993 	2994 	3030
f 3029 	2993 	3030
f 2994 	2995 	3031
f 3030 	2994 	3031
f 2995 	2996 	3032
f 3031 	2995 	3032
f 2996 	2997 	3033
f 3032 	2996 	3033
f 2997 	2998 	3034
f 3033 	2997 	3034
f 2998 	2999 	3035
f 3034 	2998 	3035
f 2999 	3000 	3036
f 3035 	2999 	3036
f 3000 	3001 	3037
f 3036 	3000 	3037
f 3001 	2966 	3002
f 3037 	3001 	3002
f 3002 	3003 	3039
f 3038 	3002 	3039
f 3003 	3004 	3040
f 3039 	3003 	3040
f 3004 	3005 	3041
f 3040 	3004 	3041
f 3005 	3006 	3042
f 3041 	3005 	3042
f 3006 	3007 	3043
f 3042 	3006 	3043
f 3007 	3008 	3044
f 3043 	3007 	3044
f 3008 	3009 	3045
f 3044 	3008 	3045
f 3009 	3010 	3046
f 3045 	3009 	3046
f 3010 	3011 	3047
f 3046 	3010 	3047
f 3011 	3012 	3048
f 3047 	3011 	3048
f 3012 	3013 	3049
f 3048 	3012 	3049
f 3013 	3014 	3050
f 3049 	3013 	3050
f 3014 	3015 	3051
f 3050 	3014 	3051
f 3015 	3016 	3052
f 3051 	3015 	3052
f 3016 	3017 	3053
f 3052 	3016 	3053
f 3017 	3018 	3054
f 3053 	3017 	3054
f 3018 	3019 	3055
f 3054 	3018 	3055
f 3019 	3020 	3056
f 3055 	3019 	3056
f 3020 	3021 	3057
f 3056 	3020 	3057
f 3021 	3022 	3058
f 3057 	3021 	3058
f 3022 	3023 	3059
f 3058 	3022 	3059
f 3023 	3024 	3060
f 3059 	3023 	3060
f 3024 	3025 	3061
f 3060 	3024 	3061
f 3025 	3026 	3062
f 3061 	3025 	3062
f 3026 	3027 	3063
f 3062 	3026 	3063
f 3027 	3028 	3064
f 3063 	3027 	3064
f 3028 	3029 	3065
f 3064 	3028 	3065
f 3029 	3030 	3066
f 3065 	3029 	3066
f 3030 	3031 	3067
f 3066 	3030 	3067
f 3031 	3032 	3068
f 3067 	3031 	3068
f 3032 	3033 	3069
f 3068 	3032 	3069
f 3033 	3034 	3070
f 3069 	3033 	3070
f 3034 	3035 	3071
f 3070 	3034 	3071
f 3035 	3036 	3072
f 3071 	3035 	3072
f 3036 	3037 	3073
f 3072 	3036 	3073
f 3037 	3002 	3038
f 3073 	3037 	3038
f 3038 	3039 	3074
f 3039 	3040 	3074
f 3040 	3041 	3074
f 3041 	3042 	3074
f 3042 	3043 	3074
f 3043 	3044 	3074
f 3044 	3045 	3074
f 3045 	3046 	3074
f 3046 	3047 	3074
f 3047 	3048 	3074
f 3048 	3049 	3074
f 3049 	3050 	3074
f 3050 	3051 	3074
f 3051 	3052 	3074
f 3052 	3053 	3074
f 3053 	3054 	3074
f 3054 	3055 	3074
f 3055 	3056 	3074
f 3056 	3057 	3074
f 3057 	3058 	3074
f 3058 	3059 	3074
f 3059 	3060 	3074
f 3060 	3061 	3074
f 3061 	3062 	3074
f 3062 	3063 	3074
f 3063 	3064 	3074
f 3064 	3065 	3074
f 3065 	3066 	3074
f 3066 	3067 	3074
f 3067 	3068 	3074
f 3068 	3069 	3074
f 3069 	3070 	3074
f 3070 	3071 	3074
f 3071 	3072 	3074
f 3072 	3073 	3074
f 3073 	3038 	3074
# 1224 faces

 #end of obj_5

o obj_6
v -0.229 		-25.8133 		38.6864
v -0.0524 		-25.8143 		38.7084
v -0.0565 		-25.8445 		38.717
v -0.0657 		-25.8738 		38.7241
v -0.0798 		-25.9013 		38.7297
v -0.0983 		-25.9263 		38.7335
v -0.1207 		-25.9479 		38.7354
v -0.1463 		-25.9655 		38.7354
v -0.1743 		-25.9785 		38.7335
v -0.2038 		-25.9866 		38.7296
v -0.2341 		-25.9895 		38.7241
v -0.2641 		-25.9872 		38.7169
v -0.2929 		-25.9796 		38.7083
v -0.3197 		-25.9671 		38.6987
v -0.3436 		-25.95 		38.6882
v -0.364 		-25.9288 		38.6772
v -0.3802 		-25.9041 		38.666
v -0.3916 		-25.8768 		38.655
v -0.3981 		-25.8477 		38.6445
v -0.3993 		-25.8176 		38.6349
v -0.3952 		-25.7874 		38.6263
v -0.386 		-25.7581 		38.6192
v -0.3719 		-25.7306 		38.6136
v -0.3534 		-25.7056 		38.6098
v -0.331 		-25.684 		38.6079
v -0.3054 		-25.6665 		38.6079
v -0.2774 		-25.6534 		38.6098
v -0.2478 		-25.6453 		38.6136
v -0.2176 		-25.6424 		38.6192
v -0.1876 		-25.6447 		38.6264
v -0.1588 		-25.6523 		38.635
v -0.132 		-25.6648 		38.6446
v -0.108 		-25.682 		38.6551
v -0.0877 		-25.7031 		38.6661
v -0.0715 		-25.7278 		38.6773
v -0.06 		-25.7551 		38.6883
v -0.0536 		-25.7842 		38.6988
v 0.1252 		-25.8205 		38.7002
v 0.1172 		-25.8799 		38.717
v 0.099 		-25.9377 		38.7311
v 0.0713 		-25.9919 		38.7421
v 0.0348 		-26.041 		38.7496
v -0.0093 		-26.0836 		38.7534
v -0.0597 		-26.1182 		38.7534
v -0.1148 		-26.1439 		38.7495
v -0.1731 		-26.1598 		38.742
v -0.2327 		-26.1656 		38.731
v -0.2917 		-26.1609 		38.7168
v -0.3485 		-26.1461 		38.7
v -0.4013 		-26.1214 		38.6809
v -0.4484 		-26.0877 		38.6603
v -0.4885 		-26.0459 		38.6386
v -0.5204 		-25.9974 		38.6167
v -0.543 		-25.9437 		38.595
v -0.5556 		-25.8862 		38.5744
v -0.558 		-25.8269 		38.5553
v -0.55 		-25.7675 		38.5385
v -0.5318 		-25.7098 		38.5244
v -0.5041 		-25.6556 		38.5134
v -0.4676 		-25.6064 		38.5059
v -0.4235 		-25.5639 		38.5021
v -0.3731 		-25.5293 		38.5021
v -0.318 		-25.5036 		38.506
v -0.2597 		-25.4876 		38.5135
v -0.2001 		-25.4819 		38.5245
v -0.1411 		-25.4865 		38.5387
v -0.0843 		-25.5014 		38.5555
v -0.0315 		-25.5261 		38.5746
v 0.0156 		-25.5598 		38.5952
v 0.0557 		-25.6015 		38.6169
v 0.0876 		-25.65 		38.6389
v 0.1102 		-25.7038 		38.6605
v 0.1228 		-25.7612 		38.6812
v 0.2984 		-25.8318 		38.662
v 0.2867 		-25.9186 		38.6866
v 0.2601 		-26.003 		38.7072
v 0.2196 		-26.0823 		38.7232
v 0.1663 		-26.1541 		38.7342
v 0.1018 		-26.2163 		38.7398
v 0.0281 		-26.2669 		38.7397
v -0.0525 		-26.3045 		38.7341
v -0.1377 		-26.3278 		38.7231
v -0.2248 		-26.3362 		38.707
v -0.3111 		-26.3294 		38.6863
v -0.3941 		-26.3076 		38.6617
v -0.4713 		-26.2716 		38.6338
v -0.5402 		-26.2223 		38.6036
v -0.5988 		-26.1612 		38.572
v -0.6454 		-26.0903 		38.5399
v -0.6784 		-26.0117 		38.5082
v -0.6969 		-25.9278 		38.478
v -0.7004 		-25.8411 		38.4502
v -0.6887 		-25.7542 		38.4256
v -0.6621 		-25.6699 		38.405
v -0.6216 		-25.5906 		38.3889
v -0.5683 		-25.5188 		38.378
v -0.5038 		-25.4566 		38.3724
v -0.4301 		-25.406 		38.3725
v -0.3495 		-25.3684 		38.3781
v -0.2643 		-25.3451 		38.3891
v -0.1772 		-25.3367 		38.4052
v -0.0909 		-25.3435 		38.4258
v -0.0079 		-25.3652 		38.4505
v 0.0693 		-25.4013 		38.4783
v 0.1382 		-25.4506 		38.5085
v 0.1968 		-25.5116 		38.5402
v 0.2434 		-25.5825 		38.5723
v 0.2764 		-25.6611 		38.604
v 0.2949 		-25.7451 		38.6341
v 0.4619 		-25.8477 		38.5949
v 0.4469 		-25.9593 		38.6266
v 0.4127 		-26.0678 		38.6531
v 0.3606 		-26.1697 		38.6737
v 0.2921 		-26.262 		38.6878
v 0.2092 		-26.342 		38.6949
v 0.1144 		-26.4071 		38.6949
v 0.0108 		-26.4553 		38.6877
v -0.0987 		-26.4853 		38.6735
v -0.2106 		-26.4961 		38.6528
v -0.3217 		-26.4874 		38.6263
v -0.4284 		-26.4594 		38.5946
v -0.5276 		-26.4131 		38.5588
v -0.6162 		-26.3497 		38.52
v -0.6915 		-26.2712 		38.4793
v -0.7514 		-26.1801 		38.438
v -0.7938 		-26.079 		38.3973
v -0.8176 		-25.9711 		38.3585
v -0.8221 		-25.8597 		38.3227
v -0.807 		-25.748 		38.2911
v -0.7729 		-25.6396 		38.2646
v -0.7208 		-25.5376 		38.2439
v -0.6523 		-25.4453 		38.2298
v -0.5694 		-25.3654 		38.2227
v -0.4746 		-25.3003 		38.2227
v -0.371 		-25.252 		38.23
v -0.2615 		-25.222 		38.2441
v -0.1495 		-25.2112 		38.2648
v -0.0385 		-25.2199 		38.2914
v 0.0682 		-25.2479 		38.3231
v 0.1674 		-25.2943 		38.3589
v 0.256 		-25.3576 		38.3977
v 0.3314 		-25.4361 		38.4384
v 0.3912 		-25.5272 		38.4797
v 0.4336 		-25.6283 		38.5204
v 0.4575 		-25.7362 		38.5592
v 0.6108 		-25.8678 		38.5011
v 0.5928 		-26.0008 		38.5388
v 0.5522 		-26.1301 		38.5704
v 0.4901 		-26.2516 		38.595
v 0.4084 		-26.3616 		38.6118
v 0.3096 		-26.4569 		38.6203
v 0.1967 		-26.5344 		38.6203
v 0.0731 		-26.592 		38.6117
v -0.0573 		-26.6277 		38.5948
v -0.1907 		-26.6406 		38.5701
v -0.323 		-26.6302 		38.5384
v -0.4502 		-26.5969 		38.5007
v -0.5684 		-26.5416 		38.458
v -0.674 		-26.4661 		38.4118
v -0.7638 		-26.3726 		38.3633
v -0.8351 		-26.2639 		38.314
v -0.8857 		-26.1435 		38.2656
v -0.9141 		-26.0149 		38.2193
v -0.9194 		-25.8821 		38.1767
v -0.9015 		-25.749 		38.139
v -0.8608 		-25.6198 		38.1074
v -0.7987 		-25.4983 		38.0828
v -0.717 		-25.3882 		38.066
v -0.6182 		-25.293 		38.0575
v -0.5053 		-25.2154 		38.0576
v -0.3818 		-25.1579 		38.0662
v -0.2513 		-25.1221 		38.083
v -0.1179 		-25.1092 		38.1077
v 0.0144 		-25.1196 		38.1394
v 0.1416 		-25.153 		38.1771
v 0.2598 		-25.2083 		38.2198
v 0.3654 		-25.2838 		38.2661
v 0.4552 		-25.3773 		38.3145
v 0.5265 		-25.4859 		38.3638
v 0.5771 		-25.6063 		38.4123
v 0.6055 		-25.7349 		38.4585
v 0.7405 		-25.8915 		38.3834
v 0.7202 		-26.0419 		38.426
v 0.6743 		-26.188 		38.4617
v 0.604 		-26.3253 		38.4895
v 0.5117 		-26.4497 		38.5085
v 0.4 		-26.5574 		38.5181
v 0.2724 		-26.6451 		38.5181
v 0.1327 		-26.7102 		38.5083
v -0.0148 		-26.7506 		38.4893
v -0.1656 		-26.7651 		38.4614
v -0.3152 		-26.7534 		38.4256
v -0.459 		-26.7157 		38.3829
v -0.5926 		-26.6532 		38.3347
v -0.712 		-26.5678 		38.2824
v -0.8135 		-26.4621 		38.2275
v -0.8941 		-26.3393 		38.1719
v -0.9513 		-26.2032 		38.1171
v -0.9834 		-26.0578 		38.0648
v -0.9894 		-25.9076 		38.0166
v -0.9691 		-25.7572 		37.974
v -0.9232 		-25.6111 		37.9383
v -0.853 		-25.4737 		37.9105
v -0.7606 		-25.3493 		37.8915
v -0.6489 		-25.2416 		37.8819
v -0.5213 		-25.1539 		37.8819
v -0.3816 		-25.0889 		37.8916
v -0.2341 		-25.0485 		37.9107
v -0.0833 		-25.0339 		37.9386
v 0.0663 		-25.0457 		37.9744
v 0.2101 		-25.0834 		38.0171
v 0.3437 		-25.1459 		38.0653
v 0.4631 		-25.2312 		38.1176
v 0.5646 		-25.3369 		38.1724
v 0.6452 		-25.4597 		38.2281
v 0.7024 		-25.5959 		38.2829
v 0.7345 		-25.7413 		38.3352
v 0.8471 		-25.918 		38.2453
v 0.8251 		-26.0812 		38.2915
v 0.7752 		-26.2398 		38.3303
v 0.699 		-26.3888 		38.3604
v 0.5988 		-26.5238 		38.381
v 0.4776 		-26.6406 		38.3915
v 0.3392 		-26.7358 		38.3914
v 0.1876 		-26.8064 		38.3809
v 0.0276 		-26.8502 		38.3602
v -0.1361 		-26.866 		38.3299
v -0.2984 		-26.8533 		38.2911
v -0.4544 		-26.8124 		38.2448
v -0.5994 		-26.7446 		38.1924
v -0.7289 		-26.6519 		38.1357
v -0.8391 		-26.5372 		38.0762
v -0.9266 		-26.404 		38.0158
v -0.9887 		-26.2562 		37.9563
v -1.0235 		-26.0985 		37.8996
v -1.03 		-25.9355 		37.8473
v -1.008 		-25.7723 		37.8011
v -0.9581 		-25.6138 		37.7623
v -0.8819 		-25.4647 		37.7322
v -0.7817 		-25.3298 		37.7116
v -0.6605 		-25.2129 		37.7011
v -0.522 		-25.1178 		37.7012
v -0.3705 		-25.0472 		37.7117
v -0.2104 		-25.0033 		37.7324
v -0.0468 		-24.9875 		37.7627
v 0.1155 		-25.0003 		37.8015
v 0.2716 		-25.0412 		37.8478
v 0.4165 		-25.109 		37.9002
v 0.5461 		-25.2016 		37.9569
v 0.6563 		-25.3163 		38.0164
v 0.7437 		-25.4496 		38.0768
v 0.8058 		-25.5973 		38.1363
v 0.8406 		-25.755 		38.193
v 0.9274 		-25.9466 		38.091
v 0.9043 		-26.1177 		38.1395
v 0.8521 		-26.2838 		38.1801
v 0.7722 		-26.44 		38.2117
v 0.6672 		-26.5815 		38.2333
v 0.5402 		-26.7039 		38.2442
v 0.395 		-26.8037 		38.2442
v 0.2362 		-26.8776 		38.2331
v 0.0685 		-26.9236 		38.2114
v -0.103 		-26.9401 		38.1797
v -0.2731 		-26.9268 		38.139
v -0.4366 		-26.8839 		38.0905
v -0.5886 		-26.8128 		38.0357
v -0.7243 		-26.7157 		37.9762
v -0.8398 		-26.5956 		37.9138
v -0.9315 		-26.4559 		37.8505
v -0.9965 		-26.3011 		37.7882
v -1.033 		-26.1358 		37.7287
v -1.0398 		-25.965 		37.674
v -1.0168 		-25.7939 		37.6255
v -0.9645 		-25.6278 		37.5849
v -0.8846 		-25.4716 		37.5533
v -0.7796 		-25.3301 		37.5317
v -0.6526 		-25.2077 		37.5207
v -0.5075 		-25.1079 		37.5208
v -0.3486 		-25.034 		37.5319
v -0.1809 		-24.988 		37.5536
v -0.0094 		-24.9715 		37.5852
v 0.1607 		-24.9848 		37.626
v 0.3242 		-25.0277 		37.6745
v 0.4761 		-25.0987 		37.7293
v 0.6119 		-25.1958 		37.7888
v 0.7274 		-25.316 		37.8512
v 0.819 		-25.4557 		37.9145
v 0.8841 		-25.6105 		37.9768
v 0.9206 		-25.7758 		38.0362
v 0.9789 		-25.9764 		37.9253
v 0.9554 		-26.1501 		37.9745
v 0.9024 		-26.3188 		38.0158
v 0.8213 		-26.4774 		38.0479
v 0.7146 		-26.6211 		38.0698
v 0.5857 		-26.7454 		38.0809
v 0.4383 		-26.8467 		38.0808
v 0.277 		-26.9218 		38.0696
v 0.1067 		-26.9684 		38.0476
v -0.0675 		-26.9852 		38.0154
v -0.2402 		-26.9717 		37.974
v -0.4062 		-26.9282 		37.9248
v -0.5605 		-26.856 		37.8691
v -0.6983 		-26.7574 		37.8087
v -0.8156 		-26.6354 		37.7454
v -0.9087 		-26.4936 		37.6811
v -0.9747 		-26.3364 		37.6178
v -1.0118 		-26.1685 		37.5574
v -1.0187 		-25.9951 		37.5018
v -0.9953 		-25.8214 		37.4526
v -0.9422 		-25.6526 		37.4113
v -0.8611 		-25.4941 		37.3793
v -0.7545 		-25.3504 		37.3573
v -0.6255 		-25.2261 		37.3462
v -0.4781 		-25.1248 		37.3463
v -0.3168 		-25.0497 		37.3575
v -0.1465 		-25.003 		37.3795
v 0.0276 		-24.9862 		37.4117
v 0.2003 		-24.9998 		37.4531
v 0.3664 		-25.0433 		37.5024
v 0.5206 		-25.1155 		37.558
v 0.6585 		-25.2141 		37.6185
v 0.7758 		-25.3361 		37.6818
v 0.8688 		-25.4779 		37.746
v 0.9349 		-25.6351 		37.8093
v 0.9719 		-25.803 		37.8697
v 1 		-26.0065 		37.7532
v 0.9769 		-26.1775 		37.8016
v 0.9247 		-26.3437 		37.8422
v 0.8448 		-26.4999 		37.8738
v 0.7398 		-26.6413 		37.8954
v 0.6128 		-26.7638 		37.9064
v 0.4677 		-26.8635 		37.9063
v 0.3088 		-26.9375 		37.8953
v 0.1411 		-26.9835 		37.8736
v -0.0304 		-27 		37.8419
v -0.2005 		-26.9866 		37.8011
v -0.364 		-26.9438 		37.7526
v -0.516 		-26.8727 		37.6978
v -0.6517 		-26.7756 		37.6383
v -0.7672 		-26.6554 		37.5759
v -0.8588 		-26.5158 		37.5127
v -0.9239 		-26.361 		37.4503
v -0.9604 		-26.1956 		37.3909
v -0.9672 		-26.0249 		37.3361
v -0.9441 		-25.8538 		37.2876
v -0.8919 		-25.6876 		37.247
v -0.812 		-25.5315 		37.2154
v -0.707 		-25.39 		37.1938
v -0.58 		-25.2675 		37.1829
v -0.4349 		-25.1678 		37.1829
v -0.276 		-25.0938 		37.194
v -0.1083 		-25.0479 		37.2157
v 0.0632 		-25.0313 		37.2474
v 0.2333 		-25.0447 		37.2881
v 0.3968 		-25.0876 		37.3366
v 0.5487 		-25.1586 		37.3915
v 0.6845 		-25.2557 		37.451
v 0.8 		-25.3759 		37.5133
v 0.8916 		-25.5155 		37.5766
v 0.9567 		-25.6704 		37.6389
v 0.9932 		-25.8357 		37.6984
v 0.9901 		-26.0359 		37.5798
v 0.9681 		-26.1992 		37.626
v 0.9183 		-26.3577 		37.6648
v 0.8421 		-26.5067 		37.695
v 0.7419 		-26.6417 		37.7156
v 0.6207 		-26.7586 		37.726
v 0.4822 		-26.8537 		37.7259
v 0.3306 		-26.9243 		37.7154
v 0.1706 		-26.9681 		37.6947
v 0.0069 		-26.9839 		37.6644
v -0.1554 		-26.9712 		37.6256
v -0.3114 		-26.9303 		37.5793
v -0.4564 		-26.8625 		37.527
v -0.5859 		-26.7698 		37.4702
v -0.6961 		-26.6551 		37.4107
v -0.7835 		-26.5219 		37.3503
v -0.8456 		-26.3742 		37.2908
v -0.8804 		-26.2164 		37.2341
v -0.8869 		-26.0535 		37.1818
v -0.8649 		-25.8902 		37.1356
v -0.8151 		-25.7317 		37.0968
v -0.7389 		-25.5827 		37.0667
v -0.6387 		-25.4477 		37.0461
v -0.5175 		-25.3308 		37.0356
v -0.379 		-25.2357 		37.0357
v -0.2274 		-25.1651 		37.0462
v -0.0674 		-25.1213 		37.0669
v 0.0963 		-25.1055 		37.0972
v 0.2586 		-25.1182 		37.1361
v 0.4146 		-25.1591 		37.1823
v 0.5596 		-25.2269 		37.2347
v 0.6891 		-25.3196 		37.2914
v 0.7993 		-25.4343 		37.3509
v 0.8867 		-25.5675 		37.4113
v 0.9488 		-25.7152 		37.4708
v 0.9836 		-25.873 		37.5275
v 0.9496 		-26.0639 		37.4105
v 0.9293 		-26.2143 		37.4531
v 0.8834 		-26.3604 		37.4888
v 0.8131 		-26.4977 		37.5166
v 0.7208 		-26.6221 		37.5356
v 0.6091 		-26.7298 		37.5452
v 0.4815 		-26.8175 		37.5452
v 0.3418 		-26.8826 		37.5355
v 0.1943 		-26.923 		37.5164
v 0.0435 		-26.9375 		37.4885
v -0.1061 		-26.9258 		37.4527
v -0.2499 		-26.8881 		37.41
v -0.3835 		-26.8256 		37.3618
v -0.5029 		-26.7402 		37.3095
v -0.6044 		-26.6345 		37.2547
v -0.685 		-26.5117 		37.199
v -0.7423 		-26.3756 		37.1442
v -0.7743 		-26.2302 		37.0919
v -0.7803 		-26.08 		37.0437
v -0.76 		-25.9296 		37.0011
v -0.7141 		-25.7835 		36.9654
v -0.6439 		-25.6461 		36.9376
v -0.5515 		-25.5217 		36.9186
v -0.4398 		-25.414 		36.909
v -0.3122 		-25.3263 		36.9091
v -0.1725 		-25.2613 		36.9188
v -0.025 		-25.2209 		36.9379
v 0.1258 		-25.2063 		36.9657
v 0.2754 		-25.2181 		37.0015
v 0.4192 		-25.2558 		37.0442
v 0.5528 		-25.3183 		37.0924
v 0.6722 		-25.4036 		37.1448
v 0.7737 		-25.5093 		37.1996
v 0.8543 		-25.6321 		37.2552
v 0.9115 		-25.7683 		37.31
v 0.9436 		-25.9137 		37.3623
v 0.8796 		-26.0894 		37.2504
v 0.8616 		-26.2225 		37.2881
v 0.821 		-26.3517 		37.3197
v 0.7589 		-26.4732 		37.3443
v 0.6772 		-26.5832 		37.3611
v 0.5784 		-26.6785 		37.3696
v 0.4655 		-26.7561 		37.3696
v 0.3419 		-26.8136 		37.361
v 0.2115 		-26.8493 		37.3441
v 0.0781 		-26.8622 		37.3194
v -0.0542 		-26.8518 		37.2877
v -0.1814 		-26.8185 		37.25
v -0.2996 		-26.7632 		37.2073
v -0.4052 		-26.6877 		37.1611
v -0.495 		-26.5942 		37.1126
v -0.5663 		-26.4856 		37.0633
v -0.6169 		-26.3651 		37.0149
v -0.6453 		-26.2365 		36.9686
v -0.6506 		-26.1037 		36.926
v -0.6327 		-25.9706 		36.8883
v -0.592 		-25.8414 		36.8567
v -0.5299 		-25.7199 		36.8321
v -0.4482 		-25.6099 		36.8153
v -0.3494 		-25.5146 		36.8068
v -0.2365 		-25.437 		36.8069
v -0.113 		-25.3795 		36.8155
v 0.0175 		-25.3438 		36.8323
v 0.1509 		-25.3309 		36.857
v 0.2832 		-25.3413 		36.8887
v 0.4104 		-25.3746 		36.9264
v 0.5286 		-25.4299 		36.9691
v 0.6342 		-25.5054 		37.0154
v 0.724 		-25.5989 		37.0638
v 0.7953 		-25.7075 		37.1131
v 0.8459 		-25.828 		37.1616
v 0.8743 		-25.9566 		37.2078
v 0.7823 		-26.1118 		37.1044
v 0.7672 		-26.2235 		37.136
v 0.7331 		-26.3319 		37.1626
v 0.681 		-26.4338 		37.1832
v 0.6124 		-26.5262 		37.1973
v 0.5295 		-26.6061 		37.2044
v 0.4348 		-26.6712 		37.2044
v 0.3311 		-26.7195 		37.1972
v 0.2216 		-26.7495 		37.183
v 0.1097 		-26.7603 		37.1623
v -0.0013 		-26.7516 		37.1357
v -0.108 		-26.7236 		37.1041
v -0.2072 		-26.6772 		37.0683
v -0.2958 		-26.6138 		37.0294
v -0.3712 		-26.5354 		36.9887
v -0.431 		-26.4442 		36.9474
v -0.4735 		-26.3432 		36.9068
v -0.4973 		-26.2353 		36.8679
v -0.5017 		-26.1238 		36.8322
v -0.4867 		-26.0121 		36.8006
v -0.4526 		-25.9037 		36.774
v -0.4005 		-25.8018 		36.7534
v -0.3319 		-25.7094 		36.7393
v -0.249 		-25.6295 		36.7322
v -0.1543 		-25.5644 		36.7322
v -0.0506 		-25.5161 		36.7394
v 0.0589 		-25.4861 		36.7536
v 0.1708 		-25.4753 		36.7743
v 0.2818 		-25.484 		36.8009
v 0.3886 		-25.512 		36.8325
v 0.4877 		-25.5584 		36.8683
v 0.5763 		-25.6218 		36.9072
v 0.6517 		-25.7002 		36.9479
v 0.7115 		-25.7914 		36.9892
v 0.754 		-25.8924 		37.0298
v 0.7778 		-26.0003 		37.0687
v 0.6606 		-26.1304 		36.9769
v 0.6488 		-26.2172 		37.0015
v 0.6223 		-26.3016 		37.0221
v 0.5818 		-26.3809 		37.0382
v 0.5284 		-26.4527 		37.0491
v 0.464 		-26.5149 		37.0547
v 0.3903 		-26.5655 		37.0547
v 0.3096 		-26.6031 		37.0491
v 0.2245 		-26.6264 		37.038
v 0.1374 		-26.6348 		37.0219
v 0.051 		-26.628 		37.0013
v -0.032 		-26.6063 		36.9766
v -0.1091 		-26.5702 		36.9488
v -0.178 		-26.5209 		36.9186
v -0.2367 		-26.4598 		36.8869
v -0.2832 		-26.389 		36.8548
v -0.3162 		-26.3103 		36.8232
v -0.3348 		-26.2264 		36.793
v -0.3382 		-26.1397 		36.7652
v -0.3265 		-26.0528 		36.7406
v -0.3 		-25.9685 		36.7199
v -0.2594 		-25.8892 		36.7039
v -0.2061 		-25.8174 		36.6929
v -0.1416 		-25.7552 		36.6874
v -0.0679 		-25.7046 		36.6874
v 0.0127 		-25.667 		36.693
v 0.0979 		-25.6437 		36.704
v 0.1849 		-25.6353 		36.7201
v 0.2713 		-25.6421 		36.7408
v 0.3543 		-25.6638 		36.7654
v 0.4314 		-25.6999 		36.7933
v 0.5004 		-25.7492 		36.8235
v 0.559 		-25.8102 		36.8551
v 0.6055 		-25.8811 		36.8873
v 0.6386 		-25.9597 		36.9189
v 0.6571 		-26.0437 		36.9491
v 0.5182 		-26.1445 		36.8718
v 0.5102 		-26.204 		36.8886
v 0.492 		-26.2617 		36.9027
v 0.4643 		-26.3159 		36.9137
v 0.4278 		-26.365 		36.9212
v 0.3837 		-26.4076 		36.925
v 0.3333 		-26.4422 		36.925
v 0.2781 		-26.4679 		36.9211
v 0.2199 		-26.4838 		36.9136
v 0.1603 		-26.4896 		36.9026
v 0.1012 		-26.485 		36.8885
v 0.0445 		-26.4701 		36.8716
v -0.0083 		-26.4454 		36.8526
v -0.0555 		-26.4117 		36.8319
v -0.0956 		-26.3699 		36.8102
v -0.1274 		-26.3214 		36.7883
v -0.15 		-26.2677 		36.7666
v -0.1627 		-26.2102 		36.746
v -0.165 		-26.1509 		36.7269
v -0.157 		-26.0915 		36.7101
v -0.1389 		-26.0338 		36.696
v -0.1111 		-25.9796 		36.685
v -0.0747 		-25.9304 		36.6775
v -0.0306 		-25.8879 		36.6737
v 0.0198 		-25.8533 		36.6737
v 0.075 		-25.8276 		36.6776
v 0.1333 		-25.8116 		36.6851
v 0.1928 		-25.8059 		36.6961
v 0.2519 		-25.8105 		36.7103
v 0.3087 		-25.8254 		36.7271
v 0.3615 		-25.8501 		36.7462
v 0.4086 		-25.8838 		36.7668
v 0.4487 		-25.9256 		36.7885
v 0.4805 		-25.974 		36.8105
v 0.5031 		-26.0278 		36.8321
v 0.5158 		-26.0852 		36.8528
v 0.3594 		-26.1539 		36.7922
v 0.3554 		-26.1841 		36.8008
v 0.3462 		-26.2134 		36.8079
v 0.3321 		-26.2409 		36.8135
v 0.3136 		-26.2658 		36.8173
v 0.2912 		-26.2874 		36.8193
v 0.2656 		-26.305 		36.8192
v 0.2376 		-26.3181 		36.8173
v 0.208 		-26.3262 		36.8135
v 0.1777 		-26.3291 		36.8079
v 0.1478 		-26.3267 		36.8007
v 0.1189 		-26.3192 		36.7921
v 0.0921 		-26.3066 		36.7825
v 0.0682 		-26.2895 		36.772
v 0.0478 		-26.2683 		36.761
v 0.0317 		-26.2437 		36.7498
v 0.0202 		-26.2164 		36.7388
v 0.0138 		-26.1872 		36.7284
v 0.0126 		-26.1571 		36.7187
v 0.0166 		-26.127 		36.7102
v 0.0258 		-26.0977 		36.703
v 0.0399 		-26.0701 		36.6974
v 0.0584 		-26.0452 		36.6936
v 0.0808 		-26.0236 		36.6917
v 0.1064 		-26.006 		36.6917
v 0.1344 		-25.993 		36.6936
v 0.164 		-25.9849 		36.6975
v 0.1943 		-25.982 		36.7031
v 0.2242 		-25.9843 		36.7102
v 0.2531 		-25.9919 		36.7188
v 0.2799 		-26.0044 		36.7285
v 0.3038 		-26.0215 		36.739
v 0.3242 		-26.0427 		36.7499
v 0.3403 		-26.0673 		36.7611
v 0.3518 		-26.0946 		36.7721
v 0.3582 		-26.1238 		36.7826
v 0.1892 		-26.1581 		36.7407
# 614 vertices

g group_6_16448250

usemtl color_16448250
s 0

f 3076 	3075 	3077
f 3077 	3075 	3078
f 3078 	3075 	3079
f 3079 	3075 	3080
f 3080 	3075 	3081
f 3081 	3075 	3082
f 3082 	3075 	3083
f 3083 	3075 	3084
f 3084 	3075 	3085
f 3085 	3075 	3086
f 3086 	3075 	3087
f 3087 	3075 	3088
f 3088 	3075 	3089
f 3089 	3075 	3090
f 3090 	3075 	3091
f 3091 	3075 	3092
f 3092 	3075 	3093
f 3093 	3075 	3094
f 3094 	3075 	3095
f 3095 	3075 	3096
f 3096 	3075 	3097
f 3097 	3075 	3098
f 3098 	3075 	3099
f 3099 	3075 	3100
f 3100 	3075 	3101
f 3101 	3075 	3102
f 3102 	3075 	3103
f 3103 	3075 	3104
f 3104 	3075 	3105
f 3105 	3075 	3106
f 3106 	3075 	3107
f 3107 	3075 	3108
f 3108 	3075 	3109
f 3109 	3075 	3110
f 3110 	3075 	3111
f 3111 	3075 	3076
f 3076 	3077 	3113
f 3112 	3076 	3113
f 3077 	3078 	3114
f 3113 	3077 	3114
f 3078 	3079 	3115
f 3114 	3078 	3115
f 3079 	3080 	3116
f 3115 	3079 	3116
f 3080 	3081 	3117
f 3116 	3080 	3117
f 3081 	3082 	3118
f 3117 	3081 	3118
f 3082 	3083 	3119
f 3118 	3082 	3119
f 3083 	3084 	3120
f 3119 	3083 	3120
f 3084 	3085 	3121
f 3120 	3084 	3121
f 3085 	3086 	3122
f 3121 	3085 	3122
f 3086 	3087 	3123
f 3122 	3086 	3123
f 3087 	3088 	3124
f 3123 	3087 	3124
f 3088 	3089 	3125
f 3124 	3088 	3125
f 3089 	3090 	3126
f 3125 	3089 	3126
f 3090 	3091 	3127
f 3126 	3090 	3127
f 3091 	3092 	3128
f 3127 	3091 	3128
f 3092 	3093 	3129
f 3128 	3092 	3129
f 3093 	3094 	3130
f 3129 	3093 	3130
f 3094 	3095 	3131
f 3130 	3094 	3131
f 3095 	3096 	3132
f 3131 	3095 	3132
f 3096 	3097 	3133
f 3132 	3096 	3133
f 3097 	3098 	3134
f 3133 	3097 	3134
f 3098 	3099 	3135
f 3134 	3098 	3135
f 3099 	3100 	3136
f 3135 	3099 	3136
f 3100 	3101 	3137
f 3136 	3100 	3137
f 3101 	3102 	3138
f 3137 	3101 	3138
f 3102 	3103 	3139
f 3138 	3102 	3139
f 3103 	3104 	3140
f 3139 	3103 	3140
f 3104 	3105 	3141
f 3140 	3104 	3141
f 3105 	3106 	3142
f 3141 	3105 	3142
f 3106 	3107 	3143
f 3142 	3106 	3143
f 3107 	3108 	3144
f 3143 	3107 	3144
f 3108 	3109 	3145
f 3144 	3108 	3145
f 3109 	3110 	3146
f 3145 	3109 	3146
f 3110 	3111 	3147
f 3146 	3110 	3147
f 3111 	3076 	3112
f 3147 	3111 	3112
f 3112 	3113 	3149
f 3148 	3112 	3149
f 3113 	3114 	3150
f 3149 	3113 	3150
f 3114 	3115 	3151
f 3150 	3114 	3151
f 3115 	3116 	3152
f 3151 	3115 	3152
f 3116 	3117 	3153
f 3152 	3116 	3153
f 3117 	3118 	3154
f 3153 	3117 	3154
f 3118 	3119 	3155
f 3154 	3118 	3155
f 3119 	3120 	3156
f 3155 	3119 	3156
f 3120 	3121 	3157
f 3156 	3120 	3157
f 3121 	3122 	3158
f 3157 	3121 	3158
f 3122 	3123 	3159
f 3158 	3122 	3159
f 3123 	3124 	3160
f 3159 	3123 	3160
f 3124 	3125 	3161
f 3160 	3124 	3161
f 3125 	3126 	3162
f 3161 	3125 	3162
f 3126 	3127 	3163
f 3162 	3126 	3163
f 3127 	3128 	3164
f 3163 	3127 	3164
f 3128 	3129 	3165
f 3164 	3128 	3165
f 3129 	3130 	3166
f 3165 	3129 	3166
f 3130 	3131 	3167
f 3166 	3130 	3167
f 3131 	3132 	3168
f 3167 	3131 	3168
f 3132 	3133 	3169
f 3168 	3132 	3169
f 3133 	3134 	3170
f 3169 	3133 	3170
f 3134 	3135 	3171
f 3170 	3134 	3171
f 3135 	3136 	3172
f 3171 	3135 	3172
f 3136 	3137 	3173
f 3172 	3136 	3173
f 3137 	3138 	3174
f 3173 	3137 	3174
f 3138 	3139 	3175
f 3174 	3138 	3175
f 3139 	3140 	3176
f 3175 	3139 	3176
f 3140 	3141 	3177
f 3176 	3140 	3177
f 3141 	3142 	3178
f 3177 	3141 	3178
f 3142 	3143 	3179
f 3178 	3142 	3179
f 3143 	3144 	3180
f 3179 	3143 	3180
f 3144 	3145 	3181
f 3180 	3144 	3181
f 3145 	3146 	3182
f 3181 	3145 	3182
f 3146 	3147 	3183
f 3182 	3146 	3183
f 3147 	3112 	3148
f 3183 	3147 	3148
f 3148 	3149 	3185
f 3184 	3148 	3185
f 3149 	3150 	3186
f 3185 	3149 	3186
f 3150 	3151 	3187
f 3186 	3150 	3187
f 3151 	3152 	3188
f 3187 	3151 	3188
f 3152 	3153 	3189
f 3188 	3152 	3189
f 3153 	3154 	3190
f 3189 	3153 	3190
f 3154 	3155 	3191
f 3190 	3154 	3191
f 3155 	3156 	3192
f 3191 	3155 	3192
f 3156 	3157 	3193
f 3192 	3156 	3193
f 3157 	3158 	3194
f 3193 	3157 	3194
f 3158 	3159 	3195
f 3194 	3158 	3195
f 3159 	3160 	3196
f 3195 	3159 	3196
f 3160 	3161 	3197
f 3196 	3160 	3197
f 3161 	3162 	3198
f 3197 	3161 	3198
f 3162 	3163 	3199
f 3198 	3162 	3199
f 3163 	3164 	3200
f 3199 	3163 	3200
f 3164 	3165 	3201
f 3200 	3164 	3201
f 3165 	3166 	3202
f 3201 	3165 	3202
f 3166 	3167 	3203
f 3202 	3166 	3203
f 3167 	3168 	3204
f 3203 	3167 	3204
f 3168 	3169 	3205
f 3204 	3168 	3205
f 3169 	3170 	3206
f 3205 	3169 	3206
f 3170 	3171 	3207
f 3206 	3170 	3207
f 3171 	3172 	3208
f 3207 	3171 	3208
f 3172 	3173 	3209
f 3208 	3172 	3209
f 3173 	3174 	3210
f 3209 	3173 	3210
f 3174 	3175 	3211
f 3210 	3174 	3211
f 3175 	3176 	3212
f 3211 	3175 	3212
f 3176 	3177 	3213
f 3212 	3176 	3213
f 3177 	3178 	3214
f 3213 	3177 	3214
f 3178 	3179 	3215
f 3214 	3178 	3215
f 3179 	3180 	3216
f 3215 	3179 	3216
f 3180 	3181 	3217
f 3216 	3180 	3217
f 3181 	3182 	3218
f 3217 	3181 	3218
f 3182 	3183 	3219
f 3218 	3182 	3219
f 3183 	3148 	3184
f 3219 	3183 	3184
f 3184 	3185 	3221
f 3220 	3184 	3221
f 3185 	3186 	3222
f 3221 	3185 	3222
f 3186 	3187 	3223
f 3222 	3186 	3223
f 3187 	3188 	3224
f 3223 	3187 	3224
f 3188 	3189 	3225
f 3224 	3188 	3225
f 3189 	3190 	3226
f 3225 	3189 	3226
f 3190 	3191 	3227
f 3226 	3190 	3227
f 3191 	3192 	3228
f 3227 	3191 	3228
f 3192 	3193 	3229
f 3228 	3192 	3229
f 3193 	3194 	3230
f 3229 	3193 	3230
f 3194 	3195 	3231
f 3230 	3194 	3231
f 3195 	3196 	3232
f 3231 	3195 	3232
f 3196 	3197 	3233
f 3232 	3196 	3233
f 3197 	3198 	3234
f 3233 	3197 	3234
f 3198 	3199 	3235
f 3234 	3198 	3235
f 3199 	3200 	3236
f 3235 	3199 	3236
f 3200 	3201 	3237
f 3236 	3200 	3237
f 3201 	3202 	3238
f 3237 	3201 	3238
f 3202 	3203 	3239
f 3238 	3202 	3239
f 3203 	3204 	3240
f 3239 	3203 	3240
f 3204 	3205 	3241
f 3240 	3204 	3241
f 3205 	3206 	3242
f 3241 	3205 	3242
f 3206 	3207 	3243
f 3242 	3206 	3243
f 3207 	3208 	3244
f 3243 	3207 	3244
f 3208 	3209 	3245
f 3244 	3208 	3245
f 3209 	3210 	3246
f 3245 	3209 	3246
f 3210 	3211 	3247
f 3246 	3210 	3247
f 3211 	3212 	3248
f 3247 	3211 	3248
f 3212 	3213 	3249
f 3248 	3212 	3249
f 3213 	3214 	3250
f 3249 	3213 	3250
f 3214 	3215 	3251
f 3250 	3214 	3251
f 3215 	3216 	3252
f 3251 	3215 	3252
f 3216 	3217 	3253
f 3252 	3216 	3253
f 3217 	3218 	3254
f 3253 	3217 	3254
f 3218 	3219 	3255
f 3254 	3218 	3255
f 3219 	3184 	3220
f 3255 	3219 	3220
f 3220 	3221 	3257
f 3256 	3220 	3257
f 3221 	3222 	3258
f 3257 	3221 	3258
f 3222 	3223 	3259
f 3258 	3222 	3259
f 3223 	3224 	3260
f 3259 	3223 	3260
f 3224 	3225 	3261
f 3260 	3224 	3261
f 3225 	3226 	3262
f 3261 	3225 	3262
f 3226 	3227 	3263
f 3262 	3226 	3263
f 3227 	3228 	3264
f 3263 	3227 	3264
f 3228 	3229 	3265
f 3264 	3228 	3265
f 3229 	3230 	3266
f 3265 	3229 	3266
f 3230 	3231 	3267
f 3266 	3230 	3267
f 3231 	3232 	3268
f 3267 	3231 	3268
f 3232 	3233 	3269
f 3268 	3232 	3269
f 3233 	3234 	3270
f 3269 	3233 	3270
f 3234 	3235 	3271
f 3270 	3234 	3271
f 3235 	3236 	3272
f 3271 	3235 	3272
f 3236 	3237 	3273
f 3272 	3236 	3273
f 3237 	3238 	3274
f 3273 	3237 	3274
f 3238 	3239 	3275
f 3274 	3238 	3275
f 3239 	3240 	3276
f 3275 	3239 	3276
f 3240 	3241 	3277
f 3276 	3240 	3277
f 3241 	3242 	3278
f 3277 	3241 	3278
f 3242 	3243 	3279
f 3278 	3242 	3279
f 3243 	3244 	3280
f 3279 	3243 	3280
f 3244 	3245 	3281
f 3280 	3244 	3281
f 3245 	3246 	3282
f 3281 	3245 	3282
f 3246 	3247 	3283
f 3282 	3246 	3283
f 3247 	3248 	3284
f 3283 	3247 	3284
f 3248 	3249 	3285
f 3284 	3248 	3285
f 3249 	3250 	3286
f 3285 	3249 	3286
f 3250 	3251 	3287
f 3286 	3250 	3287
f 3251 	3252 	3288
f 3287 	3251 	3288
f 3252 	3253 	3289
f 3288 	3252 	3289
f 3253 	3254 	3290
f 3289 	3253 	3290
f 3254 	3255 	3291
f 3290 	3254 	3291
f 3255 	3220 	3256
f 3291 	3255 	3256
f 3256 	3257 	3293
f 3292 	3256 	3293
f 3257 	3258 	3294
f 3293 	3257 	3294
f 3258 	3259 	3295
f 3294 	3258 	3295
f 3259 	3260 	3296
f 3295 	3259 	3296
f 3260 	3261 	3297
f 3296 	3260 	3297
f 3261 	3262 	3298
f 3297 	3261 	3298
f 3262 	3263 	3299
f 3298 	3262 	3299
f 3263 	3264 	3300
f 3299 	3263 	3300
f 3264 	3265 	3301
f 3300 	3264 	3301
f 3265 	3266 	3302
f 3301 	3265 	3302
f 3266 	3267 	3303
f 3302 	3266 	3303
f 3267 	3268 	3304
f 3303 	3267 	3304
f 3268 	3269 	3305
f 3304 	3268 	3305
f 3269 	3270 	3306
f 3305 	3269 	3306
f 3270 	3271 	3307
f 3306 	3270 	3307
f 3271 	3272 	3308
f 3307 	3271 	3308
f 3272 	3273 	3309
f 3308 	3272 	3309
f 3273 	3274 	3310
f 3309 	3273 	3310
f 3274 	3275 	3311
f 3310 	3274 	3311
f 3275 	3276 	3312
f 3311 	3275 	3312
f 3276 	3277 	3313
f 3312 	3276 	3313
f 3277 	3278 	3314
f 3313 	3277 	3314
f 3278 	3279 	3315
f 3314 	3278 	3315
f 3279 	3280 	3316
f 3315 	3279 	3316
f 3280 	3281 	3317
f 3316 	3280 	3317
f 3281 	3282 	3318
f 3317 	3281 	3318
f 3282 	3283 	3319
f 3318 	3282 	3319
f 3283 	3284 	3320
f 3319 	3283 	3320
f 3284 	3285 	3321
f 3320 	3284 	3321
f 3285 	3286 	3322
f 3321 	3285 	3322
f 3286 	3287 	3323
f 3322 	3286 	3323
f 3287 	3288 	3324
f 3323 	3287 	3324
f 3288 	3289 	3325
f 3324 	3288 	3325
f 3289 	3290 	3326
f 3325 	3289 	3326
f 3290 	3291 	3327
f 3326 	3290 	3327
f 3291 	3256 	3292
f 3327 	3291 	3292
f 3292 	3293 	3329
f 3328 	3292 	3329
f 3293 	3294 	3330
f 3329 	3293 	3330
f 3294 	3295 	3331
f 3330 	3294 	3331
f 3295 	3296 	3332
f 3331 	3295 	3332
f 3296 	3297 	3333
f 3332 	3296 	3333
f 3297 	3298 	3334
f 3333 	3297 	3334
f 3298 	3299 	3335
f 3334 	3298 	3335
f 3299 	3300 	3336
f 3335 	3299 	3336
f 3300 	3301 	3337
f 3336 	3300 	3337
f 3301 	3302 	3338
f 3337 	3301 	3338
f 3302 	3303 	3339
f 3338 	3302 	3339
f 3303 	3304 	3340
f 3339 	3303 	3340
f 3304 	3305 	3341
f 3340 	3304 	3341
f 3305 	3306 	3342
f 3341 	3305 	3342
f 3306 	3307 	3343
f 3342 	3306 	3343
f 3307 	3308 	3344
f 3343 	3307 	3344
f 3308 	3309 	3345
f 3344 	3308 	3345
f 3309 	3310 	3346
f 3345 	3309 	3346
f 3310 	3311 	3347
f 3346 	3310 	3347
f 3311 	3312 	3348
f 3347 	3311 	3348
f 3312 	3313 	3349
f 3348 	3312 	3349
f 3313 	3314 	3350
f 3349 	3313 	3350
f 3314 	3315 	3351
f 3350 	3314 	3351
f 3315 	3316 	3352
f 3351 	3315 	3352
f 3316 	3317 	3353
f 3352 	3316 	3353
f 3317 	3318 	3354
f 3353 	3317 	3354
f 3318 	3319 	3355
f 3354 	3318 	3355
f 3319 	3320 	3356
f 3355 	3319 	3356
f 3320 	3321 	3357
f 3356 	3320 	3357
f 3321 	3322 	3358
f 3357 	3321 	3358
f 3322 	3323 	3359
f 3358 	3322 	3359
f 3323 	3324 	3360
f 3359 	3323 	3360
f 3324 	3325 	3361
f 3360 	3324 	3361
f 3325 	3326 	3362
f 3361 	3325 	3362
f 3326 	3327 	3363
f 3362 	3326 	3363
f 3327 	3292 	3328
f 3363 	3327 	3328
f 3328 	3329 	3365
f 3364 	3328 	3365
f 3329 	3330 	3366
f 3365 	3329 	3366
f 3330 	3331 	3367
f 3366 	3330 	3367
f 3331 	3332 	3368
f 3367 	3331 	3368
f 3332 	3333 	3369
f 3368 	3332 	3369
f 3333 	3334 	3370
f 3369 	3333 	3370
f 3334 	3335 	3371
f 3370 	3334 	3371
f 3335 	3336 	3372
f 3371 	3335 	3372
f 3336 	3337 	3373
f 3372 	3336 	3373
f 3337 	3338 	3374
f 3373 	3337 	3374
f 3338 	3339 	3375
f 3374 	3338 	3375
f 3339 	3340 	3376
f 3375 	3339 	3376
f 3340 	3341 	3377
f 3376 	3340 	3377
f 3341 	3342 	3378
f 3377 	3341 	3378
f 3342 	3343 	3379
f 3378 	3342 	3379
f 3343 	3344 	3380
f 3379 	3343 	3380
f 3344 	3345 	3381
f 3380 	3344 	3381
f 3345 	3346 	3382
f 3381 	3345 	3382
f 3346 	3347 	3383
f 3382 	3346 	3383
f 3347 	3348 	3384
f 3383 	3347 	3384
f 3348 	3349 	3385
f 3384 	3348 	3385
f 3349 	3350 	3386
f 3385 	3349 	3386
f 3350 	3351 	3387
f 3386 	3350 	3387
f 3351 	3352 	3388
f 3387 	3351 	3388
f 3352 	3353 	3389
f 3388 	3352 	3389
f 3353 	3354 	3390
f 3389 	3353 	3390
f 3354 	3355 	3391
f 3390 	3354 	3391
f 3355 	3356 	3392
f 3391 	3355 	3392
f 3356 	3357 	3393
f 3392 	3356 	3393
f 3357 	3358 	3394
f 3393 	3357 	3394
f 3358 	3359 	3395
f 3394 	3358 	3395
f 3359 	3360 	3396
f 3395 	3359 	3396
f 3360 	3361 	3397
f 3396 	3360 	3397
f 3361 	3362 	3398
f 3397 	3361 	3398
f 3362 	3363 	3399
f 3398 	3362 	3399
f 3363 	3328 	3364
f 3399 	3363 	3364
f 3364 	3365 	3401
f 3400 	3364 	3401
f 3365 	3366 	3402
f 3401 	3365 	3402
f 3366 	3367 	3403
f 3402 	3366 	3403
f 3367 	3368 	3404
f 3403 	3367 	3404
f 3368 	3369 	3405
f 3404 	3368 	3405
f 3369 	3370 	3406
f 3405 	3369 	3406
f 3370 	3371 	3407
f 3406 	3370 	3407
f 3371 	3372 	3408
f 3407 	3371 	3408
f 3372 	3373 	3409
f 3408 	3372 	3409
f 3373 	3374 	3410
f 3409 	3373 	3410
f 3374 	3375 	3411
f 3410 	3374 	3411
f 3375 	3376 	3412
f 3411 	3375 	3412
f 3376 	3377 	3413
f 3412 	3376 	3413
f 3377 	3378 	3414
f 3413 	3377 	3414
f 3378 	3379 	3415
f 3414 	3378 	3415
f 3379 	3380 	3416
f 3415 	3379 	3416
f 3380 	3381 	3417
f 3416 	3380 	3417
f 3381 	3382 	3418
f 3417 	3381 	3418
f 3382 	3383 	3419
f 3418 	3382 	3419
f 3383 	3384 	3420
f 3419 	3383 	3420
f 3384 	3385 	3421
f 3420 	3384 	3421
f 3385 	3386 	3422
f 3421 	3385 	3422
f 3386 	3387 	3423
f 3422 	3386 	3423
f 3387 	3388 	3424
f 3423 	3387 	3424
f 3388 	3389 	3425
f 3424 	3388 	3425
f 3389 	3390 	3426
f 3425 	3389 	3426
f 3390 	3391 	3427
f 3426 	3390 	3427
f 3391 	3392 	3428
f 3427 	3391 	3428
f 3392 	3393 	3429
f 3428 	3392 	3429
f 3393 	3394 	3430
f 3429 	3393 	3430
f 3394 	3395 	3431
f 3430 	3394 	3431
f 3395 	3396 	3432
f 3431 	3395 	3432
f 3396 	3397 	3433
f 3432 	3396 	3433
f 3397 	3398 	3434
f 3433 	3397 	3434
f 3398 	3399 	3435
f 3434 	3398 	3435
f 3399 	3364 	3400
f 3435 	3399 	3400
f 3400 	3401 	3437
f 3436 	3400 	3437
f 3401 	3402 	3438
f 3437 	3401 	3438
f 3402 	3403 	3439
f 3438 	3402 	3439
f 3403 	3404 	3440
f 3439 	3403 	3440
f 3404 	3405 	3441
f 3440 	3404 	3441
f 3405 	3406 	3442
f 3441 	3405 	3442
f 3406 	3407 	3443
f 3442 	3406 	3443
f 3407 	3408 	3444
f 3443 	3407 	3444
f 3408 	3409 	3445
f 3444 	3408 	3445
f 3409 	3410 	3446
f 3445 	3409 	3446
f 3410 	3411 	3447
f 3446 	3410 	3447
f 3411 	3412 	3448
f 3447 	3411 	3448
f 3412 	3413 	3449
f 3448 	3412 	3449
f 3413 	3414 	3450
f 3449 	3413 	3450
f 3414 	3415 	3451
f 3450 	3414 	3451
f 3415 	3416 	3452
f 3451 	3415 	3452
f 3416 	3417 	3453
f 3452 	3416 	3453
f 3417 	3418 	3454
f 3453 	3417 	3454
f 3418 	3419 	3455
f 3454 	3418 	3455
f 3419 	3420 	3456
f 3455 	3419 	3456
f 3420 	3421 	3457
f 3456 	3420 	3457
f 3421 	3422 	3458
f 3457 	3421 	3458
f 3422 	3423 	3459
f 3458 	3422 	3459
f 3423 	3424 	3460
f 3459 	3423 	3460
f 3424 	3425 	3461
f 3460 	3424 	3461
f 3425 	3426 	3462
f 3461 	3425 	3462
f 3426 	3427 	3463
f 3462 	3426 	3463
f 3427 	3428 	3464
f 3463 	3427 	3464
f 3428 	3429 	3465
f 3464 	3428 	3465
f 3429 	3430 	3466
f 3465 	3429 	3466
f 3430 	3431 	3467
f 3466 	3430 	3467
f 3431 	3432 	3468
f 3467 	3431 	3468
f 3432 	3433 	3469
f 3468 	3432 	3469
f 3433 	3434 	3470
f 3469 	3433 	3470
f 3434 	3435 	3471
f 3470 	3434 	3471
f 3435 	3400 	3436
f 3471 	3435 	3436
f 3436 	3437 	3473
f 3472 	3436 	3473
f 3437 	3438 	3474
f 3473 	3437 	3474
f 3438 	3439 	3475
f 3474 	3438 	3475
f 3439 	3440 	3476
f 3475 	3439 	3476
f 3440 	3441 	3477
f 3476 	3440 	3477
f 3441 	3442 	3478
f 3477 	3441 	3478
f 3442 	3443 	3479
f 3478 	3442 	3479
f 3443 	3444 	3480
f 3479 	3443 	3480
f 3444 	3445 	3481
f 3480 	3444 	3481
f 3445 	3446 	3482
f 3481 	3445 	3482
f 3446 	3447 	3483
f 3482 	3446 	3483
f 3447 	3448 	3484
f 3483 	3447 	3484
f 3448 	3449 	3485
f 3484 	3448 	3485
f 3449 	3450 	3486
f 3485 	3449 	3486
f 3450 	3451 	3487
f 3486 	3450 	3487
f 3451 	3452 	3488
f 3487 	3451 	3488
f 3452 	3453 	3489
f 3488 	3452 	3489
f 3453 	3454 	3490
f 3489 	3453 	3490
f 3454 	3455 	3491
f 3490 	3454 	3491
f 3455 	3456 	3492
f 3491 	3455 	3492
f 3456 	3457 	3493
f 3492 	3456 	3493
f 3457 	3458 	3494
f 3493 	3457 	3494
f 3458 	3459 	3495
f 3494 	3458 	3495
f 3459 	3460 	3496
f 3495 	3459 	3496
f 3460 	3461 	3497
f 3496 	3460 	3497
f 3461 	3462 	3498
f 3497 	3461 	3498
f 3462 	3463 	3499
f 3498 	3462 	3499
f 3463 	3464 	3500
f 3499 	3463 	3500
f 3464 	3465 	3501
f 3500 	3464 	3501
f 3465 	3466 	3502
f 3501 	3465 	3502
f 3466 	3467 	3503
f 3502 	3466 	3503
f 3467 	3468 	3504
f 3503 	3467 	3504
f 3468 	3469 	3505
f 3504 	3468 	3505
f 3469 	3470 	3506
f 3505 	3469 	3506
f 3470 	3471 	3507
f 3506 	3470 	3507
f 3471 	3436 	3472
f 3507 	3471 	3472
f 3472 	3473 	3509
f 3508 	3472 	3509
f 3473 	3474 	3510
f 3509 	3473 	3510
f 3474 	3475 	3511
f 3510 	3474 	3511
f 3475 	3476 	3512
f 3511 	3475 	3512
f 3476 	3477 	3513
f 3512 	3476 	3513
f 3477 	3478 	3514
f 3513 	3477 	3514
f 3478 	3479 	3515
f 3514 	3478 	3515
f 3479 	3480 	3516
f 3515 	3479 	3516
f 3480 	3481 	3517
f 3516 	3480 	3517
f 3481 	3482 	3518
f 3517 	3481 	3518
f 3482 	3483 	3519
f 3518 	3482 	3519
f 3483 	3484 	3520
f 3519 	3483 	3520
f 3484 	3485 	3521
f 3520 	3484 	3521
f 3485 	3486 	3522
f 3521 	3485 	3522
f 3486 	3487 	3523
f 3522 	3486 	3523
f 3487 	3488 	3524
f 3523 	3487 	3524
f 3488 	3489 	3525
f 3524 	3488 	3525
f 3489 	3490 	3526
f 3525 	3489 	3526
f 3490 	3491 	3527
f 3526 	3490 	3527
f 3491 	3492 	3528
f 3527 	3491 	3528
f 3492 	3493 	3529
f 3528 	3492 	3529
f 3493 	3494 	3530
f 3529 	3493 	3530
f 3494 	3495 	3531
f 3530 	3494 	3531
f 3495 	3496 	3532
f 3531 	3495 	3532
f 3496 	3497 	3533
f 3532 	3496 	3533
f 3497 	3498 	3534
f 3533 	3497 	3534
f 3498 	3499 	3535
f 3534 	3498 	3535
f 3499 	3500 	3536
f 3535 	3499 	3536
f 3500 	3501 	3537
f 3536 	3500 	3537
f 3501 	3502 	3538
f 3537 	3501 	3538
f 3502 	3503 	3539
f 3538 	3502 	3539
f 3503 	3504 	3540
f 3539 	3503 	3540
f 3504 	3505 	3541
f 3540 	3504 	3541
f 3505 	3506 	3542
f 3541 	3505 	3542
f 3506 	3507 	3543
f 3542 	3506 	3543
f 3507 	3472 	3508
f 3543 	3507 	3508
f 3508 	3509 	3545
f 3544 	3508 	3545
f 3509 	3510 	3546
f 3545 	3509 	3546
f 3510 	3511 	3547
f 3546 	3510 	3547
f 3511 	3512 	3548
f 3547 	3511 	3548
f 3512 	3513 	3549
f 3548 	3512 	3549
f 3513 	3514 	3550
f 3549 	3513 	3550
f 3514 	3515 	3551
f 3550 	3514 	3551
f 3515 	3516 	3552
f 3551 	3515 	3552
f 3516 	3517 	3553
f 3552 	3516 	3553
f 3517 	3518 	3554
f 3553 	3517 	3554
f 3518 	3519 	3555
f 3554 	3518 	3555
f 3519 	3520 	3556
f 3555 	3519 	3556
f 3520 	3521 	3557
f 3556 	3520 	3557
f 3521 	3522 	3558
f 3557 	3521 	3558
f 3522 	3523 	3559
f 3558 	3522 	3559
f 3523 	3524 	3560
f 3559 	3523 	3560
f 3524 	3525 	3561
f 3560 	3524 	3561
f 3525 	3526 	3562
f 3561 	3525 	3562
f 3526 	3527 	3563
f 3562 	3526 	3563
f 3527 	3528 	3564
f 3563 	3527 	3564
f 3528 	3529 	3565
f 3564 	3528 	3565
f 3529 	3530 	3566
f 3565 	3529 	3566
f 3530 	3531 	3567
f 3566 	3530 	3567
f 3531 	3532 	3568
f 3567 	3531 	3568
f 3532 	3533 	3569
f 3568 	3532 	3569
f 3533 	3534 	3570
f 3569 	3533 	3570
f 3534 	3535 	3571
f 3570 	3534 	3571
f 3535 	3536 	3572
f 3571 	3535 	3572
f 3536 	3537 	3573
f 3572 	3536 	3573
f 3537 	3538 	3574
f 3573 	3537 	3574
f 3538 	3539 	3575
f 3574 	3538 	3575
f 3539 	3540 	3576
f 3575 	3539 	3576
f 3540 	3541 	3577
f 3576 	3540 	3577
f 3541 	3542 	3578
f 3577 	3541 	3578
f 3542 	3543 	3579
f 3578 	3542 	3579
f 3543 	3508 	3544
f 3579 	3543 	3544
f 3544 	3545 	3581
f 3580 	3544 	3581
f 3545 	3546 	3582
f 3581 	3545 	3582
f 3546 	3547 	3583
f 3582 	3546 	3583
f 3547 	3548 	3584
f 3583 	3547 	3584
f 3548 	3549 	3585
f 3584 	3548 	3585
f 3549 	3550 	3586
f 3585 	3549 	3586
f 3550 	3551 	3587
f 3586 	3550 	3587
f 3551 	3552 	3588
f 3587 	3551 	3588
f 3552 	3553 	3589
f 3588 	3552 	3589
f 3553 	3554 	3590
f 3589 	3553 	3590
f 3554 	3555 	3591
f 3590 	3554 	3591
f 3555 	3556 	3592
f 3591 	3555 	3592
f 3556 	3557 	3593
f 3592 	3556 	3593
f 3557 	3558 	3594
f 3593 	3557 	3594
f 3558 	3559 	3595
f 3594 	3558 	3595
f 3559 	3560 	3596
f 3595 	3559 	3596
f 3560 	3561 	3597
f 3596 	3560 	3597
f 3561 	3562 	3598
f 3597 	3561 	3598
f 3562 	3563 	3599
f 3598 	3562 	3599
f 3563 	3564 	3600
f 3599 	3563 	3600
f 3564 	3565 	3601
f 3600 	3564 	3601
f 3565 	3566 	3602
f 3601 	3565 	3602
f 3566 	3567 	3603
f 3602 	3566 	3603
f 3567 	3568 	3604
f 3603 	3567 	3604
f 3568 	3569 	3605
f 3604 	3568 	3605
f 3569 	3570 	3606
f 3605 	3569 	3606
f 3570 	3571 	3607
f 3606 	3570 	3607
f 3571 	3572 	3608
f 3607 	3571 	3608
f 3572 	3573 	3609
f 3608 	3572 	3609
f 3573 	3574 	3610
f 3609 	3573 	3610
f 3574 	3575 	3611
f 3610 	3574 	3611
f 3575 	3576 	3612
f 3611 	3575 	3612
f 3576 	3577 	3613
f 3612 	3576 	3613
f 3577 	3578 	3614
f 3613 	3577 	3614
f 3578 	3579 	3615
f 3614 	3578 	3615
f 3579 	3544 	3580
f 3615 	3579 	3580
f 3580 	3581 	3617
f 3616 	3580 	3617
f 3581 	3582 	3618
f 3617 	3581 	3618
f 3582 	3583 	3619
f 3618 	3582 	3619
f 3583 	3584 	3620
f 3619 	3583 	3620
f 3584 	3585 	3621
f 3620 	3584 	3621
f 3585 	3586 	3622
f 3621 	3585 	3622
f 3586 	3587 	3623
f 3622 	3586 	3623
f 3587 	3588 	3624
f 3623 	3587 	3624
f 3588 	3589 	3625
f 3624 	3588 	3625
f 3589 	3590 	3626
f 3625 	3589 	3626
f 3590 	3591 	3627
f 3626 	3590 	3627
f 3591 	3592 	3628
f 3627 	3591 	3628
f 3592 	3593 	3629
f 3628 	3592 	3629
f 3593 	3594 	3630
f 3629 	3593 	3630
f 3594 	3595 	3631
f 3630 	3594 	3631
f 3595 	3596 	3632
f 3631 	3595 	3632
f 3596 	3597 	3633
f 3632 	3596 	3633
f 3597 	3598 	3634
f 3633 	3597 	3634
f 3598 	3599 	3635
f 3634 	3598 	3635
f 3599 	3600 	3636
f 3635 	3599 	3636
f 3600 	3601 	3637
f 3636 	3600 	3637
f 3601 	3602 	3638
f 3637 	3601 	3638
f 3602 	3603 	3639
f 3638 	3602 	3639
f 3603 	3604 	3640
f 3639 	3603 	3640
f 3604 	3605 	3641
f 3640 	3604 	3641
f 3605 	3606 	3642
f 3641 	3605 	3642
f 3606 	3607 	3643
f 3642 	3606 	3643
f 3607 	3608 	3644
f 3643 	3607 	3644
f 3608 	3609 	3645
f 3644 	3608 	3645
f 3609 	3610 	3646
f 3645 	3609 	3646
f 3610 	3611 	3647
f 3646 	3610 	3647
f 3611 	3612 	3648
f 3647 	3611 	3648
f 3612 	3613 	3649
f 3648 	3612 	3649
f 3613 	3614 	3650
f 3649 	3613 	3650
f 3614 	3615 	3651
f 3650 	3614 	3651
f 3615 	3580 	3616
f 3651 	3615 	3616
f 3616 	3617 	3653
f 3652 	3616 	3653
f 3617 	3618 	3654
f 3653 	3617 	3654
f 3618 	3619 	3655
f 3654 	3618 	3655
f 3619 	3620 	3656
f 3655 	3619 	3656
f 3620 	3621 	3657
f 3656 	3620 	3657
f 3621 	3622 	3658
f 3657 	3621 	3658
f 3622 	3623 	3659
f 3658 	3622 	3659
f 3623 	3624 	3660
f 3659 	3623 	3660
f 3624 	3625 	3661
f 3660 	3624 	3661
f 3625 	3626 	3662
f 3661 	3625 	3662
f 3626 	3627 	3663
f 3662 	3626 	3663
f 3627 	3628 	3664
f 3663 	3627 	3664
f 3628 	3629 	3665
f 3664 	3628 	3665
f 3629 	3630 	3666
f 3665 	3629 	3666
f 3630 	3631 	3667
f 3666 	3630 	3667
f 3631 	3632 	3668
f 3667 	3631 	3668
f 3632 	3633 	3669
f 3668 	3632 	3669
f 3633 	3634 	3670
f 3669 	3633 	3670
f 3634 	3635 	3671
f 3670 	3634 	3671
f 3635 	3636 	3672
f 3671 	3635 	3672
f 3636 	3637 	3673
f 3672 	3636 	3673
f 3637 	3638 	3674
f 3673 	3637 	3674
f 3638 	3639 	3675
f 3674 	3638 	3675
f 3639 	3640 	3676
f 3675 	3639 	3676
f 3640 	3641 	3677
f 3676 	3640 	3677
f 3641 	3642 	3678
f 3677 	3641 	3678
f 3642 	3643 	3679
f 3678 	3642 	3679
f 3643 	3644 	3680
f 3679 	3643 	3680
f 3644 	3645 	3681
f 3680 	3644 	3681
f 3645 	3646 	3682
f 3681 	3645 	3682
f 3646 	3647 	3683
f 3682 	3646 	3683
f 3647 	3648 	3684
f 3683 	3647 	3684
f 3648 	3649 	3685
f 3684 	3648 	3685
f 3649 	3650 	3686
f 3685 	3649 	3686
f 3650 	3651 	3687
f 3686 	3650 	3687
f 3651 	3616 	3652
f 3687 	3651 	3652
f 3652 	3653 	3688
f 3653 	3654 	3688
f 3654 	3655 	3688
f 3655 	3656 	3688
f 3656 	3657 	3688
f 3657 	3658 	3688
f 3658 	3659 	3688
f 3659 	3660 	3688
f 3660 	3661 	3688
f 3661 	3662 	3688
f 3662 	3663 	3688
f 3663 	3664 	3688
f 3664 	3665 	3688
f 3665 	3666 	3688
f 3666 	3667 	3688
f 3667 	3668 	3688
f 3668 	3669 	3688
f 3669 	3670 	3688
f 3670 	3671 	3688
f 3671 	3672 	3688
f 3672 	3673 	3688
f 3673 	3674 	3688
f 3674 	3675 	3688
f 3675 	3676 	3688
f 3676 	3677 	3688
f 3677 	3678 	3688
f 3678 	3679 	3688
f 3679 	3680 	3688
f 3680 	3681 	3688
f 3681 	3682 	3688
f 3682 	3683 	3688
f 3683 	3684 	3688
f 3684 	3685 	3688
f 3685 	3686 	3688
f 3686 	3687 	3688
f 3687 	3652 	3688
# 1224 faces

 #end of obj_6

o obj_7
v 2.1807 		-28.1775 		35.598
v 2.2984 		-28.1784 		35.6127
v 2.2959 		-28.1982 		35.6169
v 2.29 		-28.2174 		35.6202
v 2.2808 		-28.2355 		35.6225
v 2.2687 		-28.2519 		35.6238
v 2.2539 		-28.2661 		35.624
v 2.237 		-28.2777 		35.6231
v 2.2184 		-28.2863 		35.6212
v 2.1988 		-28.2916 		35.6182
v 2.1787 		-28.2936 		35.6144
v 2.1586 		-28.2921 		35.6097
v 2.1394 		-28.2872 		35.6044
v 2.1214 		-28.2791 		35.5986
v 2.1053 		-28.2679 		35.5925
v 2.0916 		-28.254 		35.5862
v 2.0806 		-28.2379 		35.5801
v 2.0727 		-28.22 		35.5741
v 2.0682 		-28.2009 		35.5686
v 2.0672 		-28.1812 		35.5637
v 2.0696 		-28.1614 		35.5595
v 2.0755 		-28.1422 		35.5562
v 2.0847 		-28.1241 		35.5538
v 2.0969 		-28.1077 		35.5526
v 2.1116 		-28.0935 		35.5523
v 2.1285 		-28.0819 		35.5532
v 2.1471 		-28.0733 		35.5552
v 2.1668 		-28.0679 		35.5581
v 2.1869 		-28.0659 		35.562
v 2.2069 		-28.0674 		35.5666
v 2.2262 		-28.0723 		35.5719
v 2.2442 		-28.0805 		35.5777
v 2.2603 		-28.0917 		35.5839
v 2.274 		-28.1055 		35.5901
v 2.285 		-28.1216 		35.5963
v 2.2928 		-28.1395 		35.6022
v 2.2974 		-28.1586 		35.6078
v 2.4168 		-28.1838 		35.6072
v 2.4119 		-28.2228 		35.6154
v 2.4003 		-28.2606 		35.6219
v 2.3822 		-28.2963 		35.6265
v 2.3583 		-28.3286 		35.6291
v 2.3292 		-28.3565 		35.6295
v 2.2959 		-28.3794 		35.6278
v 2.2593 		-28.3963 		35.6239
v 2.2206 		-28.4069 		35.6181
v 2.1809 		-28.4108 		35.6105
v 2.1415 		-28.4079 		35.6014
v 2.1035 		-28.3982 		35.5909
v 2.0682 		-28.3821 		35.5795
v 2.0365 		-28.3601 		35.5674
v 2.0094 		-28.3328 		35.5551
v 1.9878 		-28.3011 		35.5429
v 1.9723 		-28.2659 		35.5312
v 1.9634 		-28.2283 		35.5203
v 1.9613 		-28.1894 		35.5106
v 1.9662 		-28.1504 		35.5024
v 1.9778 		-28.1125 		35.4959
v 1.9959 		-28.0769 		35.4913
v 2.0198 		-28.0446 		35.4888
v 2.0489 		-28.0166 		35.4883
v 2.0822 		-27.9938 		35.4901
v 2.1188 		-27.9769 		35.4939
v 2.1575 		-27.9663 		35.4997
v 2.1972 		-27.9624 		35.5073
v 2.2366 		-27.9653 		35.5165
v 2.2746 		-27.9749 		35.5269
v 2.31 		-27.991 		35.5384
v 2.3417 		-28.013 		35.5504
v 2.3687 		-28.0403 		35.5627
v 2.3904 		-28.0721 		35.5749
v 2.4058 		-28.1073 		35.5866
v 2.4148 		-28.1449 		35.5975
v 2.5323 		-28.1936 		35.5817
v 2.5251 		-28.2506 		35.5938
v 2.5081 		-28.306 		35.6033
v 2.4817 		-28.358 		35.61
v 2.4467 		-28.4052 		35.6137
v 2.4042 		-28.4461 		35.6143
v 2.3555 		-28.4795 		35.6118
v 2.302 		-28.5043 		35.6062
v 2.2454 		-28.5198 		35.5977
v 2.1875 		-28.5255 		35.5866
v 2.1298 		-28.5212 		35.5732
v 2.0743 		-28.5071 		35.5579
v 2.0226 		-28.4836 		35.5412
v 1.9762 		-28.4514 		35.5236
v 1.9367 		-28.4115 		35.5056
v 1.9051 		-28.3651 		35.4877
v 1.8824 		-28.3136 		35.4706
v 1.8694 		-28.2586 		35.4547
v 1.8664 		-28.2018 		35.4406
v 1.8735 		-28.1448 		35.4285
v 1.8906 		-28.0894 		35.419
v 1.917 		-28.0373 		35.4123
v 1.9519 		-27.9901 		35.4086
v 1.9944 		-27.9492 		35.408
v 2.0432 		-27.9159 		35.4105
v 2.0966 		-27.8911 		35.4161
v 2.1532 		-27.8756 		35.4246
v 2.2112 		-27.8699 		35.4357
v 2.2689 		-27.8742 		35.4491
v 2.3244 		-27.8883 		35.4644
v 2.3761 		-27.9118 		35.4811
v 2.4224 		-27.944 		35.4987
v 2.462 		-27.9839 		35.5167
v 2.4936 		-28.0303 		35.5345
v 2.5162 		-28.0818 		35.5517
v 2.5293 		-28.1368 		35.5675
v 2.6413 		-28.2075 		35.537
v 2.6321 		-28.2808 		35.5525
v 2.6102 		-28.3519 		35.5647
v 2.5763 		-28.4189 		35.5734
v 2.5313 		-28.4796 		35.5782
v 2.4767 		-28.5322 		35.5789
v 2.414 		-28.5751 		35.5757
v 2.3453 		-28.6069 		35.5685
v 2.2725 		-28.6268 		35.5576
v 2.198 		-28.6341 		35.5433
v 2.1239 		-28.6286 		35.5261
v 2.0525 		-28.6105 		35.5064
v 1.986 		-28.5803 		35.4849
v 1.9265 		-28.5389 		35.4623
v 1.8756 		-28.4876 		35.4391
v 1.835 		-28.428 		35.4162
v 1.8059 		-28.3618 		35.3942
v 1.7891 		-28.2911 		35.3738
v 1.7853 		-28.218 		35.3556
v 1.7944 		-28.1448 		35.3401
v 1.8163 		-28.0736 		35.3278
v 1.8503 		-28.0066 		35.3192
v 1.8952 		-27.9459 		35.3144
v 1.9499 		-27.8933 		35.3137
v 2.0125 		-27.8505 		35.3169
v 2.0812 		-27.8186 		35.3241
v 2.154 		-27.7987 		35.335
v 2.2286 		-27.7914 		35.3493
v 2.3026 		-27.7969 		35.3665
v 2.374 		-27.815 		35.3862
v 2.4405 		-27.8452 		35.4077
v 2.5001 		-27.8866 		35.4303
v 2.551 		-27.9379 		35.4534
v 2.5916 		-27.9975 		35.4764
v 2.6207 		-28.0637 		35.4984
v 2.6374 		-28.1344 		35.5188
v 2.7405 		-28.2251 		35.4745
v 2.7296 		-28.3124 		35.4929
v 2.7035 		-28.3972 		35.5075
v 2.6631 		-28.477 		35.5178
v 2.6095 		-28.5493 		35.5235
v 2.5444 		-28.612 		35.5244
v 2.4697 		-28.6631 		35.5205
v 2.3878 		-28.7011 		35.512
v 2.3011 		-28.7248 		35.499
v 2.2122 		-28.7335 		35.482
v 2.1239 		-28.727 		35.4614
v 2.0389 		-28.7054 		35.438
v 1.9596 		-28.6694 		35.4124
v 1.8886 		-28.62 		35.3854
v 1.828 		-28.5589 		35.3578
v 1.7796 		-28.4878 		35.3305
v 1.7449 		-28.409 		35.3043
v 1.725 		-28.3247 		35.2799
v 1.7204 		-28.2376 		35.2582
v 1.7313 		-28.1503 		35.2398
v 1.7574 		-28.0655 		35.2252
v 1.7978 		-27.9857 		35.2149
v 1.8514 		-27.9133 		35.2092
v 1.9165 		-27.8507 		35.2083
v 1.9912 		-27.7996 		35.2122
v 2.0731 		-27.7616 		35.2207
v 2.1598 		-27.7379 		35.2337
v 2.2487 		-27.7292 		35.2507
v 2.337 		-27.7357 		35.2713
v 2.422 		-27.7573 		35.2947
v 2.5013 		-27.7933 		35.3203
v 2.5723 		-27.8426 		35.3473
v 2.6329 		-27.9038 		35.3749
v 2.6813 		-27.9748 		35.4022
v 2.716 		-28.0537 		35.4284
v 2.7359 		-28.138 		35.4528
v 2.827 		-28.2458 		35.396
v 2.8147 		-28.3445 		35.4168
v 2.7852 		-28.4404 		35.4333
v 2.7395 		-28.5306 		35.445
v 2.6789 		-28.6124 		35.4514
v 2.6052 		-28.6832 		35.4524
v 2.5209 		-28.741 		35.4481
v 2.4282 		-28.7839 		35.4384
v 2.3302 		-28.8107 		35.4237
v 2.2298 		-28.8206 		35.4044
v 2.13 		-28.8132 		35.3812
v 2.0338 		-28.7888 		35.3547
v 1.9442 		-28.7481 		35.3258
v 1.8639 		-28.6923 		35.2953
v 1.7954 		-28.6232 		35.2641
v 1.7407 		-28.5428 		35.2332
v 1.7014 		-28.4537 		35.2036
v 1.6789 		-28.3584 		35.176
v 1.6737 		-28.2599 		35.1515
v 1.686 		-28.1612 		35.1306
v 1.7155 		-28.0653 		35.1142
v 1.7613 		-27.9751 		35.1025
v 1.8219 		-27.8934 		35.0961
v 1.8955 		-27.8225 		35.095
v 1.9799 		-27.7648 		35.0994
v 2.0725 		-27.7218 		35.1091
v 2.1705 		-27.695 		35.1238
v 2.2709 		-27.6852 		35.143
v 2.3708 		-27.6926 		35.1663
v 2.4669 		-27.717 		35.1927
v 2.5565 		-27.7577 		35.2217
v 2.6368 		-27.8134 		35.2522
v 2.7053 		-27.8825 		35.2834
v 2.76 		-27.9629 		35.3143
v 2.7993 		-28.0521 		35.3439
v 2.8218 		-28.1473 		35.3714
v 2.8981 		-28.269 		35.3039
v 2.8847 		-28.3761 		35.3265
v 2.8527 		-28.4802 		35.3444
v 2.8031 		-28.578 		35.3571
v 2.7373 		-28.6668 		35.3641
v 2.6575 		-28.7436 		35.3652
v 2.5659 		-28.8063 		35.3604
v 2.4654 		-28.8529 		35.3499
v 2.359 		-28.882 		35.334
v 2.25 		-28.8927 		35.3131
v 2.1417 		-28.8847 		35.2879
v 2.0374 		-28.8582 		35.2592
v 1.9402 		-28.814 		35.2278
v 1.8531 		-28.7535 		35.1946
v 1.7787 		-28.6785 		35.1608
v 1.7193 		-28.5913 		35.1273
v 1.6768 		-28.4946 		35.0951
v 1.6523 		-28.3912 		35.0653
v 1.6467 		-28.2844 		35.0386
v 1.6601 		-28.1773 		35.016
v 1.6921 		-28.0732 		34.9981
v 1.7417 		-27.9753 		34.9855
v 1.8074 		-27.8866 		34.9785
v 1.8873 		-27.8097 		34.9774
v 1.9789 		-27.747 		34.9821
v 2.0794 		-27.7005 		34.9926
v 2.1857 		-27.6714 		35.0086
v 2.2947 		-27.6607 		35.0295
v 2.403 		-27.6687 		35.0547
v 2.5074 		-27.6952 		35.0834
v 2.6046 		-27.7394 		35.1148
v 2.6917 		-27.7999 		35.1479
v 2.766 		-27.8749 		35.1817
v 2.8254 		-27.962 		35.2153
v 2.868 		-28.0588 		35.2474
v 2.8925 		-28.1622 		35.2773
v 2.9516 		-28.294 		35.2011
v 2.9376 		-28.4063 		35.2248
v 2.904 		-28.5153 		35.2435
v 2.852 		-28.6179 		35.2568
v 2.7831 		-28.7109 		35.2641
v 2.6994 		-28.7914 		35.2653
v 2.6034 		-28.8571 		35.2603
v 2.4981 		-28.906 		35.2493
v 2.3867 		-28.9364 		35.2326
v 2.2724 		-28.9476 		35.2107
v 2.1589 		-28.9392 		35.1843
v 2.0496 		-28.9115 		35.1542
v 1.9477 		-28.8652 		35.1213
v 1.8564 		-28.8018 		35.0866
v 1.7785 		-28.7232 		35.0511
v 1.7163 		-28.6318 		35.016
v 1.6717 		-28.5304 		34.9823
v 1.646 		-28.4221 		34.951
v 1.6401 		-28.3101 		34.9231
v 1.6541 		-28.1979 		34.8994
v 1.6877 		-28.0888 		34.8806
v 1.7397 		-27.9862 		34.8674
v 1.8086 		-27.8933 		34.86
v 1.8923 		-27.8127 		34.8589
v 1.9883 		-27.747 		34.8639
v 2.0936 		-27.6982 		34.8749
v 2.205 		-27.6677 		34.8916
v 2.3193 		-27.6565 		34.9135
v 2.4328 		-27.6649 		34.9399
v 2.5421 		-27.6927 		34.97
v 2.644 		-27.739 		35.0029
v 2.7353 		-27.8024 		35.0376
v 2.8132 		-27.8809 		35.073
v 2.8754 		-27.9723 		35.1082
v 2.92 		-28.0737 		35.1419
v 2.9457 		-28.1821 		35.1732
v 2.9859 		-28.3201 		35.0906
v 2.9717 		-28.434 		35.1147
v 2.9376 		-28.5448 		35.1337
v 2.8848 		-28.6489 		35.1472
v 2.8149 		-28.7434 		35.1546
v 2.7298 		-28.8252 		35.1558
v 2.6324 		-28.8919 		35.1507
v 2.5255 		-28.9415 		35.1395
v 2.4123 		-28.9724 		35.1226
v 2.2963 		-28.9838 		35.1004
v 2.181 		-28.9752 		35.0736
v 2.07 		-28.947 		35.043
v 1.9665 		-28.9 		35.0096
v 1.8738 		-28.8357 		34.9743
v 1.7947 		-28.7559 		34.9383
v 1.7315 		-28.6631 		34.9027
v 1.6862 		-28.5601 		34.8684
v 1.6602 		-28.4501 		34.8366
v 1.6542 		-28.3364 		34.8083
v 1.6684 		-28.2225 		34.7842
v 1.7025 		-28.1117 		34.7652
v 1.7553 		-28.0075 		34.7517
v 1.8253 		-27.9131 		34.7443
v 1.9103 		-27.8313 		34.7431
v 2.0077 		-27.7646 		34.7482
v 2.1147 		-27.715 		34.7594
v 2.2278 		-27.6841 		34.7763
v 2.3438 		-27.6727 		34.7985
v 2.4591 		-27.6813 		34.8253
v 2.5701 		-27.7095 		34.8559
v 2.6736 		-27.7565 		34.8893
v 2.7663 		-27.8208 		34.9246
v 2.8454 		-27.9006 		34.9606
v 2.9086 		-27.9934 		34.9962
v 2.9539 		-28.0964 		35.0305
v 2.9799 		-28.2064 		35.0623
v 3 		-28.3464 		34.9758
v 2.986 		-28.4586 		34.9995
v 2.9524 		-28.5677 		35.0183
v 2.9004 		-28.6703 		35.0315
v 2.8315 		-28.7632 		35.0389
v 2.7478 		-28.8438 		35.04
v 2.6519 		-28.9095 		35.035
v 2.5465 		-28.9583 		35.024
v 2.4351 		-28.9888 		35.0073
v 2.3209 		-29 		34.9854
v 2.2073 		-28.9916 		34.9591
v 2.098 		-28.9638 		34.9289
v 1.9961 		-28.9175 		34.896
v 1.9048 		-28.8541 		34.8613
v 1.8269 		-28.7755 		34.8259
v 1.7647 		-28.6842 		34.7907
v 1.7201 		-28.5828 		34.757
v 1.6944 		-28.4744 		34.7257
v 1.6885 		-28.3625 		34.6978
v 1.7026 		-28.2502 		34.6741
v 1.7361 		-28.1412 		34.6554
v 1.7881 		-28.0386 		34.6421
v 1.857 		-27.9456 		34.6348
v 1.9407 		-27.8651 		34.6336
v 2.0367 		-27.7994 		34.6386
v 2.142 		-27.7505 		34.6496
v 2.2534 		-27.7201 		34.6663
v 2.3677 		-27.7089 		34.6882
v 2.4812 		-27.7173 		34.7146
v 2.5905 		-27.745 		34.7447
v 2.6924 		-27.7913 		34.7776
v 2.7837 		-27.8547 		34.8123
v 2.8616 		-27.9333 		34.8478
v 2.9239 		-28.0247 		34.8829
v 2.9685 		-28.1261 		34.9166
v 2.9941 		-28.2344 		34.9479
v 2.9934 		-28.3721 		34.8603
v 2.98 		-28.4792 		34.8829
v 2.9481 		-28.5833 		34.9008
v 2.8984 		-28.6812 		34.9134
v 2.8327 		-28.7699 		34.9204
v 2.7528 		-28.8468 		34.9215
v 2.6612 		-28.9094 		34.9168
v 2.5607 		-28.956 		34.9063
v 2.4544 		-28.9851 		34.8903
v 2.3454 		-28.9958 		34.8694
v 2.2371 		-28.9878 		34.8442
v 2.1327 		-28.9613 		34.8155
v 2.0355 		-28.9171 		34.7841
v 1.9484 		-28.8566 		34.751
v 1.8741 		-28.7816 		34.7172
v 1.8147 		-28.6944 		34.6837
v 1.7721 		-28.5977 		34.6515
v 1.7477 		-28.4943 		34.6216
v 1.742 		-28.3875 		34.595
v 1.7554 		-28.2804 		34.5724
v 1.7874 		-28.1763 		34.5545
v 1.837 		-28.0785 		34.5418
v 1.9028 		-27.9897 		34.5348
v 1.9827 		-27.9129 		34.5337
v 2.0742 		-27.8502 		34.5385
v 2.1747 		-27.8036 		34.549
v 2.2811 		-27.7745 		34.5649
v 2.3901 		-27.7638 		34.5858
v 2.4984 		-27.7718 		34.611
v 2.6027 		-27.7983 		34.6397
v 2.6999 		-27.8425 		34.6711
v 2.787 		-27.903 		34.7043
v 2.8614 		-27.978 		34.7381
v 2.9208 		-28.0652 		34.7716
v 2.9633 		-28.1619 		34.8038
v 2.9878 		-28.2653 		34.8336
v 2.9664 		-28.3966 		34.7474
v 2.9541 		-28.4952 		34.7683
v 2.9246 		-28.5912 		34.7847
v 2.8789 		-28.6814 		34.7964
v 2.8183 		-28.7631 		34.8028
v 2.7446 		-28.834 		34.8039
v 2.6602 		-28.8917 		34.7995
v 2.5676 		-28.9347 		34.7898
v 2.4696 		-28.9615 		34.7751
v 2.3692 		-28.9713 		34.7559
v 2.2693 		-28.9639 		34.7326
v 2.1732 		-28.9395 		34.7062
v 2.0836 		-28.8988 		34.6772
v 2.0033 		-28.8431 		34.6467
v 1.9348 		-28.774 		34.6155
v 1.8801 		-28.6936 		34.5846
v 1.8408 		-28.6044 		34.555
v 1.8183 		-28.5092 		34.5275
v 1.8131 		-28.4107 		34.5029
v 1.8254 		-28.312 		34.4821
v 1.8549 		-28.2161 		34.4656
v 1.9007 		-28.1259 		34.4539
v 1.9612 		-28.0441 		34.4475
v 2.0349 		-27.9733 		34.4465
v 2.1193 		-27.9155 		34.4508
v 2.2119 		-27.8726 		34.4605
v 2.3099 		-27.8458 		34.4752
v 2.4103 		-27.8359 		34.4945
v 2.5102 		-27.8433 		34.5177
v 2.6063 		-27.8677 		34.5442
v 2.6959 		-27.9084 		34.5731
v 2.7762 		-27.9642 		34.6036
v 2.8447 		-28.0333 		34.6348
v 2.8994 		-28.1137 		34.6657
v 2.9387 		-28.2028 		34.6953
v 2.9612 		-28.2981 		34.7229
v 2.9197 		-28.4189 		34.6407
v 2.9088 		-28.5062 		34.6591
v 2.8827 		-28.591 		34.6737
v 2.8423 		-28.6708 		34.684
v 2.7887 		-28.7432 		34.6897
v 2.7236 		-28.8058 		34.6906
v 2.6489 		-28.8569 		34.6867
v 2.567 		-28.8949 		34.6782
v 2.4803 		-28.9186 		34.6652
v 2.3914 		-28.9273 		34.6482
v 2.3032 		-28.9208 		34.6276
v 2.2181 		-28.8992 		34.6042
v 2.1389 		-28.8632 		34.5786
v 2.0678 		-28.8139 		34.5516
v 2.0072 		-28.7527 		34.524
v 1.9588 		-28.6816 		34.4967
v 1.9241 		-28.6028 		34.4705
v 1.9042 		-28.5185 		34.4461
v 1.8996 		-28.4314 		34.4244
v 1.9105 		-28.3441 		34.406
v 1.9366 		-28.2593 		34.3914
v 1.977 		-28.1795 		34.3811
v 2.0306 		-28.1072 		34.3754
v 2.0957 		-28.0445 		34.3745
v 2.1704 		-27.9934 		34.3784
v 2.2523 		-27.9554 		34.3869
v 2.339 		-27.9317 		34.3999
v 2.4279 		-27.923 		34.4169
v 2.5162 		-27.9295 		34.4375
v 2.6012 		-27.9511 		34.4609
v 2.6805 		-27.9871 		34.4865
v 2.7515 		-28.0365 		34.5135
v 2.8121 		-28.0976 		34.5411
v 2.8605 		-28.1687 		34.5684
v 2.8952 		-28.2475 		34.5946
v 2.9151 		-28.3318 		34.619
v 2.8548 		-28.4385 		34.5434
v 2.8457 		-28.5117 		34.5588
v 2.8238 		-28.5829 		34.5711
v 2.7899 		-28.6499 		34.5797
v 2.7449 		-28.7106 		34.5845
v 2.6902 		-28.7632 		34.5852
v 2.6276 		-28.806 		34.582
v 2.5589 		-28.8379 		34.5748
v 2.4861 		-28.8578 		34.5639
v 2.4116 		-28.8651 		34.5496
v 2.3375 		-28.8596 		34.5324
v 2.2661 		-28.8415 		34.5127
v 2.1996 		-28.8113 		34.4913
v 2.14 		-28.7699 		34.4686
v 2.0891 		-28.7186 		34.4455
v 2.0485 		-28.659 		34.4225
v 2.0194 		-28.5928 		34.4005
v 2.0027 		-28.5221 		34.3801
v 1.9988 		-28.449 		34.3619
v 2.008 		-28.3757 		34.3464
v 2.0299 		-28.3045 		34.3342
v 2.0638 		-28.2376 		34.3255
v 2.1088 		-28.1769 		34.3207
v 2.1634 		-28.1243 		34.32
v 2.2261 		-28.0814 		34.3232
v 2.2948 		-28.0496 		34.3304
v 2.3676 		-28.0297 		34.3413
v 2.4421 		-28.0224 		34.3556
v 2.5162 		-28.0279 		34.3728
v 2.5876 		-28.046 		34.3925
v 2.6541 		-28.0762 		34.414
v 2.7137 		-28.1176 		34.4366
v 2.7645 		-28.1689 		34.4598
v 2.8051 		-28.2285 		34.4827
v 2.8343 		-28.2947 		34.5047
v 2.851 		-28.3654 		34.5251
v 2.7737 		-28.4547 		34.4583
v 2.7666 		-28.5117 		34.4704
v 2.7496 		-28.5671 		34.4799
v 2.7232 		-28.6192 		34.4866
v 2.6882 		-28.6664 		34.4903
v 2.6457 		-28.7073 		34.4909
v 2.5969 		-28.7406 		34.4884
v 2.5435 		-28.7654 		34.4828
v 2.4869 		-28.7809 		34.4743
v 2.4289 		-28.7866 		34.4632
v 2.3713 		-28.7823 		34.4498
v 2.3157 		-28.7682 		34.4345
v 2.264 		-28.7447 		34.4178
v 2.2177 		-28.7125 		34.4002
v 2.1781 		-28.6726 		34.3822
v 2.1465 		-28.6262 		34.3644
v 2.1239 		-28.5747 		34.3472
v 2.1108 		-28.5197 		34.3314
v 2.1078 		-28.4629 		34.3172
v 2.115 		-28.4059 		34.3052
v 2.132 		-28.3505 		34.2956
v 2.1584 		-28.2985 		34.2889
v 2.1934 		-28.2512 		34.2852
v 2.2359 		-28.2103 		34.2846
v 2.2846 		-28.177 		34.2871
v 2.3381 		-28.1522 		34.2927
v 2.3947 		-28.1367 		34.3012
v 2.4527 		-28.131 		34.3123
v 2.5103 		-28.1353 		34.3257
v 2.5658 		-28.1494 		34.341
v 2.6175 		-28.1729 		34.3577
v 2.6639 		-28.2051 		34.3753
v 2.7035 		-28.245 		34.3933
v 2.735 		-28.2914 		34.4112
v 2.7577 		-28.3429 		34.4283
v 2.7707 		-28.3979 		34.4442
v 2.6788 		-28.4671 		34.3883
v 2.6739 		-28.5061 		34.3965
v 2.6623 		-28.544 		34.403
v 2.6442 		-28.5796 		34.4076
v 2.6203 		-28.6119 		34.4102
v 2.5912 		-28.6399 		34.4106
v 2.5579 		-28.6627 		34.4088
v 2.5213 		-28.6796 		34.405
v 2.4826 		-28.6902 		34.3992
v 2.4429 		-28.6941 		34.3916
v 2.4035 		-28.6912 		34.3824
v 2.3655 		-28.6816 		34.372
v 2.3301 		-28.6655 		34.3605
v 2.2984 		-28.6435 		34.3485
v 2.2714 		-28.6162 		34.3362
v 2.2498 		-28.5844 		34.324
v 2.2343 		-28.5492 		34.3123
v 2.2254 		-28.5116 		34.3014
v 2.2233 		-28.4727 		34.2917
v 2.2282 		-28.4337 		34.2835
v 2.2398 		-28.3959 		34.277
v 2.2579 		-28.3602 		34.2724
v 2.2818 		-28.3279 		34.2698
v 2.3109 		-28.3 		34.2694
v 2.3442 		-28.2771 		34.2711
v 2.3808 		-28.2602 		34.275
v 2.4195 		-28.2496 		34.2808
v 2.4592 		-28.2457 		34.2884
v 2.4986 		-28.2486 		34.2975
v 2.5366 		-28.2583 		34.308
v 2.572 		-28.2744 		34.3194
v 2.6037 		-28.2964 		34.3315
v 2.6307 		-28.3237 		34.3438
v 2.6523 		-28.3554 		34.356
v 2.6678 		-28.3906 		34.3677
v 2.6767 		-28.4282 		34.3786
v 2.573 		-28.4753 		34.3352
v 2.5705 		-28.4951 		34.3394
v 2.5646 		-28.5143 		34.3427
v 2.5554 		-28.5324 		34.3451
v 2.5433 		-28.5488 		34.3463
v 2.5285 		-28.563 		34.3466
v 2.5116 		-28.5746 		34.3457
v 2.493 		-28.5832 		34.3437
v 2.4733 		-28.5886 		34.3408
v 2.4532 		-28.5905 		34.3369
v 2.4332 		-28.5891 		34.3323
v 2.4139 		-28.5842 		34.327
v 2.3959 		-28.576 		34.3212
v 2.3799 		-28.5648 		34.315
v 2.3661 		-28.551 		34.3088
v 2.3551 		-28.5349 		34.3026
v 2.3473 		-28.517 		34.2967
v 2.3427 		-28.4979 		34.2911
v 2.3417 		-28.4781 		34.2862
v 2.3442 		-28.4583 		34.282
v 2.3501 		-28.4391 		34.2787
v 2.3593 		-28.421 		34.2764
v 2.3714 		-28.4046 		34.2751
v 2.3862 		-28.3904 		34.2749
v 2.4031 		-28.3788 		34.2758
v 2.4217 		-28.3702 		34.2777
v 2.4413 		-28.3649 		34.2807
v 2.4615 		-28.3629 		34.2845
v 2.4815 		-28.3644 		34.2892
v 2.5008 		-28.3693 		34.2945
v 2.5187 		-28.3774 		34.3003
v 2.5348 		-28.3886 		34.3064
v 2.5486 		-28.4025 		34.3127
v 2.5595 		-28.4186 		34.3189
v 2.5674 		-28.4365 		34.3248
v 2.5719 		-28.4556 		34.3303
v 2.4595 		-28.479 		34.3009
# 614 vertices

g group_7_16448250

usemtl color_16448250
s 0

f 3690 	3689 	3691
f 3691 	3689 	3692
f 3692 	3689 	3693
f 3693 	3689 	3694
f 3694 	3689 	3695
f 3695 	3689 	3696
f 3696 	3689 	3697
f 3697 	3689 	3698
f 3698 	3689 	3699
f 3699 	3689 	3700
f 3700 	3689 	3701
f 3701 	3689 	3702
f 3702 	3689 	3703
f 3703 	3689 	3704
f 3704 	3689 	3705
f 3705 	3689 	3706
f 3706 	3689 	3707
f 3707 	3689 	3708
f 3708 	3689 	3709
f 3709 	3689 	3710
f 3710 	3689 	3711
f 3711 	3689 	3712
f 3712 	3689 	3713
f 3713 	3689 	3714
f 3714 	3689 	3715
f 3715 	3689 	3716
f 3716 	3689 	3717
f 3717 	3689 	3718
f 3718 	3689 	3719
f 3719 	3689 	3720
f 3720 	3689 	3721
f 3721 	3689 	3722
f 3722 	3689 	3723
f 3723 	3689 	3724
f 3724 	3689 	3725
f 3725 	3689 	3690
f 3690 	3691 	3727
f 3726 	3690 	3727
f 3691 	3692 	3728
f 3727 	3691 	3728
f 3692 	3693 	3729
f 3728 	3692 	3729
f 3693 	3694 	3730
f 3729 	3693 	3730
f 3694 	3695 	3731
f 3730 	3694 	3731
f 3695 	3696 	3732
f 3731 	3695 	3732
f 3696 	3697 	3733
f 3732 	3696 	3733
f 3697 	3698 	3734
f 3733 	3697 	3734
f 3698 	3699 	3735
f 3734 	3698 	3735
f 3699 	3700 	3736
f 3735 	3699 	3736
f 3700 	3701 	3737
f 3736 	3700 	3737
f 3701 	3702 	3738
f 3737 	3701 	3738
f 3702 	3703 	3739
f 3738 	3702 	3739
f 3703 	3704 	3740
f 3739 	3703 	3740
f 3704 	3705 	3741
f 3740 	3704 	3741
f 3705 	3706 	3742
f 3741 	3705 	3742
f 3706 	3707 	3743
f 3742 	3706 	3743
f 3707 	3708 	3744
f 3743 	3707 	3744
f 3708 	3709 	3745
f 3744 	3708 	3745
f 3709 	3710 	3746
f 3745 	3709 	3746
f 3710 	3711 	3747
f 3746 	3710 	3747
f 3711 	3712 	3748
f 3747 	3711 	3748
f 3712 	3713 	3749
f 3748 	3712 	3749
f 3713 	3714 	3750
f 3749 	3713 	3750
f 3714 	3715 	3751
f 3750 	3714 	3751
f 3715 	3716 	3752
f 3751 	3715 	3752
f 3716 	3717 	3753
f 3752 	3716 	3753
f 3717 	3718 	3754
f 3753 	3717 	3754
f 3718 	3719 	3755
f 3754 	3718 	3755
f 3719 	3720 	3756
f 3755 	3719 	3756
f 3720 	3721 	3757
f 3756 	3720 	3757
f 3721 	3722 	3758
f 3757 	3721 	3758
f 3722 	3723 	3759
f 3758 	3722 	3759
f 3723 	3724 	3760
f 3759 	3723 	3760
f 3724 	3725 	3761
f 3760 	3724 	3761
f 3725 	3690 	3726
f 3761 	3725 	3726
f 3726 	3727 	3763
f 3762 	3726 	3763
f 3727 	3728 	3764
f 3763 	3727 	3764
f 3728 	3729 	3765
f 3764 	3728 	3765
f 3729 	3730 	3766
f 3765 	3729 	3766
f 3730 	3731 	3767
f 3766 	3730 	3767
f 3731 	3732 	3768
f 3767 	3731 	3768
f 3732 	3733 	3769
f 3768 	3732 	3769
f 3733 	3734 	3770
f 3769 	3733 	3770
f 3734 	3735 	3771
f 3770 	3734 	3771
f 3735 	3736 	3772
f 3771 	3735 	3772
f 3736 	3737 	3773
f 3772 	3736 	3773
f 3737 	3738 	3774
f 3773 	3737 	3774
f 3738 	3739 	3775
f 3774 	3738 	3775
f 3739 	3740 	3776
f 3775 	3739 	3776
f 3740 	3741 	3777
f 3776 	3740 	3777
f 3741 	3742 	3778
f 3777 	3741 	3778
f 3742 	3743 	3779
f 3778 	3742 	3779
f 3743 	3744 	3780
f 3779 	3743 	3780
f 3744 	3745 	3781
f 3780 	3744 	3781
f 3745 	3746 	3782
f 3781 	3745 	3782
f 3746 	3747 	3783
f 3782 	3746 	3783
f 3747 	3748 	3784
f 3783 	3747 	3784
f 3748 	3749 	3785
f 3784 	3748 	3785
f 3749 	3750 	3786
f 3785 	3749 	3786
f 3750 	3751 	3787
f 3786 	3750 	3787
f 3751 	3752 	3788
f 3787 	3751 	3788
f 3752 	3753 	3789
f 3788 	3752 	3789
f 3753 	3754 	3790
f 3789 	3753 	3790
f 3754 	3755 	3791
f 3790 	3754 	3791
f 3755 	3756 	3792
f 3791 	3755 	3792
f 3756 	3757 	3793
f 3792 	3756 	3793
f 3757 	3758 	3794
f 3793 	3757 	3794
f 3758 	3759 	3795
f 3794 	3758 	3795
f 3759 	3760 	3796
f 3795 	3759 	3796
f 3760 	3761 	3797
f 3796 	3760 	3797
f 3761 	3726 	3762
f 3797 	3761 	3762
f 3762 	3763 	3799
f 3798 	3762 	3799
f 3763 	3764 	3800
f 3799 	3763 	3800
f 3764 	3765 	3801
f 3800 	3764 	3801
f 3765 	3766 	3802
f 3801 	3765 	3802
f 3766 	3767 	3803
f 3802 	3766 	3803
f 3767 	3768 	3804
f 3803 	3767 	3804
f 3768 	3769 	3805
f 3804 	3768 	3805
f 3769 	3770 	3806
f 3805 	3769 	3806
f 3770 	3771 	3807
f 3806 	3770 	3807
f 3771 	3772 	3808
f 3807 	3771 	3808
f 3772 	3773 	3809
f 3808 	3772 	3809
f 3773 	3774 	3810
f 3809 	3773 	3810
f 3774 	3775 	3811
f 3810 	3774 	3811
f 3775 	3776 	3812
f 3811 	3775 	3812
f 3776 	3777 	3813
f 3812 	3776 	3813
f 3777 	3778 	3814
f 3813 	3777 	3814
f 3778 	3779 	3815
f 3814 	3778 	3815
f 3779 	3780 	3816
f 3815 	3779 	3816
f 3780 	3781 	3817
f 3816 	3780 	3817
f 3781 	3782 	3818
f 3817 	3781 	3818
f 3782 	3783 	3819
f 3818 	3782 	3819
f 3783 	3784 	3820
f 3819 	3783 	3820
f 3784 	3785 	3821
f 3820 	3784 	3821
f 3785 	3786 	3822
f 3821 	3785 	3822
f 3786 	3787 	3823
f 3822 	3786 	3823
f 3787 	3788 	3824
f 3823 	3787 	3824
f 3788 	3789 	3825
f 3824 	3788 	3825
f 3789 	3790 	3826
f 3825 	3789 	3826
f 3790 	3791 	3827
f 3826 	3790 	3827
f 3791 	3792 	3828
f 3827 	3791 	3828
f 3792 	3793 	3829
f 3828 	3792 	3829
f 3793 	3794 	3830
f 3829 	3793 	3830
f 3794 	3795 	3831
f 3830 	3794 	3831
f 3795 	3796 	3832
f 3831 	3795 	3832
f 3796 	3797 	3833
f 3832 	3796 	3833
f 3797 	3762 	3798
f 3833 	3797 	3798
f 3798 	3799 	3835
f 3834 	3798 	3835
f 3799 	3800 	3836
f 3835 	3799 	3836
f 3800 	3801 	3837
f 3836 	3800 	3837
f 3801 	3802 	3838
f 3837 	3801 	3838
f 3802 	3803 	3839
f 3838 	3802 	3839
f 3803 	3804 	3840
f 3839 	3803 	3840
f 3804 	3805 	3841
f 3840 	3804 	3841
f 3805 	3806 	3842
f 3841 	3805 	3842
f 3806 	3807 	3843
f 3842 	3806 	3843
f 3807 	3808 	3844
f 3843 	3807 	3844
f 3808 	3809 	3845
f 3844 	3808 	3845
f 3809 	3810 	3846
f 3845 	3809 	3846
f 3810 	3811 	3847
f 3846 	3810 	3847
f 3811 	3812 	3848
f 3847 	3811 	3848
f 3812 	3813 	3849
f 3848 	3812 	3849
f 3813 	3814 	3850
f 3849 	3813 	3850
f 3814 	3815 	3851
f 3850 	3814 	3851
f 3815 	3816 	3852
f 3851 	3815 	3852
f 3816 	3817 	3853
f 3852 	3816 	3853
f 3817 	3818 	3854
f 3853 	3817 	3854
f 3818 	3819 	3855
f 3854 	3818 	3855
f 3819 	3820 	3856
f 3855 	3819 	3856
f 3820 	3821 	3857
f 3856 	3820 	3857
f 3821 	3822 	3858
f 3857 	3821 	3858
f 3822 	3823 	3859
f 3858 	3822 	3859
f 3823 	3824 	3860
f 3859 	3823 	3860
f 3824 	3825 	3861
f 3860 	3824 	3861
f 3825 	3826 	3862
f 3861 	3825 	3862
f 3826 	3827 	3863
f 3862 	3826 	3863
f 3827 	3828 	3864
f 3863 	3827 	3864
f 3828 	3829 	3865
f 3864 	3828 	3865
f 3829 	3830 	3866
f 3865 	3829 	3866
f 3830 	3831 	3867
f 3866 	3830 	3867
f 3831 	3832 	3868
f 3867 	3831 	3868
f 3832 	3833 	3869
f 3868 	3832 	3869
f 3833 	3798 	3834
f 3869 	3833 	3834
f 3834 	3835 	3871
f 3870 	3834 	3871
f 3835 	3836 	3872
f 3871 	3835 	3872
f 3836 	3837 	3873
f 3872 	3836 	3873
f 3837 	3838 	3874
f 3873 	3837 	3874
f 3838 	3839 	3875
f 3874 	3838 	3875
f 3839 	3840 	3876
f 3875 	3839 	3876
f 3840 	3841 	3877
f 3876 	3840 	3877
f 3841 	3842 	3878
f 3877 	3841 	3878
f 3842 	3843 	3879
f 3878 	3842 	3879
f 3843 	3844 	3880
f 3879 	3843 	3880
f 3844 	3845 	3881
f 3880 	3844 	3881
f 3845 	3846 	3882
f 3881 	3845 	3882
f 3846 	3847 	3883
f 3882 	3846 	3883
f 3847 	3848 	3884
f 3883 	3847 	3884
f 3848 	3849 	3885
f 3884 	3848 	3885
f 3849 	3850 	3886
f 3885 	3849 	3886
f 3850 	3851 	3887
f 3886 	3850 	3887
f 3851 	3852 	3888
f 3887 	3851 	3888
f 3852 	3853 	3889
f 3888 	3852 	3889
f 3853 	3854 	3890
f 3889 	3853 	3890
f 3854 	3855 	3891
f 3890 	3854 	3891
f 3855 	3856 	3892
f 3891 	3855 	3892
f 3856 	3857 	3893
f 3892 	3856 	3893
f 3857 	3858 	3894
f 3893 	3857 	3894
f 3858 	3859 	3895
f 3894 	3858 	3895
f 3859 	3860 	3896
f 3895 	3859 	3896
f 3860 	3861 	3897
f 3896 	3860 	3897
f 3861 	3862 	3898
f 3897 	3861 	3898
f 3862 	3863 	3899
f 3898 	3862 	3899
f 3863 	3864 	3900
f 3899 	3863 	3900
f 3864 	3865 	3901
f 3900 	3864 	3901
f 3865 	3866 	3902
f 3901 	3865 	3902
f 3866 	3867 	3903
f 3902 	3866 	3903
f 3867 	3868 	3904
f 3903 	3867 	3904
f 3868 	3869 	3905
f 3904 	3868 	3905
f 3869 	3834 	3870
f 3905 	3869 	3870
f 3870 	3871 	3907
f 3906 	3870 	3907
f 3871 	3872 	3908
f 3907 	3871 	3908
f 3872 	3873 	3909
f 3908 	3872 	3909
f 3873 	3874 	3910
f 3909 	3873 	3910
f 3874 	3875 	3911
f 3910 	3874 	3911
f 3875 	3876 	3912
f 3911 	3875 	3912
f 3876 	3877 	3913
f 3912 	3876 	3913
f 3877 	3878 	3914
f 3913 	3877 	3914
f 3878 	3879 	3915
f 3914 	3878 	3915
f 3879 	3880 	3916
f 3915 	3879 	3916
f 3880 	3881 	3917
f 3916 	3880 	3917
f 3881 	3882 	3918
f 3917 	3881 	3918
f 3882 	3883 	3919
f 3918 	3882 	3919
f 3883 	3884 	3920
f 3919 	3883 	3920
f 3884 	3885 	3921
f 3920 	3884 	3921
f 3885 	3886 	3922
f 3921 	3885 	3922
f 3886 	3887 	3923
f 3922 	3886 	3923
f 3887 	3888 	3924
f 3923 	3887 	3924
f 3888 	3889 	3925
f 3924 	3888 	3925
f 3889 	3890 	3926
f 3925 	3889 	3926
f 3890 	3891 	3927
f 3926 	3890 	3927
f 3891 	3892 	3928
f 3927 	3891 	3928
f 3892 	3893 	3929
f 3928 	3892 	3929
f 3893 	3894 	3930
f 3929 	3893 	3930
f 3894 	3895 	3931
f 3930 	3894 	3931
f 3895 	3896 	3932
f 3931 	3895 	3932
f 3896 	3897 	3933
f 3932 	3896 	3933
f 3897 	3898 	3934
f 3933 	3897 	3934
f 3898 	3899 	3935
f 3934 	3898 	3935
f 3899 	3900 	3936
f 3935 	3899 	3936
f 3900 	3901 	3937
f 3936 	3900 	3937
f 3901 	3902 	3938
f 3937 	3901 	3938
f 3902 	3903 	3939
f 3938 	3902 	3939
f 3903 	3904 	3940
f 3939 	3903 	3940
f 3904 	3905 	3941
f 3940 	3904 	3941
f 3905 	3870 	3906
f 3941 	3905 	3906
f 3906 	3907 	3943
f 3942 	3906 	3943
f 3907 	3908 	3944
f 3943 	3907 	3944
f 3908 	3909 	3945
f 3944 	3908 	3945
f 3909 	3910 	3946
f 3945 	3909 	3946
f 3910 	3911 	3947
f 3946 	3910 	3947
f 3911 	3912 	3948
f 3947 	3911 	3948
f 3912 	3913 	3949
f 3948 	3912 	3949
f 3913 	3914 	3950
f 3949 	3913 	3950
f 3914 	3915 	3951
f 3950 	3914 	3951
f 3915 	3916 	3952
f 3951 	3915 	3952
f 3916 	3917 	3953
f 3952 	3916 	3953
f 3917 	3918 	3954
f 3953 	3917 	3954
f 3918 	3919 	3955
f 3954 	3918 	3955
f 3919 	3920 	3956
f 3955 	3919 	3956
f 3920 	3921 	3957
f 3956 	3920 	3957
f 3921 	3922 	3958
f 3957 	3921 	3958
f 3922 	3923 	3959
f 3958 	3922 	3959
f 3923 	3924 	3960
f 3959 	3923 	3960
f 3924 	3925 	3961
f 3960 	3924 	3961
f 3925 	3926 	3962
f 3961 	3925 	3962
f 3926 	3927 	3963
f 3962 	3926 	3963
f 3927 	3928 	3964
f 3963 	3927 	3964
f 3928 	3929 	3965
f 3964 	3928 	3965
f 3929 	3930 	3966
f 3965 	3929 	3966
f 3930 	3931 	3967
f 3966 	3930 	3967
f 3931 	3932 	3968
f 3967 	3931 	3968
f 3932 	3933 	3969
f 3968 	3932 	3969
f 3933 	3934 	3970
f 3969 	3933 	3970
f 3934 	3935 	3971
f 3970 	3934 	3971
f 3935 	3936 	3972
f 3971 	3935 	3972
f 3936 	3937 	3973
f 3972 	3936 	3973
f 3937 	3938 	3974
f 3973 	3937 	3974
f 3938 	3939 	3975
f 3974 	3938 	3975
f 3939 	3940 	3976
f 3975 	3939 	3976
f 3940 	3941 	3977
f 3976 	3940 	3977
f 3941 	3906 	3942
f 3977 	3941 	3942
f 3942 	3943 	3979
f 3978 	3942 	3979
f 3943 	3944 	3980
f 3979 	3943 	3980
f 3944 	3945 	3981
f 3980 	3944 	3981
f 3945 	3946 	3982
f 3981 	3945 	3982
f 3946 	3947 	3983
f 3982 	3946 	3983
f 3947 	3948 	3984
f 3983 	3947 	3984
f 3948 	3949 	3985
f 3984 	3948 	3985
f 3949 	3950 	3986
f 3985 	3949 	3986
f 3950 	3951 	3987
f 3986 	3950 	3987
f 3951 	3952 	3988
f 3987 	3951 	3988
f 3952 	3953 	3989
f 3988 	3952 	3989
f 3953 	3954 	3990
f 3989 	3953 	3990
f 3954 	3955 	3991
f 3990 	3954 	3991
f 3955 	3956 	3992
f 3991 	3955 	3992
f 3956 	3957 	3993
f 3992 	3956 	3993
f 3957 	3958 	3994
f 3993 	3957 	3994
f 3958 	3959 	3995
f 3994 	3958 	3995
f 3959 	3960 	3996
f 3995 	3959 	3996
f 3960 	3961 	3997
f 3996 	3960 	3997
f 3961 	3962 	3998
f 3997 	3961 	3998
f 3962 	3963 	3999
f 3998 	3962 	3999
f 3963 	3964 	4000
f 3999 	3963 	4000
f 3964 	3965 	4001
f 4000 	3964 	4001
f 3965 	3966 	4002
f 4001 	3965 	4002
f 3966 	3967 	4003
f 4002 	3966 	4003
f 3967 	3968 	4004
f 4003 	3967 	4004
f 3968 	3969 	4005
f 4004 	3968 	4005
f 3969 	3970 	4006
f 4005 	3969 	4006
f 3970 	3971 	4007
f 4006 	3970 	4007
f 3971 	3972 	4008
f 4007 	3971 	4008
f 3972 	3973 	4009
f 4008 	3972 	4009
f 3973 	3974 	4010
f 4009 	3973 	4010
f 3974 	3975 	4011
f 4010 	3974 	4011
f 3975 	3976 	4012
f 4011 	3975 	4012
f 3976 	3977 	4013
f 4012 	3976 	4013
f 3977 	3942 	3978
f 4013 	3977 	3978
f 3978 	3979 	4015
f 4014 	3978 	4015
f 3979 	3980 	4016
f 4015 	3979 	4016
f 3980 	3981 	4017
f 4016 	3980 	4017
f 3981 	3982 	4018
f 4017 	3981 	4018
f 3982 	3983 	4019
f 4018 	3982 	4019
f 3983 	3984 	4020
f 4019 	3983 	4020
f 3984 	3985 	4021
f 4020 	3984 	4021
f 3985 	3986 	4022
f 4021 	3985 	4022
f 3986 	3987 	4023
f 4022 	3986 	4023
f 3987 	3988 	4024
f 4023 	3987 	4024
f 3988 	3989 	4025
f 4024 	3988 	4025
f 3989 	3990 	4026
f 4025 	3989 	4026
f 3990 	3991 	4027
f 4026 	3990 	4027
f 3991 	3992 	4028
f 4027 	3991 	4028
f 3992 	3993 	4029
f 4028 	3992 	4029
f 3993 	3994 	4030
f 4029 	3993 	4030
f 3994 	3995 	4031
f 4030 	3994 	4031
f 3995 	3996 	4032
f 4031 	3995 	4032
f 3996 	3997 	4033
f 4032 	3996 	4033
f 3997 	3998 	4034
f 4033 	3997 	4034
f 3998 	3999 	4035
f 4034 	3998 	4035
f 3999 	4000 	4036
f 4035 	3999 	4036
f 4000 	4001 	4037
f 4036 	4000 	4037
f 4001 	4002 	4038
f 4037 	4001 	4038
f 4002 	4003 	4039
f 4038 	4002 	4039
f 4003 	4004 	4040
f 4039 	4003 	4040
f 4004 	4005 	4041
f 4040 	4004 	4041
f 4005 	4006 	4042
f 4041 	4005 	4042
f 4006 	4007 	4043
f 4042 	4006 	4043
f 4007 	4008 	4044
f 4043 	4007 	4044
f 4008 	4009 	4045
f 4044 	4008 	4045
f 4009 	4010 	4046
f 4045 	4009 	4046
f 4010 	4011 	4047
f 4046 	4010 	4047
f 4011 	4012 	4048
f 4047 	4011 	4048
f 4012 	4013 	4049
f 4048 	4012 	4049
f 4013 	3978 	4014
f 4049 	4013 	4014
f 4014 	4015 	4051
f 4050 	4014 	4051
f 4015 	4016 	4052
f 4051 	4015 	4052
f 4016 	4017 	4053
f 4052 	4016 	4053
f 4017 	4018 	4054
f 4053 	4017 	4054
f 4018 	4019 	4055
f 4054 	4018 	4055
f 4019 	4020 	4056
f 4055 	4019 	4056
f 4020 	4021 	4057
f 4056 	4020 	4057
f 4021 	4022 	4058
f 4057 	4021 	4058
f 4022 	4023 	4059
f 4058 	4022 	4059
f 4023 	4024 	4060
f 4059 	4023 	4060
f 4024 	4025 	4061
f 4060 	4024 	4061
f 4025 	4026 	4062
f 4061 	4025 	4062
f 4026 	4027 	4063
f 4062 	4026 	4063
f 4027 	4028 	4064
f 4063 	4027 	4064
f 4028 	4029 	4065
f 4064 	4028 	4065
f 4029 	4030 	4066
f 4065 	4029 	4066
f 4030 	4031 	4067
f 4066 	4030 	4067
f 4031 	4032 	4068
f 4067 	4031 	4068
f 4032 	4033 	4069
f 4068 	4032 	4069
f 4033 	4034 	4070
f 4069 	4033 	4070
f 4034 	4035 	4071
f 4070 	4034 	4071
f 4035 	4036 	4072
f 4071 	4035 	4072
f 4036 	4037 	4073
f 4072 	4036 	4073
f 4037 	4038 	4074
f 4073 	4037 	4074
f 4038 	4039 	4075
f 4074 	4038 	4075
f 4039 	4040 	4076
f 4075 	4039 	4076
f 4040 	4041 	4077
f 4076 	4040 	4077
f 4041 	4042 	4078
f 4077 	4041 	4078
f 4042 	4043 	4079
f 4078 	4042 	4079
f 4043 	4044 	4080
f 4079 	4043 	4080
f 4044 	4045 	4081
f 4080 	4044 	4081
f 4045 	4046 	4082
f 4081 	4045 	4082
f 4046 	4047 	4083
f 4082 	4046 	4083
f 4047 	4048 	4084
f 4083 	4047 	4084
f 4048 	4049 	4085
f 4084 	4048 	4085
f 4049 	4014 	4050
f 4085 	4049 	4050
f 4050 	4051 	4087
f 4086 	4050 	4087
f 4051 	4052 	4088
f 4087 	4051 	4088
f 4052 	4053 	4089
f 4088 	4052 	4089
f 4053 	4054 	4090
f 4089 	4053 	4090
f 4054 	4055 	4091
f 4090 	4054 	4091
f 4055 	4056 	4092
f 4091 	4055 	4092
f 4056 	4057 	4093
f 4092 	4056 	4093
f 4057 	4058 	4094
f 4093 	4057 	4094
f 4058 	4059 	4095
f 4094 	4058 	4095
f 4059 	4060 	4096
f 4095 	4059 	4096
f 4060 	4061 	4097
f 4096 	4060 	4097
f 4061 	4062 	4098
f 4097 	4061 	4098
f 4062 	4063 	4099
f 4098 	4062 	4099
f 4063 	4064 	4100
f 4099 	4063 	4100
f 4064 	4065 	4101
f 4100 	4064 	4101
f 4065 	4066 	4102
f 4101 	4065 	4102
f 4066 	4067 	4103
f 4102 	4066 	4103
f 4067 	4068 	4104
f 4103 	4067 	4104
f 4068 	4069 	4105
f 4104 	4068 	4105
f 4069 	4070 	4106
f 4105 	4069 	4106
f 4070 	4071 	4107
f 4106 	4070 	4107
f 4071 	4072 	4108
f 4107 	4071 	4108
f 4072 	4073 	4109
f 4108 	4072 	4109
f 4073 	4074 	4110
f 4109 	4073 	4110
f 4074 	4075 	4111
f 4110 	4074 	4111
f 4075 	4076 	4112
f 4111 	4075 	4112
f 4076 	4077 	4113
f 4112 	4076 	4113
f 4077 	4078 	4114
f 4113 	4077 	4114
f 4078 	4079 	4115
f 4114 	4078 	4115
f 4079 	4080 	4116
f 4115 	4079 	4116
f 4080 	4081 	4117
f 4116 	4080 	4117
f 4081 	4082 	4118
f 4117 	4081 	4118
f 4082 	4083 	4119
f 4118 	4082 	4119
f 4083 	4084 	4120
f 4119 	4083 	4120
f 4084 	4085 	4121
f 4120 	4084 	4121
f 4085 	4050 	4086
f 4121 	4085 	4086
f 4086 	4087 	4123
f 4122 	4086 	4123
f 4087 	4088 	4124
f 4123 	4087 	4124
f 4088 	4089 	4125
f 4124 	4088 	4125
f 4089 	4090 	4126
f 4125 	4089 	4126
f 4090 	4091 	4127
f 4126 	4090 	4127
f 4091 	4092 	4128
f 4127 	4091 	4128
f 4092 	4093 	4129
f 4128 	4092 	4129
f 4093 	4094 	4130
f 4129 	4093 	4130
f 4094 	4095 	4131
f 4130 	4094 	4131
f 4095 	4096 	4132
f 4131 	4095 	4132
f 4096 	4097 	4133
f 4132 	4096 	4133
f 4097 	4098 	4134
f 4133 	4097 	4134
f 4098 	4099 	4135
f 4134 	4098 	4135
f 4099 	4100 	4136
f 4135 	4099 	4136
f 4100 	4101 	4137
f 4136 	4100 	4137
f 4101 	4102 	4138
f 4137 	4101 	4138
f 4102 	4103 	4139
f 4138 	4102 	4139
f 4103 	4104 	4140
f 4139 	4103 	4140
f 4104 	4105 	4141
f 4140 	4104 	4141
f 4105 	4106 	4142
f 4141 	4105 	4142
f 4106 	4107 	4143
f 4142 	4106 	4143
f 4107 	4108 	4144
f 4143 	4107 	4144
f 4108 	4109 	4145
f 4144 	4108 	4145
f 4109 	4110 	4146
f 4145 	4109 	4146
f 4110 	4111 	4147
f 4146 	4110 	4147
f 4111 	4112 	4148
f 4147 	4111 	4148
f 4112 	4113 	4149
f 4148 	4112 	4149
f 4113 	4114 	4150
f 4149 	4113 	4150
f 4114 	4115 	4151
f 4150 	4114 	4151
f 4115 	4116 	4152
f 4151 	4115 	4152
f 4116 	4117 	4153
f 4152 	4116 	4153
f 4117 	4118 	4154
f 4153 	4117 	4154
f 4118 	4119 	4155
f 4154 	4118 	4155
f 4119 	4120 	4156
f 4155 	4119 	4156
f 4120 	4121 	4157
f 4156 	4120 	4157
f 4121 	4086 	4122
f 4157 	4121 	4122
f 4122 	4123 	4159
f 4158 	4122 	4159
f 4123 	4124 	4160
f 4159 	4123 	4160
f 4124 	4125 	4161
f 4160 	4124 	4161
f 4125 	4126 	4162
f 4161 	4125 	4162
f 4126 	4127 	4163
f 4162 	4126 	4163
f 4127 	4128 	4164
f 4163 	4127 	4164
f 4128 	4129 	4165
f 4164 	4128 	4165
f 4129 	4130 	4166
f 4165 	4129 	4166
f 4130 	4131 	4167
f 4166 	4130 	4167
f 4131 	4132 	4168
f 4167 	4131 	4168
f 4132 	4133 	4169
f 4168 	4132 	4169
f 4133 	4134 	4170
f 4169 	4133 	4170
f 4134 	4135 	4171
f 4170 	4134 	4171
f 4135 	4136 	4172
f 4171 	4135 	4172
f 4136 	4137 	4173
f 4172 	4136 	4173
f 4137 	4138 	4174
f 4173 	4137 	4174
f 4138 	4139 	4175
f 4174 	4138 	4175
f 4139 	4140 	4176
f 4175 	4139 	4176
f 4140 	4141 	4177
f 4176 	4140 	4177
f 4141 	4142 	4178
f 4177 	4141 	4178
f 4142 	4143 	4179
f 4178 	4142 	4179
f 4143 	4144 	4180
f 4179 	4143 	4180
f 4144 	4145 	4181
f 4180 	4144 	4181
f 4145 	4146 	4182
f 4181 	4145 	4182
f 4146 	4147 	4183
f 4182 	4146 	4183
f 4147 	4148 	4184
f 4183 	4147 	4184
f 4148 	4149 	4185
f 4184 	4148 	4185
f 4149 	4150 	4186
f 4185 	4149 	4186
f 4150 	4151 	4187
f 4186 	4150 	4187
f 4151 	4152 	4188
f 4187 	4151 	4188
f 4152 	4153 	4189
f 4188 	4152 	4189
f 4153 	4154 	4190
f 4189 	4153 	4190
f 4154 	4155 	4191
f 4190 	4154 	4191
f 4155 	4156 	4192
f 4191 	4155 	4192
f 4156 	4157 	4193
f 4192 	4156 	4193
f 4157 	4122 	4158
f 4193 	4157 	4158
f 4158 	4159 	4195
f 4194 	4158 	4195
f 4159 	4160 	4196
f 4195 	4159 	4196
f 4160 	4161 	4197
f 4196 	4160 	4197
f 4161 	4162 	4198
f 4197 	4161 	4198
f 4162 	4163 	4199
f 4198 	4162 	4199
f 4163 	4164 	4200
f 4199 	4163 	4200
f 4164 	4165 	4201
f 4200 	4164 	4201
f 4165 	4166 	4202
f 4201 	4165 	4202
f 4166 	4167 	4203
f 4202 	4166 	4203
f 4167 	4168 	4204
f 4203 	4167 	4204
f 4168 	4169 	4205
f 4204 	4168 	4205
f 4169 	4170 	4206
f 4205 	4169 	4206
f 4170 	4171 	4207
f 4206 	4170 	4207
f 4171 	4172 	4208
f 4207 	4171 	4208
f 4172 	4173 	4209
f 4208 	4172 	4209
f 4173 	4174 	4210
f 4209 	4173 	4210
f 4174 	4175 	4211
f 4210 	4174 	4211
f 4175 	4176 	4212
f 4211 	4175 	4212
f 4176 	4177 	4213
f 4212 	4176 	4213
f 4177 	4178 	4214
f 4213 	4177 	4214
f 4178 	4179 	4215
f 4214 	4178 	4215
f 4179 	4180 	4216
f 4215 	4179 	4216
f 4180 	4181 	4217
f 4216 	4180 	4217
f 4181 	4182 	4218
f 4217 	4181 	4218
f 4182 	4183 	4219
f 4218 	4182 	4219
f 4183 	4184 	4220
f 4219 	4183 	4220
f 4184 	4185 	4221
f 4220 	4184 	4221
f 4185 	4186 	4222
f 4221 	4185 	4222
f 4186 	4187 	4223
f 4222 	4186 	4223
f 4187 	4188 	4224
f 4223 	4187 	4224
f 4188 	4189 	4225
f 4224 	4188 	4225
f 4189 	4190 	4226
f 4225 	4189 	4226
f 4190 	4191 	4227
f 4226 	4190 	4227
f 4191 	4192 	4228
f 4227 	4191 	4228
f 4192 	4193 	4229
f 4228 	4192 	4229
f 4193 	4158 	4194
f 4229 	4193 	4194
f 4194 	4195 	4231
f 4230 	4194 	4231
f 4195 	4196 	4232
f 4231 	4195 	4232
f 4196 	4197 	4233
f 4232 	4196 	4233
f 4197 	4198 	4234
f 4233 	4197 	4234
f 4198 	4199 	4235
f 4234 	4198 	4235
f 4199 	4200 	4236
f 4235 	4199 	4236
f 4200 	4201 	4237
f 4236 	4200 	4237
f 4201 	4202 	4238
f 4237 	4201 	4238
f 4202 	4203 	4239
f 4238 	4202 	4239
f 4203 	4204 	4240
f 4239 	4203 	4240
f 4204 	4205 	4241
f 4240 	4204 	4241
f 4205 	4206 	4242
f 4241 	4205 	4242
f 4206 	4207 	4243
f 4242 	4206 	4243
f 4207 	4208 	4244
f 4243 	4207 	4244
f 4208 	4209 	4245
f 4244 	4208 	4245
f 4209 	4210 	4246
f 4245 	4209 	4246
f 4210 	4211 	4247
f 4246 	4210 	4247
f 4211 	4212 	4248
f 4247 	4211 	4248
f 4212 	4213 	4249
f 4248 	4212 	4249
f 4213 	4214 	4250
f 4249 	4213 	4250
f 4214 	4215 	4251
f 4250 	4214 	4251
f 4215 	4216 	4252
f 4251 	4215 	4252
f 4216 	4217 	4253
f 4252 	4216 	4253
f 4217 	4218 	4254
f 4253 	4217 	4254
f 4218 	4219 	4255
f 4254 	4218 	4255
f 4219 	4220 	4256
f 4255 	4219 	4256
f 4220 	4221 	4257
f 4256 	4220 	4257
f 4221 	4222 	4258
f 4257 	4221 	4258
f 4222 	4223 	4259
f 4258 	4222 	4259
f 4223 	4224 	4260
f 4259 	4223 	4260
f 4224 	4225 	4261
f 4260 	4224 	4261
f 4225 	4226 	4262
f 4261 	4225 	4262
f 4226 	4227 	4263
f 4262 	4226 	4263
f 4227 	4228 	4264
f 4263 	4227 	4264
f 4228 	4229 	4265
f 4264 	4228 	4265
f 4229 	4194 	4230
f 4265 	4229 	4230
f 4230 	4231 	4267
f 4266 	4230 	4267
f 4231 	4232 	4268
f 4267 	4231 	4268
f 4232 	4233 	4269
f 4268 	4232 	4269
f 4233 	4234 	4270
f 4269 	4233 	4270
f 4234 	4235 	4271
f 4270 	4234 	4271
f 4235 	4236 	4272
f 4271 	4235 	4272
f 4236 	4237 	4273
f 4272 	4236 	4273
f 4237 	4238 	4274
f 4273 	4237 	4274
f 4238 	4239 	4275
f 4274 	4238 	4275
f 4239 	4240 	4276
f 4275 	4239 	4276
f 4240 	4241 	4277
f 4276 	4240 	4277
f 4241 	4242 	4278
f 4277 	4241 	4278
f 4242 	4243 	4279
f 4278 	4242 	4279
f 4243 	4244 	4280
f 4279 	4243 	4280
f 4244 	4245 	4281
f 4280 	4244 	4281
f 4245 	4246 	4282
f 4281 	4245 	4282
f 4246 	4247 	4283
f 4282 	4246 	4283
f 4247 	4248 	4284
f 4283 	4247 	4284
f 4248 	4249 	4285
f 4284 	4248 	4285
f 4249 	4250 	4286
f 4285 	4249 	4286
f 4250 	4251 	4287
f 4286 	4250 	4287
f 4251 	4252 	4288
f 4287 	4251 	4288
f 4252 	4253 	4289
f 4288 	4252 	4289
f 4253 	4254 	4290
f 4289 	4253 	4290
f 4254 	4255 	4291
f 4290 	4254 	4291
f 4255 	4256 	4292
f 4291 	4255 	4292
f 4256 	4257 	4293
f 4292 	4256 	4293
f 4257 	4258 	4294
f 4293 	4257 	4294
f 4258 	4259 	4295
f 4294 	4258 	4295
f 4259 	4260 	4296
f 4295 	4259 	4296
f 4260 	4261 	4297
f 4296 	4260 	4297
f 4261 	4262 	4298
f 4297 	4261 	4298
f 4262 	4263 	4299
f 4298 	4262 	4299
f 4263 	4264 	4300
f 4299 	4263 	4300
f 4264 	4265 	4301
f 4300 	4264 	4301
f 4265 	4230 	4266
f 4301 	4265 	4266
f 4266 	4267 	4302
f 4267 	4268 	4302
f 4268 	4269 	4302
f 4269 	4270 	4302
f 4270 	4271 	4302
f 4271 	4272 	4302
f 4272 	4273 	4302
f 4273 	4274 	4302
f 4274 	4275 	4302
f 4275 	4276 	4302
f 4276 	4277 	4302
f 4277 	4278 	4302
f 4278 	4279 	4302
f 4279 	4280 	4302
f 4280 	4281 	4302
f 4281 	4282 	4302
f 4282 	4283 	4302
f 4283 	4284 	4302
f 4284 	4285 	4302
f 4285 	4286 	4302
f 4286 	4287 	4302
f 4287 	4288 	4302
f 4288 	4289 	4302
f 4289 	4290 	4302
f 4290 	4291 	4302
f 4291 	4292 	4302
f 4292 	4293 	4302
f 4293 	4294 	4302
f 4294 	4295 	4302
f 4295 	4296 	4302
f 4296 	4297 	4302
f 4297 	4298 	4302
f 4298 	4299 	4302
f 4299 	4300 	4302
f 4300 	4301 	4302
f 4301 	4266 	4302
# 1224 faces

 #end of obj_7

o obj_8
v 20.9428 		-24.5419 		39.5108
v 20.2364 		-24.5488 		39.5988
v 20.2483 		-24.6007 		39.6056
v 20.281 		-24.6514 		39.6078
v 20.3334 		-24.6993 		39.6053
v 20.404 		-24.743 		39.598
v 20.4905 		-24.7811 		39.5864
v 20.5904 		-24.8125 		39.5706
v 20.7006 		-24.8362 		39.5512
v 20.8178 		-24.8516 		39.5288
v 20.9384 		-24.858 		39.5041
v 21.0587 		-24.8554 		39.4778
v 21.1751 		-24.8439 		39.4506
v 21.2841 		-24.8236 		39.4235
v 21.3824 		-24.7954 		39.3973
v 21.4668 		-24.7601 		39.3727
v 21.535 		-24.7186 		39.3505
v 21.5848 		-24.6723 		39.3314
v 21.6147 		-24.6226 		39.3159
v 21.6238 		-24.571 		39.3046
v 21.6119 		-24.5191 		39.2977
v 21.5792 		-24.4684 		39.2955
v 21.5268 		-24.4205 		39.2981
v 21.4562 		-24.3768 		39.3053
v 21.3697 		-24.3387 		39.317
v 21.2698 		-24.3073 		39.3328
v 21.1596 		-24.2835 		39.3521
v 21.0424 		-24.2682 		39.3745
v 20.9218 		-24.2618 		39.3993
v 20.8015 		-24.2644 		39.4256
v 20.6851 		-24.2759 		39.4527
v 20.5761 		-24.2961 		39.4798
v 20.4778 		-24.3244 		39.5061
v 20.3934 		-24.3597 		39.5307
v 20.3252 		-24.4012 		39.5529
v 20.2754 		-24.4475 		39.572
v 20.2455 		-24.4972 		39.5874
v 19.526 		-24.5914 		39.5658
v 19.5495 		-24.6937 		39.5793
v 19.6139 		-24.7936 		39.5836
v 19.7171 		-24.8879 		39.5786
v 19.8561 		-24.974 		39.5644
v 20.0265 		-25.0491 		39.5414
v 20.2232 		-25.1109 		39.5104
v 20.4403 		-25.1576 		39.4722
v 20.6711 		-25.1878 		39.4281
v 20.9086 		-25.2005 		39.3794
v 21.1457 		-25.1954 		39.3275
v 21.375 		-25.1726 		39.274
v 21.5897 		-25.1328 		39.2207
v 21.7831 		-25.0773 		39.169
v 21.9495 		-25.0076 		39.1206
v 22.0838 		-24.9259 		39.0769
v 22.1819 		-24.8348 		39.0392
v 22.2408 		-24.7369 		39.0088
v 22.2588 		-24.6353 		38.9864
v 22.2352 		-24.533 		38.9729
v 22.1708 		-24.4331 		38.9686
v 22.0676 		-24.3387 		38.9736
v 21.9286 		-24.2527 		38.9878
v 21.7582 		-24.1776 		39.0108
v 21.5615 		-24.1158 		39.0419
v 21.3444 		-24.069 		39.08
v 21.1136 		-24.0389 		39.1242
v 20.8761 		-24.0261 		39.1729
v 20.6391 		-24.0312 		39.2248
v 20.4097 		-24.054 		39.2782
v 20.1951 		-24.0938 		39.3316
v 20.0016 		-24.1494 		39.3832
v 19.8352 		-24.2191 		39.4317
v 19.7009 		-24.3007 		39.4754
v 19.6028 		-24.3919 		39.513
v 19.5439 		-24.4898 		39.5435
v 18.8332 		-24.6685 		39.4129
v 18.8677 		-24.8181 		39.4327
v 18.9618 		-24.9641 		39.439
v 19.1127 		-25.1021 		39.4317
v 19.3158 		-25.2278 		39.4109
v 19.565 		-25.3376 		39.3773
v 19.8526 		-25.428 		39.3319
v 20.1699 		-25.4963 		39.2761
v 20.5073 		-25.5404 		39.2116
v 20.8545 		-25.559 		39.1404
v 21.201 		-25.5516 		39.0645
v 21.5363 		-25.5182 		38.9864
v 21.8501 		-25.46 		38.9084
v 22.133 		-25.3788 		38.8328
v 22.3763 		-25.2769 		38.762
v 22.5726 		-25.1576 		38.6981
v 22.716 		-25.0243 		38.6431
v 22.8021 		-24.8812 		38.5986
v 22.8283 		-24.7326 		38.5659
v 22.7938 		-24.5831 		38.5462
v 22.6997 		-24.4371 		38.5399
v 22.5488 		-24.2991 		38.5472
v 22.3457 		-24.1734 		38.568
v 22.0965 		-24.0636 		38.6016
v 21.8089 		-23.9732 		38.647
v 21.4916 		-23.9049 		38.7028
v 21.1542 		-23.8608 		38.7673
v 20.807 		-23.8422 		38.8385
v 20.4605 		-23.8496 		38.9144
v 20.1252 		-23.883 		38.9925
v 19.8114 		-23.9411 		39.0705
v 19.5285 		-24.0224 		39.1461
v 19.2853 		-24.1242 		39.2169
v 19.0889 		-24.2436 		39.2808
v 18.9455 		-24.3769 		39.3358
v 18.8594 		-24.52 		39.3803
v 18.1791 		-24.7778 		39.1448
v 18.2234 		-24.9701 		39.1702
v 18.3444 		-25.1577 		39.1783
v 18.5384 		-25.3351 		39.1689
v 18.7996 		-25.4968 		39.1421
v 19.1198 		-25.6379 		39.099
v 19.4896 		-25.7542 		39.0406
v 19.8975 		-25.842 		38.9689
v 20.3313 		-25.8987 		38.886
v 20.7777 		-25.9226 		38.7944
v 21.2232 		-25.913 		38.6969
v 21.6542 		-25.8701 		38.5965
v 22.0576 		-25.7954 		38.4962
v 22.4212 		-25.6909 		38.399
v 22.734 		-25.56 		38.308
v 22.9864 		-25.4065 		38.2259
v 23.1707 		-25.2352 		38.1551
v 23.2814 		-25.0512 		38.0979
v 23.3151 		-24.8602 		38.0559
v 23.2708 		-24.668 		38.0305
v 23.1498 		-24.4803 		38.0224
v 22.9558 		-24.3029 		38.0319
v 22.6947 		-24.1412 		38.0586
v 22.3744 		-24.0001 		38.1018
v 22.0047 		-23.8839 		38.1601
v 21.5967 		-23.7961 		38.2319
v 21.163 		-23.7394 		38.3148
v 20.7166 		-23.7154 		38.4064
v 20.2711 		-23.725 		38.5038
v 19.8401 		-23.7679 		38.6043
v 19.4367 		-23.8427 		38.7046
v 19.073 		-23.9471 		38.8017
v 18.7603 		-24.0781 		38.8927
v 18.5079 		-24.2315 		38.9749
v 18.3235 		-24.4029 		39.0456
v 18.2128 		-24.5868 		39.1029
v 17.5836 		-24.9159 		38.7696
v 17.6364 		-25.145 		38.7999
v 17.7806 		-25.3687 		38.8095
v 18.0118 		-25.5801 		38.7982
v 18.323 		-25.7728 		38.7664
v 18.7047 		-25.941 		38.7149
v 19.1454 		-26.0795 		38.6454
v 19.6315 		-26.1841 		38.5599
v 20.1485 		-26.2517 		38.4611
v 20.6805 		-26.2802 		38.3519
v 21.2113 		-26.2688 		38.2358
v 21.725 		-26.2177 		38.1161
v 22.2058 		-26.1286 		37.9965
v 22.6392 		-26.0041 		37.8808
v 23.0119 		-25.848 		37.7723
v 23.3127 		-25.6652 		37.6744
v 23.5324 		-25.461 		37.5901
v 23.6643 		-25.2418 		37.5219
v 23.7045 		-25.0141 		37.4719
v 23.6517 		-24.785 		37.4416
v 23.5075 		-24.5614 		37.4319
v 23.2763 		-24.35 		37.4432
v 22.9651 		-24.1573 		37.4751
v 22.5834 		-23.9891 		37.5265
v 22.1427 		-23.8506 		37.5961
v 21.6566 		-23.7459 		37.6815
v 21.1396 		-23.6783 		37.7803
v 20.6076 		-23.6498 		37.8895
v 20.0767 		-23.6613 		38.0057
v 19.5631 		-23.7123 		38.1254
v 19.0823 		-23.8015 		38.2449
v 18.6489 		-23.926 		38.3607
v 18.2762 		-24.082 		38.4691
v 17.9754 		-24.2649 		38.567
v 17.7557 		-24.469 		38.6514
v 17.6238 		-24.6883 		38.7196
v 17.0647 		-25.0786 		38.2986
v 17.1244 		-25.3377 		38.3328
v 17.2875 		-25.5905 		38.3438
v 17.5489 		-25.8295 		38.331
v 17.9007 		-26.0474 		38.295
v 18.3322 		-26.2375 		38.2368
v 18.8303 		-26.3941 		38.1582
v 19.38 		-26.5124 		38.0616
v 19.9644 		-26.5888 		37.9499
v 20.5658 		-26.621 		37.8265
v 21.166 		-26.6081 		37.6951
v 21.7467 		-26.5503 		37.5598
v 22.2902 		-26.4496 		37.4247
v 22.7801 		-26.3088 		37.2938
v 23.2015 		-26.1324 		37.1712
v 23.5415 		-25.9257 		37.0605
v 23.7899 		-25.6949 		36.9652
v 23.9391 		-25.447 		36.8881
v 23.9845 		-25.1897 		36.8315
v 23.9248 		-24.9307 		36.7973
v 23.7618 		-24.6778 		36.7864
v 23.5004 		-24.4388 		36.7991
v 23.1486 		-24.221 		36.8351
v 22.717 		-24.0309 		36.8933
v 22.2189 		-23.8743 		36.9719
v 21.6693 		-23.756 		37.0686
v 21.0849 		-23.6795 		37.1803
v 20.4834 		-23.6473 		37.3037
v 19.8833 		-23.6603 		37.435
v 19.3026 		-23.718 		37.5703
v 18.759 		-23.8187 		37.7055
v 18.2691 		-23.9595 		37.8363
v 17.8477 		-24.1359 		37.959
v 17.5077 		-24.3427 		38.0696
v 17.2593 		-24.5735 		38.165
v 17.1102 		-24.8213 		38.2421
v 16.6383 		-25.261 		37.7462
v 16.7031 		-25.5421 		37.7834
v 16.88 		-25.8165 		37.7952
v 17.1636 		-26.0758 		37.7814
v 17.5453 		-26.3122 		37.7423
v 18.0136 		-26.5185 		37.6792
v 18.5541 		-26.6884 		37.5939
v 19.1505 		-26.8167 		37.489
v 19.7846 		-26.8997 		37.3678
v 20.4372 		-26.9346 		37.2339
v 21.0884 		-26.9206 		37.0914
v 21.7185 		-26.8579 		36.9446
v 22.3083 		-26.7486 		36.798
v 22.8399 		-26.5959 		36.656
v 23.2971 		-26.4045 		36.5229
v 23.666 		-26.1801 		36.4028
v 23.9355 		-25.9297 		36.2994
v 24.0974 		-25.6608 		36.2157
v 24.1467 		-25.3815 		36.1544
v 24.0819 		-25.1005 		36.1172
v 23.905 		-24.8261 		36.1054
v 23.6214 		-24.5668 		36.1192
v 23.2396 		-24.3304 		36.1583
v 22.7714 		-24.1241 		36.2214
v 22.2309 		-23.9542 		36.3067
v 21.6345 		-23.8259 		36.4116
v 21.0004 		-23.7429 		36.5328
v 20.3478 		-23.708 		36.6667
v 19.6966 		-23.722 		36.8092
v 19.0665 		-23.7847 		36.956
v 18.4767 		-23.894 		37.1026
v 17.9451 		-24.0467 		37.2446
v 17.4879 		-24.2381 		37.3777
v 17.1189 		-24.4625 		37.4978
v 16.8494 		-24.7129 		37.6012
v 16.6876 		-24.9818 		37.6849
v 16.3172 		-25.4576 		37.1292
v 16.3851 		-25.7522 		37.1682
v 16.5705 		-26.0397 		37.1806
v 16.8678 		-26.3115 		37.1661
v 17.2678 		-26.5592 		37.1251
v 17.7585 		-26.7754 		37.059
v 18.325 		-26.9534 		36.9696
v 18.95 		-27.088 		36.8597
v 19.6146 		-27.1749 		36.7327
v 20.2985 		-27.2115 		36.5923
v 20.981 		-27.1968 		36.443
v 21.6413 		-27.1312 		36.2891
v 22.2594 		-27.0166 		36.1354
v 22.8165 		-26.8565 		35.9866
v 23.2957 		-26.6559 		35.8472
v 23.6824 		-26.4208 		35.7213
v 23.9648 		-26.1584 		35.6129
v 24.1344 		-25.8765 		35.5252
v 24.1861 		-25.5839 		35.4609
v 24.1182 		-25.2893 		35.422
v 23.9328 		-25.0018 		35.4096
v 23.6356 		-24.73 		35.4241
v 23.2355 		-24.4823 		35.465
v 22.7448 		-24.2661 		35.5312
v 22.1783 		-24.088 		35.6206
v 21.5533 		-23.9535 		35.7305
v 20.8888 		-23.8666 		35.8575
v 20.2048 		-23.8299 		35.9978
v 19.5224 		-23.8447 		36.1472
v 18.862 		-23.9103 		36.3011
v 18.2439 		-24.0249 		36.4547
v 17.6868 		-24.1849 		36.6035
v 17.2076 		-24.3856 		36.743
v 16.8209 		-24.6207 		36.8688
v 16.5385 		-24.8831 		36.9772
v 16.3689 		-25.165 		37.0649
v 16.1113 		-25.6623 		36.4663
v 16.1803 		-25.9614 		36.5059
v 16.3685 		-26.2534 		36.5185
v 16.6703 		-26.5293 		36.5038
v 17.0765 		-26.7809 		36.4622
v 17.5748 		-27.0004 		36.395
v 18.15 		-27.1812 		36.3042
v 18.7847 		-27.3178 		36.1927
v 19.4595 		-27.4061 		36.0637
v 20.154 		-27.4433 		35.9212
v 20.847 		-27.4284 		35.7695
v 21.5175 		-27.3617 		35.6133
v 22.1452 		-27.2453 		35.4572
v 22.7109 		-27.0828 		35.3061
v 23.1974 		-26.8791 		35.1645
v 23.5901 		-26.6404 		35.0367
v 23.8769 		-26.3739 		34.9266
v 24.0491 		-26.0877 		34.8376
v 24.1016 		-25.7905 		34.7723
v 24.0326 		-25.4914 		34.7328
v 23.8444 		-25.1995 		34.7202
v 23.5425 		-24.9235 		34.7349
v 23.1363 		-24.672 		34.7765
v 22.638 		-24.4524 		34.8437
v 22.0628 		-24.2716 		34.9344
v 21.4282 		-24.135 		35.046
v 20.7534 		-24.0468 		35.175
v 20.0589 		-24.0096 		35.3175
v 19.3659 		-24.0245 		35.4692
v 18.6953 		-24.0912 		35.6254
v 18.0677 		-24.2075 		35.7814
v 17.502 		-24.37 		35.9326
v 17.0154 		-24.5737 		36.0742
v 16.6228 		-24.8125 		36.2019
v 16.336 		-25.079 		36.312
v 16.1637 		-25.3652 		36.4011
v 16.0268 		-25.869 		35.7777
v 16.0947 		-26.1635 		35.8167
v 16.2801 		-26.4511 		35.8291
v 16.5773 		-26.7228 		35.8146
v 16.9773 		-26.9706 		35.7736
v 17.4681 		-27.1868 		35.7075
v 18.0345 		-27.3648 		35.6181
v 18.6595 		-27.4993 		35.5082
v 19.3241 		-27.5863 		35.3812
v 20.008 		-27.6229 		35.2408
v 20.6905 		-27.6082 		35.0915
v 21.3508 		-27.5425 		34.9376
v 21.969 		-27.428 		34.7839
v 22.5261 		-27.2679 		34.6351
v 23.0052 		-27.0673 		34.4957
v 23.3919 		-26.8322 		34.3698
v 23.6744 		-26.5697 		34.2614
v 23.844 		-26.2879 		34.1737
v 23.8956 		-25.9953 		34.1095
v 23.8277 		-25.7007 		34.0705
v 23.6423 		-25.4132 		34.0581
v 23.3451 		-25.1414 		34.0726
v 22.945 		-24.8937 		34.1135
v 22.4543 		-24.6775 		34.1797
v 21.8879 		-24.4994 		34.2691
v 21.2629 		-24.3649 		34.379
v 20.5983 		-24.278 		34.506
v 19.9144 		-24.2413 		34.6463
v 19.2319 		-24.2561 		34.7957
v 18.5715 		-24.3217 		34.9496
v 17.9534 		-24.4363 		35.1032
v 17.3963 		-24.5963 		35.2521
v 16.9172 		-24.7969 		35.3915
v 16.5305 		-25.032 		35.5173
v 16.248 		-25.2945 		35.6258
v 16.0784 		-25.5763 		35.7134
v 16.0662 		-26.0713 		35.0843
v 16.131 		-26.3524 		35.1215
v 16.3079 		-26.6267 		35.1333
v 16.5915 		-26.8861 		35.1195
v 16.9732 		-27.1224 		35.0804
v 17.4414 		-27.3287 		35.0173
v 17.982 		-27.4986 		34.932
v 18.5783 		-27.627 		34.8271
v 19.2125 		-27.7099 		34.7059
v 19.865 		-27.7449 		34.572
v 20.5163 		-27.7308 		34.4295
v 21.1464 		-27.6682 		34.2827
v 21.7362 		-27.5589 		34.136
v 22.2677 		-27.4062 		33.994
v 22.725 		-27.2147 		33.861
v 23.0939 		-26.9904 		33.7409
v 23.3634 		-26.74 		33.6375
v 23.5253 		-26.471 		33.5538
v 23.5746 		-26.1918 		33.4925
v 23.5098 		-25.9107 		33.4553
v 23.3329 		-25.6364 		33.4434
v 23.0493 		-25.3771 		33.4573
v 22.6675 		-25.1407 		33.4963
v 22.1993 		-24.9344 		33.5595
v 21.6588 		-24.7645 		33.6448
v 21.0624 		-24.6361 		33.7496
v 20.4283 		-24.5532 		33.8708
v 19.7757 		-24.5182 		34.0047
v 19.1245 		-24.5323 		34.1473
v 18.4944 		-24.5949 		34.2941
v 17.9046 		-24.7043 		34.4407
v 17.373 		-24.857 		34.5827
v 16.9158 		-25.0484 		34.7158
v 16.5468 		-25.2727 		34.8358
v 16.2773 		-25.5232 		34.9393
v 16.1155 		-25.7921 		35.0229
v 16.2284 		-26.2632 		34.4071
v 16.2881 		-26.5222 		34.4414
v 16.4511 		-26.7751 		34.4523
v 16.7125 		-27.014 		34.4395
v 17.0643 		-27.2319 		34.4035
v 17.4958 		-27.422 		34.3453
v 17.994 		-27.5786 		34.2667
v 18.5436 		-27.6969 		34.1701
v 19.128 		-27.7733 		34.0584
v 19.7294 		-27.8056 		33.935
v 20.3296 		-27.7926 		33.8036
v 20.9103 		-27.7349 		33.6683
v 21.4538 		-27.6341 		33.5332
v 21.9437 		-27.4934 		33.4023
v 22.3651 		-27.317 		33.2797
v 22.7052 		-27.1102 		33.169
v 22.9535 		-26.8794 		33.0737
v 23.1027 		-26.6316 		32.9966
v 23.1481 		-26.3742 		32.9401
v 23.0884 		-26.1152 		32.9058
v 22.9254 		-25.8623 		32.8949
v 22.664 		-25.6233 		32.9077
v 22.3122 		-25.4055 		32.9437
v 21.8807 		-25.2154 		33.0019
v 21.3825 		-25.0588 		33.0805
v 20.8329 		-24.9405 		33.1771
v 20.2485 		-24.8641 		33.2888
v 19.6471 		-24.8318 		33.4122
v 19.0469 		-24.8448 		33.5436
v 18.4662 		-24.9025 		33.6788
v 17.9226 		-25.0033 		33.814
v 17.4327 		-25.144 		33.9449
v 17.0114 		-25.3204 		34.0675
v 16.6713 		-25.5272 		34.1782
v 16.4229 		-25.758 		34.2735
v 16.2738 		-26.0058 		34.3506
v 16.5084 		-26.4387 		33.7668
v 16.5612 		-26.6678 		33.7971
v 16.7054 		-26.8915 		33.8067
v 16.9366 		-27.1029 		33.7955
v 17.2478 		-27.2956 		33.7636
v 17.6295 		-27.4638 		33.7121
v 18.0701 		-27.6023 		33.6426
v 18.5563 		-27.7069 		33.5571
v 19.0732 		-27.7745 		33.4583
v 19.6052 		-27.803 		33.3492
v 20.1361 		-27.7916 		33.233
v 20.6498 		-27.7405 		33.1133
v 21.1306 		-27.6514 		32.9938
v 21.5639 		-27.5269 		32.878
v 21.9367 		-27.3708 		32.7695
v 22.2374 		-27.188 		32.6716
v 22.4571 		-26.9838 		32.5873
v 22.5891 		-26.7646 		32.5191
v 22.6293 		-26.5369 		32.4691
v 22.5764 		-26.3078 		32.4388
v 22.4322 		-26.0842 		32.4292
v 22.201 		-25.8728 		32.4404
v 21.8898 		-25.6801 		32.4723
v 21.5081 		-25.5119 		32.5238
v 21.0675 		-25.3734 		32.5933
v 20.5813 		-25.2687 		32.6788
v 20.0644 		-25.2011 		32.7776
v 19.5324 		-25.1726 		32.8867
v 19.0015 		-25.1841 		33.0029
v 18.4879 		-25.2351 		33.1226
v 18.0071 		-25.3243 		33.2421
v 17.5737 		-25.4488 		33.3579
v 17.201 		-25.6048 		33.4664
v 16.9002 		-25.7877 		33.5642
v 16.6805 		-25.9919 		33.6486
v 16.5485 		-26.2111 		33.7168
v 16.8977 		-26.5926 		33.1827
v 16.942 		-26.7849 		33.2082
v 17.063 		-26.9726 		33.2163
v 17.257 		-27.1499 		33.2068
v 17.5182 		-27.3116 		33.1801
v 17.8384 		-27.4527 		33.1369
v 18.2082 		-27.569 		33.0785
v 18.6161 		-27.6568 		33.0068
v 19.0499 		-27.7135 		32.9239
v 19.4963 		-27.7374 		32.8323
v 19.9418 		-27.7278 		32.7348
v 20.3728 		-27.685 		32.6344
v 20.7762 		-27.6102 		32.5341
v 21.1398 		-27.5057 		32.437
v 21.4526 		-27.3748 		32.3459
v 21.705 		-27.2213 		32.2638
v 21.8893 		-27.05 		32.193
v 22 		-26.8661 		32.1358
v 22.0337 		-26.675 		32.0939
v 21.9894 		-26.4828 		32.0684
v 21.8684 		-26.2951 		32.0603
v 21.6744 		-26.1177 		32.0698
v 21.4133 		-25.956 		32.0965
v 21.093 		-25.8149 		32.1397
v 20.7233 		-25.6987 		32.1981
v 20.3153 		-25.6109 		32.2698
v 19.8816 		-25.5542 		32.3527
v 19.4352 		-25.5302 		32.4443
v 18.9897 		-25.5399 		32.5418
v 18.5587 		-25.5827 		32.6422
v 18.1553 		-25.6575 		32.7425
v 17.7916 		-25.7619 		32.8396
v 17.4789 		-25.8929 		32.9307
v 17.2265 		-26.0463 		33.0128
v 17.0421 		-26.2177 		33.0835
v 16.9314 		-26.4016 		33.1408
v 17.3845 		-26.7202 		32.6727
v 17.419 		-26.8698 		32.6925
v 17.5131 		-27.0157 		32.6988
v 17.6641 		-27.1537 		32.6914
v 17.8672 		-27.2795 		32.6706
v 18.1163 		-27.3893 		32.6371
v 18.4039 		-27.4797 		32.5917
v 18.7212 		-27.548 		32.5359
v 19.0586 		-27.5921 		32.4714
v 19.4059 		-27.6107 		32.4001
v 19.7524 		-27.6032 		32.3243
v 20.0876 		-27.5699 		32.2462
v 20.4015 		-27.5117 		32.1682
v 20.6843 		-27.4305 		32.0926
v 20.9276 		-27.3286 		32.0218
v 21.1239 		-27.2092 		31.9579
v 21.2673 		-27.076 		31.9029
v 21.3534 		-26.9329 		31.8584
v 21.3797 		-26.7843 		31.8257
v 21.3452 		-26.6348 		31.8059
v 21.2511 		-26.4888 		31.7996
v 21.1002 		-26.3508 		31.807
v 20.897 		-26.225 		31.8278
v 20.6479 		-26.1153 		31.8614
v 20.3603 		-26.0249 		31.9068
v 20.043 		-25.9566 		31.9626
v 19.7056 		-25.9124 		32.0271
v 19.3583 		-25.8938 		32.0983
v 19.0118 		-25.9013 		32.1741
v 18.6766 		-25.9346 		32.2523
v 18.3627 		-25.9928 		32.3303
v 18.0799 		-26.0741 		32.4058
v 17.8366 		-26.1759 		32.4766
v 17.6403 		-26.2953 		32.5405
v 17.4969 		-26.4285 		32.5956
v 17.4108 		-26.5716 		32.6401
v 17.9541 		-26.8176 		32.2522
v 17.9777 		-26.9199 		32.2658
v 18.042 		-27.0198 		32.2701
v 18.1453 		-27.1141 		32.265
v 18.2842 		-27.2002 		32.2508
v 18.4546 		-27.2753 		32.2278
v 18.6514 		-27.3371 		32.1968
v 18.8684 		-27.3838 		32.1586
v 19.0992 		-27.414 		32.1145
v 19.3368 		-27.4267 		32.0658
v 19.5738 		-27.4216 		32.0139
v 19.8031 		-27.3988 		31.9605
v 20.0178 		-27.359 		31.9071
v 20.2113 		-27.3034 		31.8554
v 20.3777 		-27.2338 		31.807
v 20.512 		-27.1521 		31.7633
v 20.6101 		-27.061 		31.7256
v 20.669 		-26.9631 		31.6952
v 20.6869 		-26.8615 		31.6729
v 20.6633 		-26.7592 		31.6593
v 20.5989 		-26.6593 		31.655
v 20.4957 		-26.5649 		31.6601
v 20.3568 		-26.4789 		31.6743
v 20.1864 		-26.4038 		31.6973
v 19.9896 		-26.342 		31.7283
v 19.7726 		-26.2952 		31.7665
v 19.5418 		-26.265 		31.8106
v 19.3042 		-26.2523 		31.8593
v 19.0672 		-26.2574 		31.9112
v 18.8379 		-26.2802 		31.9646
v 18.6232 		-26.32 		32.018
v 18.4297 		-26.3756 		32.0697
v 18.2633 		-26.4453 		32.1181
v 18.129 		-26.5269 		32.1618
v 18.0309 		-26.6181 		32.1995
v 17.972 		-26.716 		32.2299
v 18.589 		-26.8818 		31.9341
v 18.601 		-26.9338 		31.9409
v 18.6337 		-26.9845 		31.9431
v 18.6861 		-27.0324 		31.9406
v 18.7566 		-27.0761 		31.9333
v 18.8432 		-27.1142 		31.9217
v 18.943 		-27.1456 		31.9059
v 19.0532 		-27.1693 		31.8865
v 19.1704 		-27.1846 		31.8641
v 19.291 		-27.1911 		31.8394
v 19.4114 		-27.1885 		31.8131
v 19.5278 		-27.1769 		31.7859
v 19.6368 		-27.1567 		31.7588
v 19.735 		-27.1285 		31.7326
v 19.8195 		-27.0931 		31.708
v 19.8877 		-27.0517 		31.6858
v 19.9375 		-27.0054 		31.6667
v 19.9674 		-26.9557 		31.6512
v 19.9765 		-26.9041 		31.6399
v 19.9645 		-26.8522 		31.633
v 19.9318 		-26.8015 		31.6308
v 19.8794 		-26.7535 		31.6334
v 19.8089 		-26.7099 		31.6406
v 19.7224 		-26.6717 		31.6523
v 19.6225 		-26.6403 		31.6681
v 19.5123 		-26.6166 		31.6874
v 19.3951 		-26.6013 		31.7098
v 19.2745 		-26.5948 		31.7346
v 19.1542 		-26.5974 		31.7609
v 19.0377 		-26.609 		31.788
v 18.9287 		-26.6292 		31.8151
v 18.8305 		-26.6574 		31.8414
v 18.746 		-26.6928 		31.866
v 18.6778 		-26.7343 		31.8882
v 18.628 		-26.7805 		31.9073
v 18.5981 		-26.8302 		31.9227
v 19.2701 		-26.911 		31.7279
# 614 vertices

g group_8_2829873

usemtl color_2829873
s 0

f 4303 	4304 	4305
f 4303 	4305 	4306
f 4303 	4306 	4307
f 4303 	4307 	4308
f 4303 	4308 	4309
f 4303 	4309 	4310
f 4303 	4310 	4311
f 4303 	4311 	4312
f 4303 	4312 	4313
f 4303 	4313 	4314
f 4303 	4314 	4315
f 4303 	4315 	4316
f 4303 	4316 	4317
f 4303 	4317 	4318
f 4303 	4318 	4319
f 4303 	4319 	4320
f 4303 	4320 	4321
f 4303 	4321 	4322
f 4303 	4322 	4323
f 4303 	4323 	4324
f 4303 	4324 	4325
f 4303 	4325 	4326
f 4303 	4326 	4327
f 4303 	4327 	4328
f 4303 	4328 	4329
f 4303 	4329 	4330
f 4303 	4330 	4331
f 4303 	4331 	4332
f 4303 	4332 	4333
f 4303 	4333 	4334
f 4303 	4334 	4335
f 4303 	4335 	4336
f 4303 	4336 	4337
f 4303 	4337 	4338
f 4303 	4338 	4339
f 4303 	4339 	4304
f 4305 	4304 	4341
f 4304 	4340 	4341
f 4306 	4305 	4342
f 4305 	4341 	4342
f 4307 	4306 	4343
f 4306 	4342 	4343
f 4308 	4307 	4344
f 4307 	4343 	4344
f 4309 	4308 	4345
f 4308 	4344 	4345
f 4310 	4309 	4346
f 4309 	4345 	4346
f 4311 	4310 	4347
f 4310 	4346 	4347
f 4312 	4311 	4348
f 4311 	4347 	4348
f 4313 	4312 	4349
f 4312 	4348 	4349
f 4314 	4313 	4350
f 4313 	4349 	4350
f 4315 	4314 	4351
f 4314 	4350 	4351
f 4316 	4315 	4352
f 4315 	4351 	4352
f 4317 	4316 	4353
f 4316 	4352 	4353
f 4318 	4317 	4354
f 4317 	4353 	4354
f 4319 	4318 	4355
f 4318 	4354 	4355
f 4320 	4319 	4356
f 4319 	4355 	4356
f 4321 	4320 	4357
f 4320 	4356 	4357
f 4322 	4321 	4358
f 4321 	4357 	4358
f 4323 	4322 	4359
f 4322 	4358 	4359
f 4324 	4323 	4360
f 4323 	4359 	4360
f 4325 	4324 	4361
f 4324 	4360 	4361
f 4326 	4325 	4362
f 4325 	4361 	4362
f 4327 	4326 	4363
f 4326 	4362 	4363
f 4328 	4327 	4364
f 4327 	4363 	4364
f 4329 	4328 	4365
f 4328 	4364 	4365
f 4330 	4329 	4366
f 4329 	4365 	4366
f 4331 	4330 	4367
f 4330 	4366 	4367
f 4332 	4331 	4368
f 4331 	4367 	4368
f 4333 	4332 	4369
f 4332 	4368 	4369
f 4334 	4333 	4370
f 4333 	4369 	4370
f 4335 	4334 	4371
f 4334 	4370 	4371
f 4336 	4335 	4372
f 4335 	4371 	4372
f 4337 	4336 	4373
f 4336 	4372 	4373
f 4338 	4337 	4374
f 4337 	4373 	4374
f 4339 	4338 	4375
f 4338 	4374 	4375
f 4304 	4339 	4340
f 4339 	4375 	4340
f 4341 	4340 	4377
f 4340 	4376 	4377
f 4342 	4341 	4378
f 4341 	4377 	4378
f 4343 	4342 	4379
f 4342 	4378 	4379
f 4344 	4343 	4380
f 4343 	4379 	4380
f 4345 	4344 	4381
f 4344 	4380 	4381
f 4346 	4345 	4382
f 4345 	4381 	4382
f 4347 	4346 	4383
f 4346 	4382 	4383
f 4348 	4347 	4384
f 4347 	4383 	4384
f 4349 	4348 	4385
f 4348 	4384 	4385
f 4350 	4349 	4386
f 4349 	4385 	4386
f 4351 	4350 	4387
f 4350 	4386 	4387
f 4352 	4351 	4388
f 4351 	4387 	4388
f 4353 	4352 	4389
f 4352 	4388 	4389
f 4354 	4353 	4390
f 4353 	4389 	4390
f 4355 	4354 	4391
f 4354 	4390 	4391
f 4356 	4355 	4392
f 4355 	4391 	4392
f 4357 	4356 	4393
f 4356 	4392 	4393
f 4358 	4357 	4394
f 4357 	4393 	4394
f 4359 	4358 	4395
f 4358 	4394 	4395
f 4360 	4359 	4396
f 4359 	4395 	4396
f 4361 	4360 	4397
f 4360 	4396 	4397
f 4362 	4361 	4398
f 4361 	4397 	4398
f 4363 	4362 	4399
f 4362 	4398 	4399
f 4364 	4363 	4400
f 4363 	4399 	4400
f 4365 	4364 	4401
f 4364 	4400 	4401
f 4366 	4365 	4402
f 4365 	4401 	4402
f 4367 	4366 	4403
f 4366 	4402 	4403
f 4368 	4367 	4404
f 4367 	4403 	4404
f 4369 	4368 	4405
f 4368 	4404 	4405
f 4370 	4369 	4406
f 4369 	4405 	4406
f 4371 	4370 	4407
f 4370 	4406 	4407
f 4372 	4371 	4408
f 4371 	4407 	4408
f 4373 	4372 	4409
f 4372 	4408 	4409
f 4374 	4373 	4410
f 4373 	4409 	4410
f 4375 	4374 	4411
f 4374 	4410 	4411
f 4340 	4375 	4376
f 4375 	4411 	4376
f 4377 	4376 	4413
f 4376 	4412 	4413
f 4378 	4377 	4414
f 4377 	4413 	4414
f 4379 	4378 	4415
f 4378 	4414 	4415
f 4380 	4379 	4416
f 4379 	4415 	4416
f 4381 	4380 	4417
f 4380 	4416 	4417
f 4382 	4381 	4418
f 4381 	4417 	4418
f 4383 	4382 	4419
f 4382 	4418 	4419
f 4384 	4383 	4420
f 4383 	4419 	4420
f 4385 	4384 	4421
f 4384 	4420 	4421
f 4386 	4385 	4422
f 4385 	4421 	4422
f 4387 	4386 	4423
f 4386 	4422 	4423
f 4388 	4387 	4424
f 4387 	4423 	4424
f 4389 	4388 	4425
f 4388 	4424 	4425
f 4390 	4389 	4426
f 4389 	4425 	4426
f 4391 	4390 	4427
f 4390 	4426 	4427
f 4392 	4391 	4428
f 4391 	4427 	4428
f 4393 	4392 	4429
f 4392 	4428 	4429
f 4394 	4393 	4430
f 4393 	4429 	4430
f 4395 	4394 	4431
f 4394 	4430 	4431
f 4396 	4395 	4432
f 4395 	4431 	4432
f 4397 	4396 	4433
f 4396 	4432 	4433
f 4398 	4397 	4434
f 4397 	4433 	4434
f 4399 	4398 	4435
f 4398 	4434 	4435
f 4400 	4399 	4436
f 4399 	4435 	4436
f 4401 	4400 	4437
f 4400 	4436 	4437
f 4402 	4401 	4438
f 4401 	4437 	4438
f 4403 	4402 	4439
f 4402 	4438 	4439
f 4404 	4403 	4440
f 4403 	4439 	4440
f 4405 	4404 	4441
f 4404 	4440 	4441
f 4406 	4405 	4442
f 4405 	4441 	4442
f 4407 	4406 	4443
f 4406 	4442 	4443
f 4408 	4407 	4444
f 4407 	4443 	4444
f 4409 	4408 	4445
f 4408 	4444 	4445
f 4410 	4409 	4446
f 4409 	4445 	4446
f 4411 	4410 	4447
f 4410 	4446 	4447
f 4376 	4411 	4412
f 4411 	4447 	4412
f 4413 	4412 	4449
f 4412 	4448 	4449
f 4414 	4413 	4450
f 4413 	4449 	4450
f 4415 	4414 	4451
f 4414 	4450 	4451
f 4416 	4415 	4452
f 4415 	4451 	4452
f 4417 	4416 	4453
f 4416 	4452 	4453
f 4418 	4417 	4454
f 4417 	4453 	4454
f 4419 	4418 	4455
f 4418 	4454 	4455
f 4420 	4419 	4456
f 4419 	4455 	4456
f 4421 	4420 	4457
f 4420 	4456 	4457
f 4422 	4421 	4458
f 4421 	4457 	4458
f 4423 	4422 	4459
f 4422 	4458 	4459
f 4424 	4423 	4460
f 4423 	4459 	4460
f 4425 	4424 	4461
f 4424 	4460 	4461
f 4426 	4425 	4462
f 4425 	4461 	4462
f 4427 	4426 	4463
f 4426 	4462 	4463
f 4428 	4427 	4464
f 4427 	4463 	4464
f 4429 	4428 	4465
f 4428 	4464 	4465
f 4430 	4429 	4466
f 4429 	4465 	4466
f 4431 	4430 	4467
f 4430 	4466 	4467
f 4432 	4431 	4468
f 4431 	4467 	4468
f 4433 	4432 	4469
f 4432 	4468 	4469
f 4434 	4433 	4470
f 4433 	4469 	4470
f 4435 	4434 	4471
f 4434 	4470 	4471
f 4436 	4435 	4472
f 4435 	4471 	4472
f 4437 	4436 	4473
f 4436 	4472 	4473
f 4438 	4437 	4474
f 4437 	4473 	4474
f 4439 	4438 	4475
f 4438 	4474 	4475
f 4440 	4439 	4476
f 4439 	4475 	4476
f 4441 	4440 	4477
f 4440 	4476 	4477
f 4442 	4441 	4478
f 4441 	4477 	4478
f 4443 	4442 	4479
f 4442 	4478 	4479
f 4444 	4443 	4480
f 4443 	4479 	4480
f 4445 	4444 	4481
f 4444 	4480 	4481
f 4446 	4445 	4482
f 4445 	4481 	4482
f 4447 	4446 	4483
f 4446 	4482 	4483
f 4412 	4447 	4448
f 4447 	4483 	4448
f 4449 	4448 	4485
f 4448 	4484 	4485
f 4450 	4449 	4486
f 4449 	4485 	4486
f 4451 	4450 	4487
f 4450 	4486 	4487
f 4452 	4451 	4488
f 4451 	4487 	4488
f 4453 	4452 	4489
f 4452 	4488 	4489
f 4454 	4453 	4490
f 4453 	4489 	4490
f 4455 	4454 	4491
f 4454 	4490 	4491
f 4456 	4455 	4492
f 4455 	4491 	4492
f 4457 	4456 	4493
f 4456 	4492 	4493
f 4458 	4457 	4494
f 4457 	4493 	4494
f 4459 	4458 	4495
f 4458 	4494 	4495
f 4460 	4459 	4496
f 4459 	4495 	4496
f 4461 	4460 	4497
f 4460 	4496 	4497
f 4462 	4461 	4498
f 4461 	4497 	4498
f 4463 	4462 	4499
f 4462 	4498 	4499
f 4464 	4463 	4500
f 4463 	4499 	4500
f 4465 	4464 	4501
f 4464 	4500 	4501
f 4466 	4465 	4502
f 4465 	4501 	4502
f 4467 	4466 	4503
f 4466 	4502 	4503
f 4468 	4467 	4504
f 4467 	4503 	4504
f 4469 	4468 	4505
f 4468 	4504 	4505
f 4470 	4469 	4506
f 4469 	4505 	4506
f 4471 	4470 	4507
f 4470 	4506 	4507
f 4472 	4471 	4508
f 4471 	4507 	4508
f 4473 	4472 	4509
f 4472 	4508 	4509
f 4474 	4473 	4510
f 4473 	4509 	4510
f 4475 	4474 	4511
f 4474 	4510 	4511
f 4476 	4475 	4512
f 4475 	4511 	4512
f 4477 	4476 	4513
f 4476 	4512 	4513
f 4478 	4477 	4514
f 4477 	4513 	4514
f 4479 	4478 	4515
f 4478 	4514 	4515
f 4480 	4479 	4516
f 4479 	4515 	4516
f 4481 	4480 	4517
f 4480 	4516 	4517
f 4482 	4481 	4518
f 4481 	4517 	4518
f 4483 	4482 	4519
f 4482 	4518 	4519
f 4448 	4483 	4484
f 4483 	4519 	4484
f 4485 	4484 	4521
f 4484 	4520 	4521
f 4486 	4485 	4522
f 4485 	4521 	4522
f 4487 	4486 	4523
f 4486 	4522 	4523
f 4488 	4487 	4524
f 4487 	4523 	4524
f 4489 	4488 	4525
f 4488 	4524 	4525
f 4490 	4489 	4526
f 4489 	4525 	4526
f 4491 	4490 	4527
f 4490 	4526 	4527
f 4492 	4491 	4528
f 4491 	4527 	4528
f 4493 	4492 	4529
f 4492 	4528 	4529
f 4494 	4493 	4530
f 4493 	4529 	4530
f 4495 	4494 	4531
f 4494 	4530 	4531
f 4496 	4495 	4532
f 4495 	4531 	4532
f 4497 	4496 	4533
f 4496 	4532 	4533
f 4498 	4497 	4534
f 4497 	4533 	4534
f 4499 	4498 	4535
f 4498 	4534 	4535
f 4500 	4499 	4536
f 4499 	4535 	4536
f 4501 	4500 	4537
f 4500 	4536 	4537
f 4502 	4501 	4538
f 4501 	4537 	4538
f 4503 	4502 	4539
f 4502 	4538 	4539
f 4504 	4503 	4540
f 4503 	4539 	4540
f 4505 	4504 	4541
f 4504 	4540 	4541
f 4506 	4505 	4542
f 4505 	4541 	4542
f 4507 	4506 	4543
f 4506 	4542 	4543
f 4508 	4507 	4544
f 4507 	4543 	4544
f 4509 	4508 	4545
f 4508 	4544 	4545
f 4510 	4509 	4546
f 4509 	4545 	4546
f 4511 	4510 	4547
f 4510 	4546 	4547
f 4512 	4511 	4548
f 4511 	4547 	4548
f 4513 	4512 	4549
f 4512 	4548 	4549
f 4514 	4513 	4550
f 4513 	4549 	4550
f 4515 	4514 	4551
f 4514 	4550 	4551
f 4516 	4515 	4552
f 4515 	4551 	4552
f 4517 	4516 	4553
f 4516 	4552 	4553
f 4518 	4517 	4554
f 4517 	4553 	4554
f 4519 	4518 	4555
f 4518 	4554 	4555
f 4484 	4519 	4520
f 4519 	4555 	4520
f 4521 	4520 	4557
f 4520 	4556 	4557
f 4522 	4521 	4558
f 4521 	4557 	4558
f 4523 	4522 	4559
f 4522 	4558 	4559
f 4524 	4523 	4560
f 4523 	4559 	4560
f 4525 	4524 	4561
f 4524 	4560 	4561
f 4526 	4525 	4562
f 4525 	4561 	4562
f 4527 	4526 	4563
f 4526 	4562 	4563
f 4528 	4527 	4564
f 4527 	4563 	4564
f 4529 	4528 	4565
f 4528 	4564 	4565
f 4530 	4529 	4566
f 4529 	4565 	4566
f 4531 	4530 	4567
f 4530 	4566 	4567
f 4532 	4531 	4568
f 4531 	4567 	4568
f 4533 	4532 	4569
f 4532 	4568 	4569
f 4534 	4533 	4570
f 4533 	4569 	4570
f 4535 	4534 	4571
f 4534 	4570 	4571
f 4536 	4535 	4572
f 4535 	4571 	4572
f 4537 	4536 	4573
f 4536 	4572 	4573
f 4538 	4537 	4574
f 4537 	4573 	4574
f 4539 	4538 	4575
f 4538 	4574 	4575
f 4540 	4539 	4576
f 4539 	4575 	4576
f 4541 	4540 	4577
f 4540 	4576 	4577
f 4542 	4541 	4578
f 4541 	4577 	4578
f 4543 	4542 	4579
f 4542 	4578 	4579
f 4544 	4543 	4580
f 4543 	4579 	4580
f 4545 	4544 	4581
f 4544 	4580 	4581
f 4546 	4545 	4582
f 4545 	4581 	4582
f 4547 	4546 	4583
f 4546 	4582 	4583
f 4548 	4547 	4584
f 4547 	4583 	4584
f 4549 	4548 	4585
f 4548 	4584 	4585
f 4550 	4549 	4586
f 4549 	4585 	4586
f 4551 	4550 	4587
f 4550 	4586 	4587
f 4552 	4551 	4588
f 4551 	4587 	4588
f 4553 	4552 	4589
f 4552 	4588 	4589
f 4554 	4553 	4590
f 4553 	4589 	4590
f 4555 	4554 	4591
f 4554 	4590 	4591
f 4520 	4555 	4556
f 4555 	4591 	4556
f 4557 	4556 	4593
f 4556 	4592 	4593
f 4558 	4557 	4594
f 4557 	4593 	4594
f 4559 	4558 	4595
f 4558 	4594 	4595
f 4560 	4559 	4596
f 4559 	4595 	4596
f 4561 	4560 	4597
f 4560 	4596 	4597
f 4562 	4561 	4598
f 4561 	4597 	4598
f 4563 	4562 	4599
f 4562 	4598 	4599
f 4564 	4563 	4600
f 4563 	4599 	4600
f 4565 	4564 	4601
f 4564 	4600 	4601
f 4566 	4565 	4602
f 4565 	4601 	4602
f 4567 	4566 	4603
f 4566 	4602 	4603
f 4568 	4567 	4604
f 4567 	4603 	4604
f 4569 	4568 	4605
f 4568 	4604 	4605
f 4570 	4569 	4606
f 4569 	4605 	4606
f 4571 	4570 	4607
f 4570 	4606 	4607
f 4572 	4571 	4608
f 4571 	4607 	4608
f 4573 	4572 	4609
f 4572 	4608 	4609
f 4574 	4573 	4610
f 4573 	4609 	4610
f 4575 	4574 	4611
f 4574 	4610 	4611
f 4576 	4575 	4612
f 4575 	4611 	4612
f 4577 	4576 	4613
f 4576 	4612 	4613
f 4578 	4577 	4614
f 4577 	4613 	4614
f 4579 	4578 	4615
f 4578 	4614 	4615
f 4580 	4579 	4616
f 4579 	4615 	4616
f 4581 	4580 	4617
f 4580 	4616 	4617
f 4582 	4581 	4618
f 4581 	4617 	4618
f 4583 	4582 	4619
f 4582 	4618 	4619
f 4584 	4583 	4620
f 4583 	4619 	4620
f 4585 	4584 	4621
f 4584 	4620 	4621
f 4586 	4585 	4622
f 4585 	4621 	4622
f 4587 	4586 	4623
f 4586 	4622 	4623
f 4588 	4587 	4624
f 4587 	4623 	4624
f 4589 	4588 	4625
f 4588 	4624 	4625
f 4590 	4589 	4626
f 4589 	4625 	4626
f 4591 	4590 	4627
f 4590 	4626 	4627
f 4556 	4591 	4592
f 4591 	4627 	4592
f 4593 	4592 	4629
f 4592 	4628 	4629
f 4594 	4593 	4630
f 4593 	4629 	4630
f 4595 	4594 	4631
f 4594 	4630 	4631
f 4596 	4595 	4632
f 4595 	4631 	4632
f 4597 	4596 	4633
f 4596 	4632 	4633
f 4598 	4597 	4634
f 4597 	4633 	4634
f 4599 	4598 	4635
f 4598 	4634 	4635
f 4600 	4599 	4636
f 4599 	4635 	4636
f 4601 	4600 	4637
f 4600 	4636 	4637
f 4602 	4601 	4638
f 4601 	4637 	4638
f 4603 	4602 	4639
f 4602 	4638 	4639
f 4604 	4603 	4640
f 4603 	4639 	4640
f 4605 	4604 	4641
f 4604 	4640 	4641
f 4606 	4605 	4642
f 4605 	4641 	4642
f 4607 	4606 	4643
f 4606 	4642 	4643
f 4608 	4607 	4644
f 4607 	4643 	4644
f 4609 	4608 	4645
f 4608 	4644 	4645
f 4610 	4609 	4646
f 4609 	4645 	4646
f 4611 	4610 	4647
f 4610 	4646 	4647
f 4612 	4611 	4648
f 4611 	4647 	4648
f 4613 	4612 	4649
f 4612 	4648 	4649
f 4614 	4613 	4650
f 4613 	4649 	4650
f 4615 	4614 	4651
f 4614 	4650 	4651
f 4616 	4615 	4652
f 4615 	4651 	4652
f 4617 	4616 	4653
f 4616 	4652 	4653
f 4618 	4617 	4654
f 4617 	4653 	4654
f 4619 	4618 	4655
f 4618 	4654 	4655
f 4620 	4619 	4656
f 4619 	4655 	4656
f 4621 	4620 	4657
f 4620 	4656 	4657
f 4622 	4621 	4658
f 4621 	4657 	4658
f 4623 	4622 	4659
f 4622 	4658 	4659
f 4624 	4623 	4660
f 4623 	4659 	4660
f 4625 	4624 	4661
f 4624 	4660 	4661
f 4626 	4625 	4662
f 4625 	4661 	4662
f 4627 	4626 	4663
f 4626 	4662 	4663
f 4592 	4627 	4628
f 4627 	4663 	4628
f 4629 	4628 	4665
f 4628 	4664 	4665
f 4630 	4629 	4666
f 4629 	4665 	4666
f 4631 	4630 	4667
f 4630 	4666 	4667
f 4632 	4631 	4668
f 4631 	4667 	4668
f 4633 	4632 	4669
f 4632 	4668 	4669
f 4634 	4633 	4670
f 4633 	4669 	4670
f 4635 	4634 	4671
f 4634 	4670 	4671
f 4636 	4635 	4672
f 4635 	4671 	4672
f 4637 	4636 	4673
f 4636 	4672 	4673
f 4638 	4637 	4674
f 4637 	4673 	4674
f 4639 	4638 	4675
f 4638 	4674 	4675
f 4640 	4639 	4676
f 4639 	4675 	4676
f 4641 	4640 	4677
f 4640 	4676 	4677
f 4642 	4641 	4678
f 4641 	4677 	4678
f 4643 	4642 	4679
f 4642 	4678 	4679
f 4644 	4643 	4680
f 4643 	4679 	4680
f 4645 	4644 	4681
f 4644 	4680 	4681
f 4646 	4645 	4682
f 4645 	4681 	4682
f 4647 	4646 	4683
f 4646 	4682 	4683
f 4648 	4647 	4684
f 4647 	4683 	4684
f 4649 	4648 	4685
f 4648 	4684 	4685
f 4650 	4649 	4686
f 4649 	4685 	4686
f 4651 	4650 	4687
f 4650 	4686 	4687
f 4652 	4651 	4688
f 4651 	4687 	4688
f 4653 	4652 	4689
f 4652 	4688 	4689
f 4654 	4653 	4690
f 4653 	4689 	4690
f 4655 	4654 	4691
f 4654 	4690 	4691
f 4656 	4655 	4692
f 4655 	4691 	4692
f 4657 	4656 	4693
f 4656 	4692 	4693
f 4658 	4657 	4694
f 4657 	4693 	4694
f 4659 	4658 	4695
f 4658 	4694 	4695
f 4660 	4659 	4696
f 4659 	4695 	4696
f 4661 	4660 	4697
f 4660 	4696 	4697
f 4662 	4661 	4698
f 4661 	4697 	4698
f 4663 	4662 	4699
f 4662 	4698 	4699
f 4628 	4663 	4664
f 4663 	4699 	4664
f 4665 	4664 	4701
f 4664 	4700 	4701
f 4666 	4665 	4702
f 4665 	4701 	4702
f 4667 	4666 	4703
f 4666 	4702 	4703
f 4668 	4667 	4704
f 4667 	4703 	4704
f 4669 	4668 	4705
f 4668 	4704 	4705
f 4670 	4669 	4706
f 4669 	4705 	4706
f 4671 	4670 	4707
f 4670 	4706 	4707
f 4672 	4671 	4708
f 4671 	4707 	4708
f 4673 	4672 	4709
f 4672 	4708 	4709
f 4674 	4673 	4710
f 4673 	4709 	4710
f 4675 	4674 	4711
f 4674 	4710 	4711
f 4676 	4675 	4712
f 4675 	4711 	4712
f 4677 	4676 	4713
f 4676 	4712 	4713
f 4678 	4677 	4714
f 4677 	4713 	4714
f 4679 	4678 	4715
f 4678 	4714 	4715
f 4680 	4679 	4716
f 4679 	4715 	4716
f 4681 	4680 	4717
f 4680 	4716 	4717
f 4682 	4681 	4718
f 4681 	4717 	4718
f 4683 	4682 	4719
f 4682 	4718 	4719
f 4684 	4683 	4720
f 4683 	4719 	4720
f 4685 	4684 	4721
f 4684 	4720 	4721
f 4686 	4685 	4722
f 4685 	4721 	4722
f 4687 	4686 	4723
f 4686 	4722 	4723
f 4688 	4687 	4724
f 4687 	4723 	4724
f 4689 	4688 	4725
f 4688 	4724 	4725
f 4690 	4689 	4726
f 4689 	4725 	4726
f 4691 	4690 	4727
f 4690 	4726 	4727
f 4692 	4691 	4728
f 4691 	4727 	4728
f 4693 	4692 	4729
f 4692 	4728 	4729
f 4694 	4693 	4730
f 4693 	4729 	4730
f 4695 	4694 	4731
f 4694 	4730 	4731
f 4696 	4695 	4732
f 4695 	4731 	4732
f 4697 	4696 	4733
f 4696 	4732 	4733
f 4698 	4697 	4734
f 4697 	4733 	4734
f 4699 	4698 	4735
f 4698 	4734 	4735
f 4664 	4699 	4700
f 4699 	4735 	4700
f 4701 	4700 	4737
f 4700 	4736 	4737
f 4702 	4701 	4738
f 4701 	4737 	4738
f 4703 	4702 	4739
f 4702 	4738 	4739
f 4704 	4703 	4740
f 4703 	4739 	4740
f 4705 	4704 	4741
f 4704 	4740 	4741
f 4706 	4705 	4742
f 4705 	4741 	4742
f 4707 	4706 	4743
f 4706 	4742 	4743
f 4708 	4707 	4744
f 4707 	4743 	4744
f 4709 	4708 	4745
f 4708 	4744 	4745
f 4710 	4709 	4746
f 4709 	4745 	4746
f 4711 	4710 	4747
f 4710 	4746 	4747
f 4712 	4711 	4748
f 4711 	4747 	4748
f 4713 	4712 	4749
f 4712 	4748 	4749
f 4714 	4713 	4750
f 4713 	4749 	4750
f 4715 	4714 	4751
f 4714 	4750 	4751
f 4716 	4715 	4752
f 4715 	4751 	4752
f 4717 	4716 	4753
f 4716 	4752 	4753
f 4718 	4717 	4754
f 4717 	4753 	4754
f 4719 	4718 	4755
f 4718 	4754 	4755
f 4720 	4719 	4756
f 4719 	4755 	4756
f 4721 	4720 	4757
f 4720 	4756 	4757
f 4722 	4721 	4758
f 4721 	4757 	4758
f 4723 	4722 	4759
f 4722 	4758 	4759
f 4724 	4723 	4760
f 4723 	4759 	4760
f 4725 	4724 	4761
f 4724 	4760 	4761
f 4726 	4725 	4762
f 4725 	4761 	4762
f 4727 	4726 	4763
f 4726 	4762 	4763
f 4728 	4727 	4764
f 4727 	4763 	4764
f 4729 	4728 	4765
f 4728 	4764 	4765
f 4730 	4729 	4766
f 4729 	4765 	4766
f 4731 	4730 	4767
f 4730 	4766 	4767
f 4732 	4731 	4768
f 4731 	4767 	4768
f 4733 	4732 	4769
f 4732 	4768 	4769
f 4734 	4733 	4770
f 4733 	4769 	4770
f 4735 	4734 	4771
f 4734 	4770 	4771
f 4700 	4735 	4736
f 4735 	4771 	4736
f 4737 	4736 	4773
f 4736 	4772 	4773
f 4738 	4737 	4774
f 4737 	4773 	4774
f 4739 	4738 	4775
f 4738 	4774 	4775
f 4740 	4739 	4776
f 4739 	4775 	4776
f 4741 	4740 	4777
f 4740 	4776 	4777
f 4742 	4741 	4778
f 4741 	4777 	4778
f 4743 	4742 	4779
f 4742 	4778 	4779
f 4744 	4743 	4780
f 4743 	4779 	4780
f 4745 	4744 	4781
f 4744 	4780 	4781
f 4746 	4745 	4782
f 4745 	4781 	4782
f 4747 	4746 	4783
f 4746 	4782 	4783
f 4748 	4747 	4784
f 4747 	4783 	4784
f 4749 	4748 	4785
f 4748 	4784 	4785
f 4750 	4749 	4786
f 4749 	4785 	4786
f 4751 	4750 	4787
f 4750 	4786 	4787
f 4752 	4751 	4788
f 4751 	4787 	4788
f 4753 	4752 	4789
f 4752 	4788 	4789
f 4754 	4753 	4790
f 4753 	4789 	4790
f 4755 	4754 	4791
f 4754 	4790 	4791
f 4756 	4755 	4792
f 4755 	4791 	4792
f 4757 	4756 	4793
f 4756 	4792 	4793
f 4758 	4757 	4794
f 4757 	4793 	4794
f 4759 	4758 	4795
f 4758 	4794 	4795
f 4760 	4759 	4796
f 4759 	4795 	4796
f 4761 	4760 	4797
f 4760 	4796 	4797
f 4762 	4761 	4798
f 4761 	4797 	4798
f 4763 	4762 	4799
f 4762 	4798 	4799
f 4764 	4763 	4800
f 4763 	4799 	4800
f 4765 	4764 	4801
f 4764 	4800 	4801
f 4766 	4765 	4802
f 4765 	4801 	4802
f 4767 	4766 	4803
f 4766 	4802 	4803
f 4768 	4767 	4804
f 4767 	4803 	4804
f 4769 	4768 	4805
f 4768 	4804 	4805
f 4770 	4769 	4806
f 4769 	4805 	4806
f 4771 	4770 	4807
f 4770 	4806 	4807
f 4736 	4771 	4772
f 4771 	4807 	4772
f 4773 	4772 	4809
f 4772 	4808 	4809
f 4774 	4773 	4810
f 4773 	4809 	4810
f 4775 	4774 	4811
f 4774 	4810 	4811
f 4776 	4775 	4812
f 4775 	4811 	4812
f 4777 	4776 	4813
f 4776 	4812 	4813
f 4778 	4777 	4814
f 4777 	4813 	4814
f 4779 	4778 	4815
f 4778 	4814 	4815
f 4780 	4779 	4816
f 4779 	4815 	4816
f 4781 	4780 	4817
f 4780 	4816 	4817
f 4782 	4781 	4818
f 4781 	4817 	4818
f 4783 	4782 	4819
f 4782 	4818 	4819
f 4784 	4783 	4820
f 4783 	4819 	4820
f 4785 	4784 	4821
f 4784 	4820 	4821
f 4786 	4785 	4822
f 4785 	4821 	4822
f 4787 	4786 	4823
f 4786 	4822 	4823
f 4788 	4787 	4824
f 4787 	4823 	4824
f 4789 	4788 	4825
f 4788 	4824 	4825
f 4790 	4789 	4826
f 4789 	4825 	4826
f 4791 	4790 	4827
f 4790 	4826 	4827
f 4792 	4791 	4828
f 4791 	4827 	4828
f 4793 	4792 	4829
f 4792 	4828 	4829
f 4794 	4793 	4830
f 4793 	4829 	4830
f 4795 	4794 	4831
f 4794 	4830 	4831
f 4796 	4795 	4832
f 4795 	4831 	4832
f 4797 	4796 	4833
f 4796 	4832 	4833
f 4798 	4797 	4834
f 4797 	4833 	4834
f 4799 	4798 	4835
f 4798 	4834 	4835
f 4800 	4799 	4836
f 4799 	4835 	4836
f 4801 	4800 	4837
f 4800 	4836 	4837
f 4802 	4801 	4838
f 4801 	4837 	4838
f 4803 	4802 	4839
f 4802 	4838 	4839
f 4804 	4803 	4840
f 4803 	4839 	4840
f 4805 	4804 	4841
f 4804 	4840 	4841
f 4806 	4805 	4842
f 4805 	4841 	4842
f 4807 	4806 	4843
f 4806 	4842 	4843
f 4772 	4807 	4808
f 4807 	4843 	4808
f 4809 	4808 	4845
f 4808 	4844 	4845
f 4810 	4809 	4846
f 4809 	4845 	4846
f 4811 	4810 	4847
f 4810 	4846 	4847
f 4812 	4811 	4848
f 4811 	4847 	4848
f 4813 	4812 	4849
f 4812 	4848 	4849
f 4814 	4813 	4850
f 4813 	4849 	4850
f 4815 	4814 	4851
f 4814 	4850 	4851
f 4816 	4815 	4852
f 4815 	4851 	4852
f 4817 	4816 	4853
f 4816 	4852 	4853
f 4818 	4817 	4854
f 4817 	4853 	4854
f 4819 	4818 	4855
f 4818 	4854 	4855
f 4820 	4819 	4856
f 4819 	4855 	4856
f 4821 	4820 	4857
f 4820 	4856 	4857
f 4822 	4821 	4858
f 4821 	4857 	4858
f 4823 	4822 	4859
f 4822 	4858 	4859
f 4824 	4823 	4860
f 4823 	4859 	4860
f 4825 	4824 	4861
f 4824 	4860 	4861
f 4826 	4825 	4862
f 4825 	4861 	4862
f 4827 	4826 	4863
f 4826 	4862 	4863
f 4828 	4827 	4864
f 4827 	4863 	4864
f 4829 	4828 	4865
f 4828 	4864 	4865
f 4830 	4829 	4866
f 4829 	4865 	4866
f 4831 	4830 	4867
f 4830 	4866 	4867
f 4832 	4831 	4868
f 4831 	4867 	4868
f 4833 	4832 	4869
f 4832 	4868 	4869
f 4834 	4833 	4870
f 4833 	4869 	4870
f 4835 	4834 	4871
f 4834 	4870 	4871
f 4836 	4835 	4872
f 4835 	4871 	4872
f 4837 	4836 	4873
f 4836 	4872 	4873
f 4838 	4837 	4874
f 4837 	4873 	4874
f 4839 	4838 	4875
f 4838 	4874 	4875
f 4840 	4839 	4876
f 4839 	4875 	4876
f 4841 	4840 	4877
f 4840 	4876 	4877
f 4842 	4841 	4878
f 4841 	4877 	4878
f 4843 	4842 	4879
f 4842 	4878 	4879
f 4808 	4843 	4844
f 4843 	4879 	4844
f 4845 	4844 	4881
f 4844 	4880 	4881
f 4846 	4845 	4882
f 4845 	4881 	4882
f 4847 	4846 	4883
f 4846 	4882 	4883
f 4848 	4847 	4884
f 4847 	4883 	4884
f 4849 	4848 	4885
f 4848 	4884 	4885
f 4850 	4849 	4886
f 4849 	4885 	4886
f 4851 	4850 	4887
f 4850 	4886 	4887
f 4852 	4851 	4888
f 4851 	4887 	4888
f 4853 	4852 	4889
f 4852 	4888 	4889
f 4854 	4853 	4890
f 4853 	4889 	4890
f 4855 	4854 	4891
f 4854 	4890 	4891
f 4856 	4855 	4892
f 4855 	4891 	4892
f 4857 	4856 	4893
f 4856 	4892 	4893
f 4858 	4857 	4894
f 4857 	4893 	4894
f 4859 	4858 	4895
f 4858 	4894 	4895
f 4860 	4859 	4896
f 4859 	4895 	4896
f 4861 	4860 	4897
f 4860 	4896 	4897
f 4862 	4861 	4898
f 4861 	4897 	4898
f 4863 	4862 	4899
f 4862 	4898 	4899
f 4864 	4863 	4900
f 4863 	4899 	4900
f 4865 	4864 	4901
f 4864 	4900 	4901
f 4866 	4865 	4902
f 4865 	4901 	4902
f 4867 	4866 	4903
f 4866 	4902 	4903
f 4868 	4867 	4904
f 4867 	4903 	4904
f 4869 	4868 	4905
f 4868 	4904 	4905
f 4870 	4869 	4906
f 4869 	4905 	4906
f 4871 	4870 	4907
f 4870 	4906 	4907
f 4872 	4871 	4908
f 4871 	4907 	4908
f 4873 	4872 	4909
f 4872 	4908 	4909
f 4874 	4873 	4910
f 4873 	4909 	4910
f 4875 	4874 	4911
f 4874 	4910 	4911
f 4876 	4875 	4912
f 4875 	4911 	4912
f 4877 	4876 	4913
f 4876 	4912 	4913
f 4878 	4877 	4914
f 4877 	4913 	4914
f 4879 	4878 	4915
f 4878 	4914 	4915
f 4844 	4879 	4880
f 4879 	4915 	4880
f 4881 	4880 	4916
f 4882 	4881 	4916
f 4883 	4882 	4916
f 4884 	4883 	4916
f 4885 	4884 	4916
f 4886 	4885 	4916
f 4887 	4886 	4916
f 4888 	4887 	4916
f 4889 	4888 	4916
f 4890 	4889 	4916
f 4891 	4890 	4916
f 4892 	4891 	4916
f 4893 	4892 	4916
f 4894 	4893 	4916
f 4895 	4894 	4916
f 4896 	4895 	4916
f 4897 	4896 	4916
f 4898 	4897 	4916
f 4899 	4898 	4916
f 4900 	4899 	4916
f 4901 	4900 	4916
f 4902 	4901 	4916
f 4903 	4902 	4916
f 4904 	4903 	4916
f 4905 	4904 	4916
f 4906 	4905 	4916
f 4907 	4906 	4916
f 4908 	4907 	4916
f 4909 	4908 	4916
f 4910 	4909 	4916
f 4911 	4910 	4916
f 4912 	4911 	4916
f 4913 	4912 	4916
f 4914 	4913 	4916
f 4915 	4914 	4916
f 4880 	4915 	4916
# 1224 faces

 #end of obj_8

o obj_9
v 19.8792 		-25.9485 		38.6919
v 19.7026 		-25.9494 		38.7139
v 19.7067 		-25.9764 		38.7225
v 19.7159 		-26.0027 		38.7296
v 19.73 		-26.0273 		38.7352
v 19.7485 		-26.0497 		38.739
v 19.7709 		-26.069 		38.7409
v 19.7965 		-26.0848 		38.7409
v 19.8245 		-26.0965 		38.739
v 19.8541 		-26.1037 		38.7352
v 19.8843 		-26.1064 		38.7296
v 19.9143 		-26.1042 		38.7224
v 19.9431 		-26.0975 		38.7138
v 19.9699 		-26.0863 		38.7042
v 19.9939 		-26.0709 		38.6937
v 20.0142 		-26.0519 		38.6827
v 20.0304 		-26.0299 		38.6715
v 20.0419 		-26.0054 		38.6605
v 20.0483 		-25.9793 		38.65
v 20.0495 		-25.9523 		38.6404
v 20.0454 		-25.9253 		38.6318
v 20.0362 		-25.899 		38.6247
v 20.0221 		-25.8743 		38.6191
v 20.0036 		-25.852 		38.6153
v 19.9812 		-25.8326 		38.6134
v 19.9556 		-25.8169 		38.6134
v 19.9276 		-25.8052 		38.6153
v 19.898 		-25.7979 		38.6192
v 19.8678 		-25.7953 		38.6247
v 19.8378 		-25.7974 		38.6319
v 19.809 		-25.8042 		38.6405
v 19.7822 		-25.8154 		38.6502
v 19.7583 		-25.8308 		38.6606
v 19.7379 		-25.8498 		38.6716
v 19.7217 		-25.8718 		38.6828
v 19.7103 		-25.8963 		38.6938
v 19.7038 		-25.9224 		38.7043
v 19.525 		-25.955 		38.7057
v 19.533 		-26.0082 		38.7225
v 19.5512 		-26.0599 		38.7366
v 19.5789 		-26.1085 		38.7476
v 19.6154 		-26.1525 		38.7551
v 19.6595 		-26.1906 		38.7589
v 19.7099 		-26.2217 		38.7589
v 19.7651 		-26.2447 		38.755
v 19.8233 		-26.259 		38.7475
v 19.8829 		-26.2641 		38.7365
v 19.942 		-26.26 		38.7224
v 19.9987 		-26.2466 		38.7055
v 20.0515 		-26.2245 		38.6865
v 20.0987 		-26.1943 		38.6658
v 20.1388 		-26.1569 		38.6441
v 20.1706 		-26.1134 		38.6222
v 20.1932 		-26.0653 		38.6005
v 20.2059 		-26.0138 		38.5799
v 20.2082 		-25.9607 		38.5608
v 20.2002 		-25.9074 		38.544
v 20.1821 		-25.8557 		38.5299
v 20.1543 		-25.8071 		38.5189
v 20.1179 		-25.7631 		38.5114
v 20.0737 		-25.725 		38.5076
v 20.0233 		-25.694 		38.5077
v 19.9682 		-25.671 		38.5115
v 19.9099 		-25.6567 		38.519
v 19.8504 		-25.6515 		38.53
v 19.7913 		-25.6557 		38.5442
v 19.7345 		-25.669 		38.561
v 19.6817 		-25.6911 		38.5801
v 19.6346 		-25.7213 		38.6007
v 19.5945 		-25.7587 		38.6224
v 19.5627 		-25.8022 		38.6444
v 19.5401 		-25.8504 		38.666
v 19.5274 		-25.9018 		38.6867
v 19.3518 		-25.965 		38.6675
v 19.3635 		-26.0428 		38.6921
v 19.3901 		-26.1184 		38.7127
v 19.4306 		-26.1895 		38.7287
v 19.4839 		-26.2538 		38.7397
v 19.5484 		-26.3095 		38.7453
v 19.6221 		-26.3549 		38.7452
v 19.7028 		-26.3885 		38.7396
v 19.7879 		-26.4095 		38.7286
v 19.875 		-26.417 		38.7125
v 19.9613 		-26.4109 		38.6918
v 20.0444 		-26.3914 		38.6672
v 20.1215 		-26.3591 		38.6394
v 20.1904 		-26.3149 		38.6092
v 20.2491 		-26.2602 		38.5775
v 20.2956 		-26.1967 		38.5454
v 20.3286 		-26.1263 		38.5137
v 20.3472 		-26.0511 		38.4835
v 20.3506 		-25.9734 		38.4557
v 20.3389 		-25.8956 		38.4311
v 20.3124 		-25.82 		38.4105
v 20.2718 		-25.7489 		38.3945
v 20.2185 		-25.6846 		38.3835
v 20.154 		-25.6289 		38.3779
v 20.0803 		-25.5835 		38.378
v 19.9997 		-25.5498 		38.3836
v 19.9145 		-25.5289 		38.3946
v 19.8275 		-25.5214 		38.4107
v 19.7411 		-25.5275 		38.4314
v 19.6581 		-25.547 		38.456
v 19.5809 		-25.5793 		38.4838
v 19.512 		-25.6235 		38.514
v 19.4534 		-25.6782 		38.5457
v 19.4069 		-25.7417 		38.5778
v 19.3738 		-25.8121 		38.6095
v 19.3553 		-25.8873 		38.6397
v 19.1883 		-25.9793 		38.6004
v 19.2034 		-26.0793 		38.6321
v 19.2375 		-26.1765 		38.6586
v 19.2896 		-26.2678 		38.6792
v 19.3582 		-26.3506 		38.6933
v 19.4411 		-26.4222 		38.7004
v 19.5358 		-26.4805 		38.7004
v 19.6395 		-26.5237 		38.6932
v 19.7489 		-26.5506 		38.679
v 19.8609 		-26.5603 		38.6583
v 19.9719 		-26.5525 		38.6318
v 20.0786 		-26.5274 		38.6001
v 20.1778 		-26.4859 		38.5643
v 20.2664 		-26.4291 		38.5255
v 20.3418 		-26.3588 		38.4848
v 20.4016 		-26.2771 		38.4435
v 20.4441 		-26.1866 		38.4028
v 20.4679 		-26.0899 		38.364
v 20.4723 		-25.99 		38.3282
v 20.4573 		-25.89 		38.2966
v 20.4232 		-25.7928 		38.2701
v 20.371 		-25.7015 		38.2494
v 20.3025 		-25.6187 		38.2354
v 20.2196 		-25.5471 		38.2282
v 20.1249 		-25.4888 		38.2283
v 20.0212 		-25.4455 		38.2355
v 19.9117 		-25.4187 		38.2496
v 19.7998 		-25.409 		38.2703
v 19.6887 		-25.4168 		38.2969
v 19.582 		-25.4419 		38.3286
v 19.4828 		-25.4834 		38.3644
v 19.3942 		-25.5402 		38.4032
v 19.3189 		-25.6105 		38.4439
v 19.259 		-25.6922 		38.4852
v 19.2166 		-25.7827 		38.5259
v 19.1928 		-25.8794 		38.5647
v 19.0394 		-25.9973 		38.5066
v 19.0574 		-26.1165 		38.5443
v 19.098 		-26.2323 		38.5759
v 19.1601 		-26.3412 		38.6005
v 19.2418 		-26.4398 		38.6173
v 19.3406 		-26.5251 		38.6258
v 19.4535 		-26.5946 		38.6258
v 19.5771 		-26.6462 		38.6172
v 19.7075 		-26.6782 		38.6003
v 19.841 		-26.6897 		38.5756
v 19.9733 		-26.6804 		38.544
v 20.1004 		-26.6505 		38.5062
v 20.2186 		-26.601 		38.4636
v 20.3242 		-26.5333 		38.4173
v 20.4141 		-26.4496 		38.3688
v 20.4854 		-26.3522 		38.3195
v 20.536 		-26.2443 		38.2711
v 20.5644 		-26.1291 		38.2248
v 20.5697 		-26.0101 		38.1822
v 20.5517 		-25.8909 		38.1445
v 20.5111 		-25.7751 		38.1129
v 20.4489 		-25.6662 		38.0883
v 20.3672 		-25.5676 		38.0715
v 20.2684 		-25.4822 		38.063
v 20.1556 		-25.4127 		38.0631
v 20.032 		-25.3612 		38.0717
v 19.9015 		-25.3292 		38.0885
v 19.7681 		-25.3176 		38.1132
v 19.6358 		-25.3269 		38.1449
v 19.5086 		-25.3568 		38.1826
v 19.3904 		-25.4063 		38.2253
v 19.2848 		-25.474 		38.2716
v 19.195 		-25.5578 		38.3201
v 19.1237 		-25.6551 		38.3693
v 19.0731 		-25.763 		38.4178
v 19.0447 		-25.8782 		38.464
v 18.9097 		-26.0185 		38.3889
v 18.93 		-26.1533 		38.4315
v 18.976 		-26.2842 		38.4672
v 19.0462 		-26.4073 		38.495
v 19.1385 		-26.5187 		38.514
v 19.2502 		-26.6152 		38.5236
v 19.3779 		-26.6938 		38.5236
v 19.5175 		-26.7521 		38.5139
v 19.665 		-26.7883 		38.4948
v 19.8159 		-26.8013 		38.4669
v 19.9654 		-26.7908 		38.4311
v 20.1092 		-26.757 		38.3884
v 20.2428 		-26.701 		38.3402
v 20.3622 		-26.6245 		38.2879
v 20.4638 		-26.5298 		38.233
v 20.5444 		-26.4198 		38.1774
v 20.6016 		-26.2978 		38.1226
v 20.6337 		-26.1675 		38.0703
v 20.6397 		-26.033 		38.0221
v 20.6194 		-25.8982 		37.9795
v 20.5734 		-25.7673 		37.9438
v 20.5032 		-25.6442 		37.916
v 20.4108 		-25.5327 		37.897
v 20.2991 		-25.4363 		37.8874
v 20.1715 		-25.3577 		37.8874
v 20.0318 		-25.2994 		37.8972
v 19.8843 		-25.2632 		37.9162
v 19.7335 		-25.2501 		37.9441
v 19.5839 		-25.2607 		37.9799
v 19.4402 		-25.2944 		38.0226
v 19.3065 		-25.3504 		38.0708
v 19.1872 		-25.4269 		38.1231
v 19.0856 		-25.5216 		38.178
v 19.005 		-25.6317 		38.2336
v 18.9478 		-25.7537 		38.2884
v 18.9157 		-25.8839 		38.3407
v 18.8031 		-26.0423 		38.2508
v 18.8251 		-26.1885 		38.297
v 18.875 		-26.3306 		38.3358
v 18.9512 		-26.4641 		38.3659
v 19.0514 		-26.5851 		38.3866
v 19.1726 		-26.6898 		38.397
v 19.3111 		-26.775 		38.3969
v 19.4626 		-26.8383 		38.3864
v 19.6227 		-26.8776 		38.3657
v 19.7863 		-26.8917 		38.3354
v 19.9486 		-26.8803 		38.2966
v 20.1046 		-26.8436 		38.2503
v 20.2496 		-26.7829 		38.198
v 20.3792 		-26.6999 		38.1412
v 20.4893 		-26.5971 		38.0817
v 20.5768 		-26.4777 		38.0213
v 20.6389 		-26.3454 		37.9618
v 20.6737 		-26.204 		37.9051
v 20.6802 		-26.058 		37.8528
v 20.6582 		-25.9117 		37.8066
v 20.6083 		-25.7697 		37.7678
v 20.5321 		-25.6362 		37.7377
v 20.4319 		-25.5152 		37.7171
v 20.3107 		-25.4105 		37.7066
v 20.1722 		-25.3252 		37.7067
v 20.0207 		-25.262 		37.7172
v 19.8606 		-25.2227 		37.7379
v 19.697 		-25.2086 		37.7682
v 19.5347 		-25.22 		37.807
v 19.3787 		-25.2566 		37.8533
v 19.2337 		-25.3174 		37.9057
v 19.1041 		-25.4004 		37.9624
v 18.994 		-25.5032 		38.0219
v 18.9065 		-25.6226 		38.0823
v 18.8444 		-25.7549 		38.1418
v 18.8096 		-25.8963 		38.1985
v 18.7228 		-26.0679 		38.0965
v 18.7459 		-26.2212 		38.145
v 18.7982 		-26.3701 		38.1856
v 18.878 		-26.51 		38.2172
v 18.9831 		-26.6368 		38.2388
v 19.1101 		-26.7465 		38.2498
v 19.2552 		-26.8358 		38.2497
v 19.414 		-26.9021 		38.2387
v 19.5818 		-26.9433 		38.217
v 19.7533 		-26.9581 		38.1853
v 19.9234 		-26.9461 		38.1445
v 20.0869 		-26.9077 		38.096
v 20.2388 		-26.8441 		38.0412
v 20.3746 		-26.7571 		37.9817
v 20.49 		-26.6494 		37.9193
v 20.5817 		-26.5243 		37.856
v 20.6468 		-26.3855 		37.7937
v 20.6832 		-26.2374 		37.7343
v 20.6901 		-26.0844 		37.6795
v 20.667 		-25.9311 		37.631
v 20.6147 		-25.7822 		37.5904
v 20.5349 		-25.6423 		37.5588
v 20.4298 		-25.5155 		37.5372
v 20.3028 		-25.4058 		37.5263
v 20.1577 		-25.3165 		37.5263
v 19.9989 		-25.2502 		37.5374
v 19.8311 		-25.209 		37.5591
v 19.6596 		-25.1942 		37.5908
v 19.4895 		-25.2061 		37.6315
v 19.326 		-25.2445 		37.68
v 19.1741 		-25.3082 		37.7349
v 19.0383 		-25.3952 		37.7943
v 18.9229 		-25.5029 		37.8567
v 18.8312 		-25.628 		37.92
v 18.7661 		-25.7668 		37.9823
v 18.7297 		-25.9149 		38.0418
v 18.6714 		-26.0946 		37.9308
v 18.6948 		-26.2503 		37.98
v 18.7479 		-26.4014 		38.0213
v 18.8289 		-26.5435 		38.0534
v 18.9356 		-26.6722 		38.0753
v 19.0646 		-26.7836 		38.0864
v 19.2119 		-26.8744 		38.0863
v 19.3732 		-26.9417 		38.0751
v 19.5435 		-26.9835 		38.0531
v 19.7177 		-26.9985 		38.0209
v 19.8904 		-26.9864 		37.9795
v 20.0564 		-26.9474 		37.9303
v 20.2107 		-26.8827 		37.8746
v 20.3486 		-26.7944 		37.8142
v 20.4658 		-26.685 		37.7509
v 20.5589 		-26.558 		37.6866
v 20.6249 		-26.4171 		37.6233
v 20.662 		-26.2667 		37.563
v 20.6689 		-26.1113 		37.5073
v 20.6455 		-25.9557 		37.4581
v 20.5924 		-25.8045 		37.4169
v 20.5113 		-25.6624 		37.3848
v 20.4047 		-25.5337 		37.3628
v 20.2757 		-25.4223 		37.3517
v 20.1284 		-25.3316 		37.3518
v 19.9671 		-25.2643 		37.363
v 19.7968 		-25.2225 		37.3851
v 19.6226 		-25.2074 		37.4172
v 19.4499 		-25.2195 		37.4586
v 19.2839 		-25.2585 		37.5079
v 19.1296 		-25.3232 		37.5636
v 18.9917 		-25.4115 		37.624
v 18.8745 		-25.5209 		37.6873
v 18.7814 		-25.6479 		37.7515
v 18.7153 		-25.7888 		37.8148
v 18.6783 		-25.9392 		37.8752
v 18.6502 		-26.1216 		37.7587
v 18.6733 		-26.2748 		37.8071
v 18.7256 		-26.4237 		37.8478
v 18.8054 		-26.5636 		37.8794
v 18.9104 		-26.6904 		37.9009
v 19.0374 		-26.8001 		37.9119
v 19.1826 		-26.8895 		37.9118
v 19.3414 		-26.9558 		37.9008
v 19.5091 		-26.9969 		37.8791
v 19.6806 		-27.0118 		37.8474
v 19.8507 		-26.9998 		37.8067
v 20.0142 		-26.9614 		37.7581
v 20.1662 		-26.8977 		37.7033
v 20.3019 		-26.8107 		37.6438
v 20.4174 		-26.703 		37.5815
v 20.5091 		-26.5779 		37.5182
v 20.5741 		-26.4392 		37.4558
v 20.6106 		-26.2911 		37.3964
v 20.6174 		-26.138 		37.3416
v 20.5944 		-25.9848 		37.2932
v 20.5421 		-25.8359 		37.2525
v 20.4623 		-25.6959 		37.2209
v 20.3572 		-25.5692 		37.1993
v 20.2302 		-25.4595 		37.1884
v 20.0851 		-25.3701 		37.1884
v 19.9263 		-25.3038 		37.1995
v 19.7585 		-25.2627 		37.2212
v 19.587 		-25.2478 		37.2529
v 19.4169 		-25.2598 		37.2936
v 19.2534 		-25.2982 		37.3421
v 19.1015 		-25.3619 		37.397
v 18.9657 		-25.4489 		37.4565
v 18.8503 		-25.5566 		37.5188
v 18.7586 		-25.6817 		37.5821
v 18.6935 		-25.8204 		37.6444
v 18.657 		-25.9685 		37.7039
v 18.6601 		-26.1479 		37.5853
v 18.6821 		-26.2942 		37.6315
v 18.732 		-26.4363 		37.6703
v 18.8082 		-26.5698 		37.7005
v 18.9084 		-26.6907 		37.7211
v 19.0296 		-26.7954 		37.7315
v 19.168 		-26.8807 		37.7315
v 19.3196 		-26.9439 		37.7209
v 19.4796 		-26.9832 		37.7002
v 19.6433 		-26.9974 		37.67
v 19.8056 		-26.9859 		37.6311
v 19.9616 		-26.9493 		37.5848
v 20.1066 		-26.8885 		37.5325
v 20.2361 		-26.8055 		37.4757
v 20.3463 		-26.7028 		37.4162
v 20.4338 		-26.5834 		37.3558
v 20.4959 		-26.451 		37.2964
v 20.5307 		-26.3097 		37.2396
v 20.5372 		-26.1637 		37.1874
v 20.5152 		-26.0174 		37.1411
v 20.4653 		-25.8754 		37.1023
v 20.3891 		-25.7418 		37.0722
v 20.2889 		-25.6209 		37.0516
v 20.1677 		-25.5162 		37.0412
v 20.0292 		-25.4309 		37.0412
v 19.8776 		-25.3677 		37.0518
v 19.7176 		-25.3284 		37.0725
v 19.554 		-25.3142 		37.1027
v 19.3917 		-25.3257 		37.1416
v 19.2356 		-25.3623 		37.1879
v 19.0907 		-25.4231 		37.2402
v 18.9611 		-25.5061 		37.297
v 18.8509 		-25.6088 		37.3564
v 18.7635 		-25.7282 		37.4168
v 18.7014 		-25.8606 		37.4763
v 18.6666 		-26.0019 		37.533
v 18.7006 		-26.173 		37.416
v 18.7209 		-26.3078 		37.4586
v 18.7669 		-26.4387 		37.4944
v 18.8371 		-26.5617 		37.5221
v 18.9295 		-26.6732 		37.5411
v 19.0411 		-26.7697 		37.5508
v 19.1688 		-26.8483 		37.5507
v 19.3084 		-26.9065 		37.541
v 19.4559 		-26.9428 		37.5219
v 19.6068 		-26.9558 		37.494
v 19.7563 		-26.9453 		37.4582
v 19.9001 		-26.9115 		37.4155
v 20.0337 		-26.8555 		37.3673
v 20.1531 		-26.779 		37.315
v 20.2547 		-26.6843 		37.2602
v 20.3353 		-26.5743 		37.2045
v 20.3925 		-26.4523 		37.1497
v 20.4246 		-26.322 		37.0974
v 20.4306 		-26.1874 		37.0493
v 20.4103 		-26.0527 		37.0067
v 20.3643 		-25.9217 		36.9709
v 20.2941 		-25.7987 		36.9431
v 20.2017 		-25.6872 		36.9241
v 20.09 		-25.5907 		36.9145
v 19.9624 		-25.5121 		36.9146
v 19.8227 		-25.4539 		36.9243
v 19.6752 		-25.4177 		36.9434
v 19.5244 		-25.4046 		36.9712
v 19.3748 		-25.4151 		37.0071
v 19.2311 		-25.4489 		37.0497
v 19.0975 		-25.5049 		37.098
v 18.9781 		-25.5814 		37.1503
v 18.8765 		-25.6761 		37.2051
v 18.7959 		-25.7861 		37.2608
v 18.7387 		-25.9081 		37.3156
v 18.7066 		-26.0384 		37.3678
v 18.7706 		-26.1959 		37.2559
v 18.7886 		-26.3151 		37.2936
v 18.8292 		-26.4309 		37.3252
v 18.8913 		-26.5397 		37.3498
v 18.973 		-26.6383 		37.3666
v 19.0718 		-26.7237 		37.3751
v 19.1847 		-26.7932 		37.3751
v 19.3083 		-26.8448 		37.3665
v 19.4387 		-26.8768 		37.3496
v 19.5722 		-26.8883 		37.3249
v 19.7045 		-26.879 		37.2933
v 19.8316 		-26.8491 		37.2555
v 19.9498 		-26.7996 		37.2129
v 20.0554 		-26.7319 		37.1666
v 20.1453 		-26.6482 		37.1181
v 20.2166 		-26.5508 		37.0689
v 20.2672 		-26.4429 		37.0204
v 20.2955 		-26.3277 		36.9741
v 20.3008 		-26.2087 		36.9315
v 20.2829 		-26.0894 		36.8938
v 20.2423 		-25.9736 		36.8622
v 20.1801 		-25.8648 		36.8376
v 20.0984 		-25.7662 		36.8208
v 19.9996 		-25.6808 		36.8123
v 19.8868 		-25.6113 		36.8124
v 19.7632 		-25.5598 		36.821
v 19.6327 		-25.5277 		36.8379
v 19.4993 		-25.5162 		36.8625
v 19.367 		-25.5255 		36.8942
v 19.2398 		-25.5554 		36.9319
v 19.1216 		-25.6049 		36.9746
v 19.016 		-25.6726 		37.0209
v 18.9262 		-25.7564 		37.0694
v 18.8549 		-25.8537 		37.1186
v 18.8043 		-25.9616 		37.1671
v 18.7759 		-26.0768 		37.2133
v 18.868 		-26.2159 		37.1099
v 18.883 		-26.316 		37.1415
v 18.9171 		-26.4131 		37.1681
v 18.9693 		-26.5045 		37.1887
v 19.0378 		-26.5872 		37.2028
v 19.1207 		-26.6588 		37.2099
v 19.2154 		-26.7172 		37.2099
v 19.3191 		-26.7604 		37.2027
v 19.4286 		-26.7873 		37.1885
v 19.5405 		-26.797 		37.1678
v 19.6515 		-26.7892 		37.1412
v 19.7583 		-26.7641 		37.1096
v 19.8574 		-26.7225 		37.0738
v 19.946 		-26.6657 		37.0349
v 20.0214 		-26.5955 		36.9943
v 20.0812 		-26.5138 		36.9529
v 20.1237 		-26.4232 		36.9123
v 20.1475 		-26.3266 		36.8735
v 20.152 		-26.2267 		36.8377
v 20.1369 		-26.1266 		36.8061
v 20.1028 		-26.0295 		36.7796
v 20.0507 		-25.9381 		36.7589
v 19.9821 		-25.8554 		36.7448
v 19.8992 		-25.7838 		36.7377
v 19.8045 		-25.7254 		36.7377
v 19.7008 		-25.6822 		36.7449
v 19.5914 		-25.6553 		36.7591
v 19.4794 		-25.6456 		36.7798
v 19.3684 		-25.6535 		36.8064
v 19.2617 		-25.6785 		36.8381
v 19.1625 		-25.7201 		36.8738
v 19.0739 		-25.7769 		36.9127
v 18.9985 		-25.8472 		36.9534
v 18.9387 		-25.9288 		36.9947
v 18.8962 		-26.0194 		37.0354
v 18.8724 		-26.116 		37.0742
v 18.9897 		-26.2326 		36.9824
v 19.0014 		-26.3104 		37.007
v 19.0279 		-26.386 		37.0276
v 19.0685 		-26.457 		37.0437
v 19.1218 		-26.5214 		37.0547
v 19.1863 		-26.5771 		37.0602
v 19.26 		-26.6225 		37.0602
v 19.3406 		-26.6561 		37.0546
v 19.4258 		-26.677 		37.0436
v 19.5128 		-26.6845 		37.0275
v 19.5992 		-26.6785 		37.0068
v 19.6822 		-26.659 		36.9821
v 19.7593 		-26.6266 		36.9543
v 19.8283 		-26.5825 		36.9241
v 19.8869 		-26.5278 		36.8924
v 19.9334 		-26.4643 		36.8603
v 19.9665 		-26.3938 		36.8287
v 19.985 		-26.3186 		36.7985
v 19.9885 		-26.2409 		36.7707
v 19.9767 		-26.1631 		36.7461
v 19.9502 		-26.0875 		36.7254
v 19.9097 		-26.0165 		36.7094
v 19.8563 		-25.9521 		36.6984
v 19.7919 		-25.8964 		36.6929
v 19.7182 		-25.851 		36.6929
v 19.6375 		-25.8174 		36.6985
v 19.5524 		-25.7965 		36.7095
v 19.4653 		-25.789 		36.7256
v 19.3789 		-25.795 		36.7463
v 19.2959 		-25.8145 		36.7709
v 19.2188 		-25.8469 		36.7988
v 19.1498 		-25.891 		36.829
v 19.0912 		-25.9457 		36.8606
v 19.0447 		-26.0092 		36.8928
v 19.0117 		-26.0797 		36.9244
v 18.9931 		-26.1549 		36.9546
v 19.1321 		-26.2453 		36.8773
v 19.1401 		-26.2985 		36.8941
v 19.1582 		-26.3502 		36.9082
v 19.1859 		-26.3988 		36.9192
v 19.2224 		-26.4428 		36.9267
v 19.2665 		-26.4809 		36.9305
v 19.3169 		-26.512 		36.9305
v 19.3721 		-26.535 		36.9267
v 19.4304 		-26.5493 		36.9191
v 19.4899 		-26.5544 		36.9081
v 19.549 		-26.5503 		36.894
v 19.6058 		-26.5369 		36.8771
v 19.6585 		-26.5148 		36.8581
v 19.7057 		-26.4846 		36.8374
v 19.7458 		-26.4472 		36.8158
v 19.7776 		-26.4038 		36.7938
v 19.8002 		-26.3556 		36.7721
v 19.8129 		-26.3041 		36.7515
v 19.8153 		-26.251 		36.7325
v 19.8072 		-26.1978 		36.7156
v 19.7891 		-26.1461 		36.7015
v 19.7614 		-26.0975 		36.6905
v 19.7249 		-26.0534 		36.683
v 19.6808 		-26.0153 		36.6792
v 19.6304 		-25.9843 		36.6793
v 19.5752 		-25.9613 		36.6831
v 19.517 		-25.947 		36.6906
v 19.4574 		-25.9418 		36.7016
v 19.3983 		-25.946 		36.7158
v 19.3415 		-25.9593 		36.7326
v 19.2888 		-25.9814 		36.7517
v 19.2416 		-26.0116 		36.7723
v 19.2015 		-26.049 		36.794
v 19.1697 		-26.0925 		36.816
v 19.1471 		-26.1407 		36.8376
v 19.1344 		-26.1921 		36.8583
v 19.2908 		-26.2536 		36.7978
v 19.2949 		-26.2807 		36.8063
v 19.3041 		-26.3069 		36.8135
v 19.3182 		-26.3316 		36.819
v 19.3367 		-26.3539 		36.8228
v 19.3591 		-26.3733 		36.8248
v 19.3847 		-26.3891 		36.8248
v 19.4127 		-26.4007 		36.8228
v 19.4422 		-26.408 		36.819
v 19.4725 		-26.4106 		36.8134
v 19.5025 		-26.4085 		36.8062
v 19.5313 		-26.4017 		36.7977
v 19.5581 		-26.3905 		36.788
v 19.582 		-26.3752 		36.7775
v 19.6024 		-26.3562 		36.7665
v 19.6186 		-26.3341 		36.7553
v 19.63 		-26.3096 		36.7444
v 19.6365 		-26.2835 		36.7339
v 19.6377 		-26.2565 		36.7242
v 19.6336 		-26.2295 		36.7157
v 19.6244 		-26.2033 		36.7085
v 19.6103 		-26.1786 		36.7029
v 19.5918 		-26.1562 		36.6991
v 19.5694 		-26.1369 		36.6972
v 19.5438 		-26.1211 		36.6972
v 19.5158 		-26.1095 		36.6992
v 19.4862 		-26.1022 		36.703
v 19.456 		-26.0996 		36.7086
v 19.426 		-26.1017 		36.7158
v 19.3971 		-26.1085 		36.7243
v 19.3704 		-26.1197 		36.734
v 19.3464 		-26.135 		36.7445
v 19.3261 		-26.154 		36.7555
v 19.3099 		-26.1761 		36.7666
v 19.2984 		-26.2005 		36.7776
v 19.292 		-26.2267 		36.7881
v 19.461 		-26.2574 		36.7462
# 614 vertices

g group_9_16448250

usemtl color_16448250
s 0

f 4917 	4918 	4919
f 4917 	4919 	4920
f 4917 	4920 	4921
f 4917 	4921 	4922
f 4917 	4922 	4923
f 4917 	4923 	4924
f 4917 	4924 	4925
f 4917 	4925 	4926
f 4917 	4926 	4927
f 4917 	4927 	4928
f 4917 	4928 	4929
f 4917 	4929 	4930
f 4917 	4930 	4931
f 4917 	4931 	4932
f 4917 	4932 	4933
f 4917 	4933 	4934
f 4917 	4934 	4935
f 4917 	4935 	4936
f 4917 	4936 	4937
f 4917 	4937 	4938
f 4917 	4938 	4939
f 4917 	4939 	4940
f 4917 	4940 	4941
f 4917 	4941 	4942
f 4917 	4942 	4943
f 4917 	4943 	4944
f 4917 	4944 	4945
f 4917 	4945 	4946
f 4917 	4946 	4947
f 4917 	4947 	4948
f 4917 	4948 	4949
f 4917 	4949 	4950
f 4917 	4950 	4951
f 4917 	4951 	4952
f 4917 	4952 	4953
f 4917 	4953 	4918
f 4919 	4918 	4955
f 4918 	4954 	4955
f 4920 	4919 	4956
f 4919 	4955 	4956
f 4921 	4920 	4957
f 4920 	4956 	4957
f 4922 	4921 	4958
f 4921 	4957 	4958
f 4923 	4922 	4959
f 4922 	4958 	4959
f 4924 	4923 	4960
f 4923 	4959 	4960
f 4925 	4924 	4961
f 4924 	4960 	4961
f 4926 	4925 	4962
f 4925 	4961 	4962
f 4927 	4926 	4963
f 4926 	4962 	4963
f 4928 	4927 	4964
f 4927 	4963 	4964
f 4929 	4928 	4965
f 4928 	4964 	4965
f 4930 	4929 	4966
f 4929 	4965 	4966
f 4931 	4930 	4967
f 4930 	4966 	4967
f 4932 	4931 	4968
f 4931 	4967 	4968
f 4933 	4932 	4969
f 4932 	4968 	4969
f 4934 	4933 	4970
f 4933 	4969 	4970
f 4935 	4934 	4971
f 4934 	4970 	4971
f 4936 	4935 	4972
f 4935 	4971 	4972
f 4937 	4936 	4973
f 4936 	4972 	4973
f 4938 	4937 	4974
f 4937 	4973 	4974
f 4939 	4938 	4975
f 4938 	4974 	4975
f 4940 	4939 	4976
f 4939 	4975 	4976
f 4941 	4940 	4977
f 4940 	4976 	4977
f 4942 	4941 	4978
f 4941 	4977 	4978
f 4943 	4942 	4979
f 4942 	4978 	4979
f 4944 	4943 	4980
f 4943 	4979 	4980
f 4945 	4944 	4981
f 4944 	4980 	4981
f 4946 	4945 	4982
f 4945 	4981 	4982
f 4947 	4946 	4983
f 4946 	4982 	4983
f 4948 	4947 	4984
f 4947 	4983 	4984
f 4949 	4948 	4985
f 4948 	4984 	4985
f 4950 	4949 	4986
f 4949 	4985 	4986
f 4951 	4950 	4987
f 4950 	4986 	4987
f 4952 	4951 	4988
f 4951 	4987 	4988
f 4953 	4952 	4989
f 4952 	4988 	4989
f 4918 	4953 	4954
f 4953 	4989 	4954
f 4955 	4954 	4991
f 4954 	4990 	4991
f 4956 	4955 	4992
f 4955 	4991 	4992
f 4957 	4956 	4993
f 4956 	4992 	4993
f 4958 	4957 	4994
f 4957 	4993 	4994
f 4959 	4958 	4995
f 4958 	4994 	4995
f 4960 	4959 	4996
f 4959 	4995 	4996
f 4961 	4960 	4997
f 4960 	4996 	4997
f 4962 	4961 	4998
f 4961 	4997 	4998
f 4963 	4962 	4999
f 4962 	4998 	4999
f 4964 	4963 	5000
f 4963 	4999 	5000
f 4965 	4964 	5001
f 4964 	5000 	5001
f 4966 	4965 	5002
f 4965 	5001 	5002
f 4967 	4966 	5003
f 4966 	5002 	5003
f 4968 	4967 	5004
f 4967 	5003 	5004
f 4969 	4968 	5005
f 4968 	5004 	5005
f 4970 	4969 	5006
f 4969 	5005 	5006
f 4971 	4970 	5007
f 4970 	5006 	5007
f 4972 	4971 	5008
f 4971 	5007 	5008
f 4973 	4972 	5009
f 4972 	5008 	5009
f 4974 	4973 	5010
f 4973 	5009 	5010
f 4975 	4974 	5011
f 4974 	5010 	5011
f 4976 	4975 	5012
f 4975 	5011 	5012
f 4977 	4976 	5013
f 4976 	5012 	5013
f 4978 	4977 	5014
f 4977 	5013 	5014
f 4979 	4978 	5015
f 4978 	5014 	5015
f 4980 	4979 	5016
f 4979 	5015 	5016
f 4981 	4980 	5017
f 4980 	5016 	5017
f 4982 	4981 	5018
f 4981 	5017 	5018
f 4983 	4982 	5019
f 4982 	5018 	5019
f 4984 	4983 	5020
f 4983 	5019 	5020
f 4985 	4984 	5021
f 4984 	5020 	5021
f 4986 	4985 	5022
f 4985 	5021 	5022
f 4987 	4986 	5023
f 4986 	5022 	5023
f 4988 	4987 	5024
f 4987 	5023 	5024
f 4989 	4988 	5025
f 4988 	5024 	5025
f 4954 	4989 	4990
f 4989 	5025 	4990
f 4991 	4990 	5027
f 4990 	5026 	5027
f 4992 	4991 	5028
f 4991 	5027 	5028
f 4993 	4992 	5029
f 4992 	5028 	5029
f 4994 	4993 	5030
f 4993 	5029 	5030
f 4995 	4994 	5031
f 4994 	5030 	5031
f 4996 	4995 	5032
f 4995 	5031 	5032
f 4997 	4996 	5033
f 4996 	5032 	5033
f 4998 	4997 	5034
f 4997 	5033 	5034
f 4999 	4998 	5035
f 4998 	5034 	5035
f 5000 	4999 	5036
f 4999 	5035 	5036
f 5001 	5000 	5037
f 5000 	5036 	5037
f 5002 	5001 	5038
f 5001 	5037 	5038
f 5003 	5002 	5039
f 5002 	5038 	5039
f 5004 	5003 	5040
f 5003 	5039 	5040
f 5005 	5004 	5041
f 5004 	5040 	5041
f 5006 	5005 	5042
f 5005 	5041 	5042
f 5007 	5006 	5043
f 5006 	5042 	5043
f 5008 	5007 	5044
f 5007 	5043 	5044
f 5009 	5008 	5045
f 5008 	5044 	5045
f 5010 	5009 	5046
f 5009 	5045 	5046
f 5011 	5010 	5047
f 5010 	5046 	5047
f 5012 	5011 	5048
f 5011 	5047 	5048
f 5013 	5012 	5049
f 5012 	5048 	5049
f 5014 	5013 	5050
f 5013 	5049 	5050
f 5015 	5014 	5051
f 5014 	5050 	5051
f 5016 	5015 	5052
f 5015 	5051 	5052
f 5017 	5016 	5053
f 5016 	5052 	5053
f 5018 	5017 	5054
f 5017 	5053 	5054
f 5019 	5018 	5055
f 5018 	5054 	5055
f 5020 	5019 	5056
f 5019 	5055 	5056
f 5021 	5020 	5057
f 5020 	5056 	5057
f 5022 	5021 	5058
f 5021 	5057 	5058
f 5023 	5022 	5059
f 5022 	5058 	5059
f 5024 	5023 	5060
f 5023 	5059 	5060
f 5025 	5024 	5061
f 5024 	5060 	5061
f 4990 	5025 	5026
f 5025 	5061 	5026
f 5027 	5026 	5063
f 5026 	5062 	5063
f 5028 	5027 	5064
f 5027 	5063 	5064
f 5029 	5028 	5065
f 5028 	5064 	5065
f 5030 	5029 	5066
f 5029 	5065 	5066
f 5031 	5030 	5067
f 5030 	5066 	5067
f 5032 	5031 	5068
f 5031 	5067 	5068
f 5033 	5032 	5069
f 5032 	5068 	5069
f 5034 	5033 	5070
f 5033 	5069 	5070
f 5035 	5034 	5071
f 5034 	5070 	5071
f 5036 	5035 	5072
f 5035 	5071 	5072
f 5037 	5036 	5073
f 5036 	5072 	5073
f 5038 	5037 	5074
f 5037 	5073 	5074
f 5039 	5038 	5075
f 5038 	5074 	5075
f 5040 	5039 	5076
f 5039 	5075 	5076
f 5041 	5040 	5077
f 5040 	5076 	5077
f 5042 	5041 	5078
f 5041 	5077 	5078
f 5043 	5042 	5079
f 5042 	5078 	5079
f 5044 	5043 	5080
f 5043 	5079 	5080
f 5045 	5044 	5081
f 5044 	5080 	5081
f 5046 	5045 	5082
f 5045 	5081 	5082
f 5047 	5046 	5083
f 5046 	5082 	5083
f 5048 	5047 	5084
f 5047 	5083 	5084
f 5049 	5048 	5085
f 5048 	5084 	5085
f 5050 	5049 	5086
f 5049 	5085 	5086
f 5051 	5050 	5087
f 5050 	5086 	5087
f 5052 	5051 	5088
f 5051 	5087 	5088
f 5053 	5052 	5089
f 5052 	5088 	5089
f 5054 	5053 	5090
f 5053 	5089 	5090
f 5055 	5054 	5091
f 5054 	5090 	5091
f 5056 	5055 	5092
f 5055 	5091 	5092
f 5057 	5056 	5093
f 5056 	5092 	5093
f 5058 	5057 	5094
f 5057 	5093 	5094
f 5059 	5058 	5095
f 5058 	5094 	5095
f 5060 	5059 	5096
f 5059 	5095 	5096
f 5061 	5060 	5097
f 5060 	5096 	5097
f 5026 	5061 	5062
f 5061 	5097 	5062
f 5063 	5062 	5099
f 5062 	5098 	5099
f 5064 	5063 	5100
f 5063 	5099 	5100
f 5065 	5064 	5101
f 5064 	5100 	5101
f 5066 	5065 	5102
f 5065 	5101 	5102
f 5067 	5066 	5103
f 5066 	5102 	5103
f 5068 	5067 	5104
f 5067 	5103 	5104
f 5069 	5068 	5105
f 5068 	5104 	5105
f 5070 	5069 	5106
f 5069 	5105 	5106
f 5071 	5070 	5107
f 5070 	5106 	5107
f 5072 	5071 	5108
f 5071 	5107 	5108
f 5073 	5072 	5109
f 5072 	5108 	5109
f 5074 	5073 	5110
f 5073 	5109 	5110
f 5075 	5074 	5111
f 5074 	5110 	5111
f 5076 	5075 	5112
f 5075 	5111 	5112
f 5077 	5076 	5113
f 5076 	5112 	5113
f 5078 	5077 	5114
f 5077 	5113 	5114
f 5079 	5078 	5115
f 5078 	5114 	5115
f 5080 	5079 	5116
f 5079 	5115 	5116
f 5081 	5080 	5117
f 5080 	5116 	5117
f 5082 	5081 	5118
f 5081 	5117 	5118
f 5083 	5082 	5119
f 5082 	5118 	5119
f 5084 	5083 	5120
f 5083 	5119 	5120
f 5085 	5084 	5121
f 5084 	5120 	5121
f 5086 	5085 	5122
f 5085 	5121 	5122
f 5087 	5086 	5123
f 5086 	5122 	5123
f 5088 	5087 	5124
f 5087 	5123 	5124
f 5089 	5088 	5125
f 5088 	5124 	5125
f 5090 	5089 	5126
f 5089 	5125 	5126
f 5091 	5090 	5127
f 5090 	5126 	5127
f 5092 	5091 	5128
f 5091 	5127 	5128
f 5093 	5092 	5129
f 5092 	5128 	5129
f 5094 	5093 	5130
f 5093 	5129 	5130
f 5095 	5094 	5131
f 5094 	5130 	5131
f 5096 	5095 	5132
f 5095 	5131 	5132
f 5097 	5096 	5133
f 5096 	5132 	5133
f 5062 	5097 	5098
f 5097 	5133 	5098
f 5099 	5098 	5135
f 5098 	5134 	5135
f 5100 	5099 	5136
f 5099 	5135 	5136
f 5101 	5100 	5137
f 5100 	5136 	5137
f 5102 	5101 	5138
f 5101 	5137 	5138
f 5103 	5102 	5139
f 5102 	5138 	5139
f 5104 	5103 	5140
f 5103 	5139 	5140
f 5105 	5104 	5141
f 5104 	5140 	5141
f 5106 	5105 	5142
f 5105 	5141 	5142
f 5107 	5106 	5143
f 5106 	5142 	5143
f 5108 	5107 	5144
f 5107 	5143 	5144
f 5109 	5108 	5145
f 5108 	5144 	5145
f 5110 	5109 	5146
f 5109 	5145 	5146
f 5111 	5110 	5147
f 5110 	5146 	5147
f 5112 	5111 	5148
f 5111 	5147 	5148
f 5113 	5112 	5149
f 5112 	5148 	5149
f 5114 	5113 	5150
f 5113 	5149 	5150
f 5115 	5114 	5151
f 5114 	5150 	5151
f 5116 	5115 	5152
f 5115 	5151 	5152
f 5117 	5116 	5153
f 5116 	5152 	5153
f 5118 	5117 	5154
f 5117 	5153 	5154
f 5119 	5118 	5155
f 5118 	5154 	5155
f 5120 	5119 	5156
f 5119 	5155 	5156
f 5121 	5120 	5157
f 5120 	5156 	5157
f 5122 	5121 	5158
f 5121 	5157 	5158
f 5123 	5122 	5159
f 5122 	5158 	5159
f 5124 	5123 	5160
f 5123 	5159 	5160
f 5125 	5124 	5161
f 5124 	5160 	5161
f 5126 	5125 	5162
f 5125 	5161 	5162
f 5127 	5126 	5163
f 5126 	5162 	5163
f 5128 	5127 	5164
f 5127 	5163 	5164
f 5129 	5128 	5165
f 5128 	5164 	5165
f 5130 	5129 	5166
f 5129 	5165 	5166
f 5131 	5130 	5167
f 5130 	5166 	5167
f 5132 	5131 	5168
f 5131 	5167 	5168
f 5133 	5132 	5169
f 5132 	5168 	5169
f 5098 	5133 	5134
f 5133 	5169 	5134
f 5135 	5134 	5171
f 5134 	5170 	5171
f 5136 	5135 	5172
f 5135 	5171 	5172
f 5137 	5136 	5173
f 5136 	5172 	5173
f 5138 	5137 	5174
f 5137 	5173 	5174
f 5139 	5138 	5175
f 5138 	5174 	5175
f 5140 	5139 	5176
f 5139 	5175 	5176
f 5141 	5140 	5177
f 5140 	5176 	5177
f 5142 	5141 	5178
f 5141 	5177 	5178
f 5143 	5142 	5179
f 5142 	5178 	5179
f 5144 	5143 	5180
f 5143 	5179 	5180
f 5145 	5144 	5181
f 5144 	5180 	5181
f 5146 	5145 	5182
f 5145 	5181 	5182
f 5147 	5146 	5183
f 5146 	5182 	5183
f 5148 	5147 	5184
f 5147 	5183 	5184
f 5149 	5148 	5185
f 5148 	5184 	5185
f 5150 	5149 	5186
f 5149 	5185 	5186
f 5151 	5150 	5187
f 5150 	5186 	5187
f 5152 	5151 	5188
f 5151 	5187 	5188
f 5153 	5152 	5189
f 5152 	5188 	5189
f 5154 	5153 	5190
f 5153 	5189 	5190
f 5155 	5154 	5191
f 5154 	5190 	5191
f 5156 	5155 	5192
f 5155 	5191 	5192
f 5157 	5156 	5193
f 5156 	5192 	5193
f 5158 	5157 	5194
f 5157 	5193 	5194
f 5159 	5158 	5195
f 5158 	5194 	5195
f 5160 	5159 	5196
f 5159 	5195 	5196
f 5161 	5160 	5197
f 5160 	5196 	5197
f 5162 	5161 	5198
f 5161 	5197 	5198
f 5163 	5162 	5199
f 5162 	5198 	5199
f 5164 	5163 	5200
f 5163 	5199 	5200
f 5165 	5164 	5201
f 5164 	5200 	5201
f 5166 	5165 	5202
f 5165 	5201 	5202
f 5167 	5166 	5203
f 5166 	5202 	5203
f 5168 	5167 	5204
f 5167 	5203 	5204
f 5169 	5168 	5205
f 5168 	5204 	5205
f 5134 	5169 	5170
f 5169 	5205 	5170
f 5171 	5170 	5207
f 5170 	5206 	5207
f 5172 	5171 	5208
f 5171 	5207 	5208
f 5173 	5172 	5209
f 5172 	5208 	5209
f 5174 	5173 	5210
f 5173 	5209 	5210
f 5175 	5174 	5211
f 5174 	5210 	5211
f 5176 	5175 	5212
f 5175 	5211 	5212
f 5177 	5176 	5213
f 5176 	5212 	5213
f 5178 	5177 	5214
f 5177 	5213 	5214
f 5179 	5178 	5215
f 5178 	5214 	5215
f 5180 	5179 	5216
f 5179 	5215 	5216
f 5181 	5180 	5217
f 5180 	5216 	5217
f 5182 	5181 	5218
f 5181 	5217 	5218
f 5183 	5182 	5219
f 5182 	5218 	5219
f 5184 	5183 	5220
f 5183 	5219 	5220
f 5185 	5184 	5221
f 5184 	5220 	5221
f 5186 	5185 	5222
f 5185 	5221 	5222
f 5187 	5186 	5223
f 5186 	5222 	5223
f 5188 	5187 	5224
f 5187 	5223 	5224
f 5189 	5188 	5225
f 5188 	5224 	5225
f 5190 	5189 	5226
f 5189 	5225 	5226
f 5191 	5190 	5227
f 5190 	5226 	5227
f 5192 	5191 	5228
f 5191 	5227 	5228
f 5193 	5192 	5229
f 5192 	5228 	5229
f 5194 	5193 	5230
f 5193 	5229 	5230
f 5195 	5194 	5231
f 5194 	5230 	5231
f 5196 	5195 	5232
f 5195 	5231 	5232
f 5197 	5196 	5233
f 5196 	5232 	5233
f 5198 	5197 	5234
f 5197 	5233 	5234
f 5199 	5198 	5235
f 5198 	5234 	5235
f 5200 	5199 	5236
f 5199 	5235 	5236
f 5201 	5200 	5237
f 5200 	5236 	5237
f 5202 	5201 	5238
f 5201 	5237 	5238
f 5203 	5202 	5239
f 5202 	5238 	5239
f 5204 	5203 	5240
f 5203 	5239 	5240
f 5205 	5204 	5241
f 5204 	5240 	5241
f 5170 	5205 	5206
f 5205 	5241 	5206
f 5207 	5206 	5243
f 5206 	5242 	5243
f 5208 	5207 	5244
f 5207 	5243 	5244
f 5209 	5208 	5245
f 5208 	5244 	5245
f 5210 	5209 	5246
f 5209 	5245 	5246
f 5211 	5210 	5247
f 5210 	5246 	5247
f 5212 	5211 	5248
f 5211 	5247 	5248
f 5213 	5212 	5249
f 5212 	5248 	5249
f 5214 	5213 	5250
f 5213 	5249 	5250
f 5215 	5214 	5251
f 5214 	5250 	5251
f 5216 	5215 	5252
f 5215 	5251 	5252
f 5217 	5216 	5253
f 5216 	5252 	5253
f 5218 	5217 	5254
f 5217 	5253 	5254
f 5219 	5218 	5255
f 5218 	5254 	5255
f 5220 	5219 	5256
f 5219 	5255 	5256
f 5221 	5220 	5257
f 5220 	5256 	5257
f 5222 	5221 	5258
f 5221 	5257 	5258
f 5223 	5222 	5259
f 5222 	5258 	5259
f 5224 	5223 	5260
f 5223 	5259 	5260
f 5225 	5224 	5261
f 5224 	5260 	5261
f 5226 	5225 	5262
f 5225 	5261 	5262
f 5227 	5226 	5263
f 5226 	5262 	5263
f 5228 	5227 	5264
f 5227 	5263 	5264
f 5229 	5228 	5265
f 5228 	5264 	5265
f 5230 	5229 	5266
f 5229 	5265 	5266
f 5231 	5230 	5267
f 5230 	5266 	5267
f 5232 	5231 	5268
f 5231 	5267 	5268
f 5233 	5232 	5269
f 5232 	5268 	5269
f 5234 	5233 	5270
f 5233 	5269 	5270
f 5235 	5234 	5271
f 5234 	5270 	5271
f 5236 	5235 	5272
f 5235 	5271 	5272
f 5237 	5236 	5273
f 5236 	5272 	5273
f 5238 	5237 	5274
f 5237 	5273 	5274
f 5239 	5238 	5275
f 5238 	5274 	5275
f 5240 	5239 	5276
f 5239 	5275 	5276
f 5241 	5240 	5277
f 5240 	5276 	5277
f 5206 	5241 	5242
f 5241 	5277 	5242
f 5243 	5242 	5279
f 5242 	5278 	5279
f 5244 	5243 	5280
f 5243 	5279 	5280
f 5245 	5244 	5281
f 5244 	5280 	5281
f 5246 	5245 	5282
f 5245 	5281 	5282
f 5247 	5246 	5283
f 5246 	5282 	5283
f 5248 	5247 	5284
f 5247 	5283 	5284
f 5249 	5248 	5285
f 5248 	5284 	5285
f 5250 	5249 	5286
f 5249 	5285 	5286
f 5251 	5250 	5287
f 5250 	5286 	5287
f 5252 	5251 	5288
f 5251 	5287 	5288
f 5253 	5252 	5289
f 5252 	5288 	5289
f 5254 	5253 	5290
f 5253 	5289 	5290
f 5255 	5254 	5291
f 5254 	5290 	5291
f 5256 	5255 	5292
f 5255 	5291 	5292
f 5257 	5256 	5293
f 5256 	5292 	5293
f 5258 	5257 	5294
f 5257 	5293 	5294
f 5259 	5258 	5295
f 5258 	5294 	5295
f 5260 	5259 	5296
f 5259 	5295 	5296
f 5261 	5260 	5297
f 5260 	5296 	5297
f 5262 	5261 	5298
f 5261 	5297 	5298
f 5263 	5262 	5299
f 5262 	5298 	5299
f 5264 	5263 	5300
f 5263 	5299 	5300
f 5265 	5264 	5301
f 5264 	5300 	5301
f 5266 	5265 	5302
f 5265 	5301 	5302
f 5267 	5266 	5303
f 5266 	5302 	5303
f 5268 	5267 	5304
f 5267 	5303 	5304
f 5269 	5268 	5305
f 5268 	5304 	5305
f 5270 	5269 	5306
f 5269 	5305 	5306
f 5271 	5270 	5307
f 5270 	5306 	5307
f 5272 	5271 	5308
f 5271 	5307 	5308
f 5273 	5272 	5309
f 5272 	5308 	5309
f 5274 	5273 	5310
f 5273 	5309 	5310
f 5275 	5274 	5311
f 5274 	5310 	5311
f 5276 	5275 	5312
f 5275 	5311 	5312
f 5277 	5276 	5313
f 5276 	5312 	5313
f 5242 	5277 	5278
f 5277 	5313 	5278
f 5279 	5278 	5315
f 5278 	5314 	5315
f 5280 	5279 	5316
f 5279 	5315 	5316
f 5281 	5280 	5317
f 5280 	5316 	5317
f 5282 	5281 	5318
f 5281 	5317 	5318
f 5283 	5282 	5319
f 5282 	5318 	5319
f 5284 	5283 	5320
f 5283 	5319 	5320
f 5285 	5284 	5321
f 5284 	5320 	5321
f 5286 	5285 	5322
f 5285 	5321 	5322
f 5287 	5286 	5323
f 5286 	5322 	5323
f 5288 	5287 	5324
f 5287 	5323 	5324
f 5289 	5288 	5325
f 5288 	5324 	5325
f 5290 	5289 	5326
f 5289 	5325 	5326
f 5291 	5290 	5327
f 5290 	5326 	5327
f 5292 	5291 	5328
f 5291 	5327 	5328
f 5293 	5292 	5329
f 5292 	5328 	5329
f 5294 	5293 	5330
f 5293 	5329 	5330
f 5295 	5294 	5331
f 5294 	5330 	5331
f 5296 	5295 	5332
f 5295 	5331 	5332
f 5297 	5296 	5333
f 5296 	5332 	5333
f 5298 	5297 	5334
f 5297 	5333 	5334
f 5299 	5298 	5335
f 5298 	5334 	5335
f 5300 	5299 	5336
f 5299 	5335 	5336
f 5301 	5300 	5337
f 5300 	5336 	5337
f 5302 	5301 	5338
f 5301 	5337 	5338
f 5303 	5302 	5339
f 5302 	5338 	5339
f 5304 	5303 	5340
f 5303 	5339 	5340
f 5305 	5304 	5341
f 5304 	5340 	5341
f 5306 	5305 	5342
f 5305 	5341 	5342
f 5307 	5306 	5343
f 5306 	5342 	5343
f 5308 	5307 	5344
f 5307 	5343 	5344
f 5309 	5308 	5345
f 5308 	5344 	5345
f 5310 	5309 	5346
f 5309 	5345 	5346
f 5311 	5310 	5347
f 5310 	5346 	5347
f 5312 	5311 	5348
f 5311 	5347 	5348
f 5313 	5312 	5349
f 5312 	5348 	5349
f 5278 	5313 	5314
f 5313 	5349 	5314
f 5315 	5314 	5351
f 5314 	5350 	5351
f 5316 	5315 	5352
f 5315 	5351 	5352
f 5317 	5316 	5353
f 5316 	5352 	5353
f 5318 	5317 	5354
f 5317 	5353 	5354
f 5319 	5318 	5355
f 5318 	5354 	5355
f 5320 	5319 	5356
f 5319 	5355 	5356
f 5321 	5320 	5357
f 5320 	5356 	5357
f 5322 	5321 	5358
f 5321 	5357 	5358
f 5323 	5322 	5359
f 5322 	5358 	5359
f 5324 	5323 	5360
f 5323 	5359 	5360
f 5325 	5324 	5361
f 5324 	5360 	5361
f 5326 	5325 	5362
f 5325 	5361 	5362
f 5327 	5326 	5363
f 5326 	5362 	5363
f 5328 	5327 	5364
f 5327 	5363 	5364
f 5329 	5328 	5365
f 5328 	5364 	5365
f 5330 	5329 	5366
f 5329 	5365 	5366
f 5331 	5330 	5367
f 5330 	5366 	5367
f 5332 	5331 	5368
f 5331 	5367 	5368
f 5333 	5332 	5369
f 5332 	5368 	5369
f 5334 	5333 	5370
f 5333 	5369 	5370
f 5335 	5334 	5371
f 5334 	5370 	5371
f 5336 	5335 	5372
f 5335 	5371 	5372
f 5337 	5336 	5373
f 5336 	5372 	5373
f 5338 	5337 	5374
f 5337 	5373 	5374
f 5339 	5338 	5375
f 5338 	5374 	5375
f 5340 	5339 	5376
f 5339 	5375 	5376
f 5341 	5340 	5377
f 5340 	5376 	5377
f 5342 	5341 	5378
f 5341 	5377 	5378
f 5343 	5342 	5379
f 5342 	5378 	5379
f 5344 	5343 	5380
f 5343 	5379 	5380
f 5345 	5344 	5381
f 5344 	5380 	5381
f 5346 	5345 	5382
f 5345 	5381 	5382
f 5347 	5346 	5383
f 5346 	5382 	5383
f 5348 	5347 	5384
f 5347 	5383 	5384
f 5349 	5348 	5385
f 5348 	5384 	5385
f 5314 	5349 	5350
f 5349 	5385 	5350
f 5351 	5350 	5387
f 5350 	5386 	5387
f 5352 	5351 	5388
f 5351 	5387 	5388
f 5353 	5352 	5389
f 5352 	5388 	5389
f 5354 	5353 	5390
f 5353 	5389 	5390
f 5355 	5354 	5391
f 5354 	5390 	5391
f 5356 	5355 	5392
f 5355 	5391 	5392
f 5357 	5356 	5393
f 5356 	5392 	5393
f 5358 	5357 	5394
f 5357 	5393 	5394
f 5359 	5358 	5395
f 5358 	5394 	5395
f 5360 	5359 	5396
f 5359 	5395 	5396
f 5361 	5360 	5397
f 5360 	5396 	5397
f 5362 	5361 	5398
f 5361 	5397 	5398
f 5363 	5362 	5399
f 5362 	5398 	5399
f 5364 	5363 	5400
f 5363 	5399 	5400
f 5365 	5364 	5401
f 5364 	5400 	5401
f 5366 	5365 	5402
f 5365 	5401 	5402
f 5367 	5366 	5403
f 5366 	5402 	5403
f 5368 	5367 	5404
f 5367 	5403 	5404
f 5369 	5368 	5405
f 5368 	5404 	5405
f 5370 	5369 	5406
f 5369 	5405 	5406
f 5371 	5370 	5407
f 5370 	5406 	5407
f 5372 	5371 	5408
f 5371 	5407 	5408
f 5373 	5372 	5409
f 5372 	5408 	5409
f 5374 	5373 	5410
f 5373 	5409 	5410
f 5375 	5374 	5411
f 5374 	5410 	5411
f 5376 	5375 	5412
f 5375 	5411 	5412
f 5377 	5376 	5413
f 5376 	5412 	5413
f 5378 	5377 	5414
f 5377 	5413 	5414
f 5379 	5378 	5415
f 5378 	5414 	5415
f 5380 	5379 	5416
f 5379 	5415 	5416
f 5381 	5380 	5417
f 5380 	5416 	5417
f 5382 	5381 	5418
f 5381 	5417 	5418
f 5383 	5382 	5419
f 5382 	5418 	5419
f 5384 	5383 	5420
f 5383 	5419 	5420
f 5385 	5384 	5421
f 5384 	5420 	5421
f 5350 	5385 	5386
f 5385 	5421 	5386
f 5387 	5386 	5423
f 5386 	5422 	5423
f 5388 	5387 	5424
f 5387 	5423 	5424
f 5389 	5388 	5425
f 5388 	5424 	5425
f 5390 	5389 	5426
f 5389 	5425 	5426
f 5391 	5390 	5427
f 5390 	5426 	5427
f 5392 	5391 	5428
f 5391 	5427 	5428
f 5393 	5392 	5429
f 5392 	5428 	5429
f 5394 	5393 	5430
f 5393 	5429 	5430
f 5395 	5394 	5431
f 5394 	5430 	5431
f 5396 	5395 	5432
f 5395 	5431 	5432
f 5397 	5396 	5433
f 5396 	5432 	5433
f 5398 	5397 	5434
f 5397 	5433 	5434
f 5399 	5398 	5435
f 5398 	5434 	5435
f 5400 	5399 	5436
f 5399 	5435 	5436
f 5401 	5400 	5437
f 5400 	5436 	5437
f 5402 	5401 	5438
f 5401 	5437 	5438
f 5403 	5402 	5439
f 5402 	5438 	5439
f 5404 	5403 	5440
f 5403 	5439 	5440
f 5405 	5404 	5441
f 5404 	5440 	5441
f 5406 	5405 	5442
f 5405 	5441 	5442
f 5407 	5406 	5443
f 5406 	5442 	5443
f 5408 	5407 	5444
f 5407 	5443 	5444
f 5409 	5408 	5445
f 5408 	5444 	5445
f 5410 	5409 	5446
f 5409 	5445 	5446
f 5411 	5410 	5447
f 5410 	5446 	5447
f 5412 	5411 	5448
f 5411 	5447 	5448
f 5413 	5412 	5449
f 5412 	5448 	5449
f 5414 	5413 	5450
f 5413 	5449 	5450
f 5415 	5414 	5451
f 5414 	5450 	5451
f 5416 	5415 	5452
f 5415 	5451 	5452
f 5417 	5416 	5453
f 5416 	5452 	5453
f 5418 	5417 	5454
f 5417 	5453 	5454
f 5419 	5418 	5455
f 5418 	5454 	5455
f 5420 	5419 	5456
f 5419 	5455 	5456
f 5421 	5420 	5457
f 5420 	5456 	5457
f 5386 	5421 	5422
f 5421 	5457 	5422
f 5423 	5422 	5459
f 5422 	5458 	5459
f 5424 	5423 	5460
f 5423 	5459 	5460
f 5425 	5424 	5461
f 5424 	5460 	5461
f 5426 	5425 	5462
f 5425 	5461 	5462
f 5427 	5426 	5463
f 5426 	5462 	5463
f 5428 	5427 	5464
f 5427 	5463 	5464
f 5429 	5428 	5465
f 5428 	5464 	5465
f 5430 	5429 	5466
f 5429 	5465 	5466
f 5431 	5430 	5467
f 5430 	5466 	5467
f 5432 	5431 	5468
f 5431 	5467 	5468
f 5433 	5432 	5469
f 5432 	5468 	5469
f 5434 	5433 	5470
f 5433 	5469 	5470
f 5435 	5434 	5471
f 5434 	5470 	5471
f 5436 	5435 	5472
f 5435 	5471 	5472
f 5437 	5436 	5473
f 5436 	5472 	5473
f 5438 	5437 	5474
f 5437 	5473 	5474
f 5439 	5438 	5475
f 5438 	5474 	5475
f 5440 	5439 	5476
f 5439 	5475 	5476
f 5441 	5440 	5477
f 5440 	5476 	5477
f 5442 	5441 	5478
f 5441 	5477 	5478
f 5443 	5442 	5479
f 5442 	5478 	5479
f 5444 	5443 	5480
f 5443 	5479 	5480
f 5445 	5444 	5481
f 5444 	5480 	5481
f 5446 	5445 	5482
f 5445 	5481 	5482
f 5447 	5446 	5483
f 5446 	5482 	5483
f 5448 	5447 	5484
f 5447 	5483 	5484
f 5449 	5448 	5485
f 5448 	5484 	5485
f 5450 	5449 	5486
f 5449 	5485 	5486
f 5451 	5450 	5487
f 5450 	5486 	5487
f 5452 	5451 	5488
f 5451 	5487 	5488
f 5453 	5452 	5489
f 5452 	5488 	5489
f 5454 	5453 	5490
f 5453 	5489 	5490
f 5455 	5454 	5491
f 5454 	5490 	5491
f 5456 	5455 	5492
f 5455 	5491 	5492
f 5457 	5456 	5493
f 5456 	5492 	5493
f 5422 	5457 	5458
f 5457 	5493 	5458
f 5459 	5458 	5495
f 5458 	5494 	5495
f 5460 	5459 	5496
f 5459 	5495 	5496
f 5461 	5460 	5497
f 5460 	5496 	5497
f 5462 	5461 	5498
f 5461 	5497 	5498
f 5463 	5462 	5499
f 5462 	5498 	5499
f 5464 	5463 	5500
f 5463 	5499 	5500
f 5465 	5464 	5501
f 5464 	5500 	5501
f 5466 	5465 	5502
f 5465 	5501 	5502
f 5467 	5466 	5503
f 5466 	5502 	5503
f 5468 	5467 	5504
f 5467 	5503 	5504
f 5469 	5468 	5505
f 5468 	5504 	5505
f 5470 	5469 	5506
f 5469 	5505 	5506
f 5471 	5470 	5507
f 5470 	5506 	5507
f 5472 	5471 	5508
f 5471 	5507 	5508
f 5473 	5472 	5509
f 5472 	5508 	5509
f 5474 	5473 	5510
f 5473 	5509 	5510
f 5475 	5474 	5511
f 5474 	5510 	5511
f 5476 	5475 	5512
f 5475 	5511 	5512
f 5477 	5476 	5513
f 5476 	5512 	5513
f 5478 	5477 	5514
f 5477 	5513 	5514
f 5479 	5478 	5515
f 5478 	5514 	5515
f 5480 	5479 	5516
f 5479 	5515 	5516
f 5481 	5480 	5517
f 5480 	5516 	5517
f 5482 	5481 	5518
f 5481 	5517 	5518
f 5483 	5482 	5519
f 5482 	5518 	5519
f 5484 	5483 	5520
f 5483 	5519 	5520
f 5485 	5484 	5521
f 5484 	5520 	5521
f 5486 	5485 	5522
f 5485 	5521 	5522
f 5487 	5486 	5523
f 5486 	5522 	5523
f 5488 	5487 	5524
f 5487 	5523 	5524
f 5489 	5488 	5525
f 5488 	5524 	5525
f 5490 	5489 	5526
f 5489 	5525 	5526
f 5491 	5490 	5527
f 5490 	5526 	5527
f 5492 	5491 	5528
f 5491 	5527 	5528
f 5493 	5492 	5529
f 5492 	5528 	5529
f 5458 	5493 	5494
f 5493 	5529 	5494
f 5495 	5494 	5530
f 5496 	5495 	5530
f 5497 	5496 	5530
f 5498 	5497 	5530
f 5499 	5498 	5530
f 5500 	5499 	5530
f 5501 	5500 	5530
f 5502 	5501 	5530
f 5503 	5502 	5530
f 5504 	5503 	5530
f 5505 	5504 	5530
f 5506 	5505 	5530
f 5507 	5506 	5530
f 5508 	5507 	5530
f 5509 	5508 	5530
f 5510 	5509 	5530
f 5511 	5510 	5530
f 5512 	5511 	5530
f 5513 	5512 	5530
f 5514 	5513 	5530
f 5515 	5514 	5530
f 5516 	5515 	5530
f 5517 	5516 	5530
f 5518 	5517 	5530
f 5519 	5518 	5530
f 5520 	5519 	5530
f 5521 	5520 	5530
f 5522 	5521 	5530
f 5523 	5522 	5530
f 5524 	5523 	5530
f 5525 	5524 	5530
f 5526 	5525 	5530
f 5527 	5526 	5530
f 5528 	5527 	5530
f 5529 	5528 	5530
f 5494 	5529 	5530
# 1224 faces

 #end of obj_9

o obj_10
v 21.6521 		-27.1741 		35.6035
v 21.5344 		-27.1747 		35.6182
v 21.5369 		-27.1895 		35.6224
v 21.5428 		-27.2039 		35.6257
v 21.552 		-27.2174 		35.628
v 21.5641 		-27.2296 		35.6293
v 21.5789 		-27.2402 		35.6295
v 21.5958 		-27.2489 		35.6286
v 21.6144 		-27.2553 		35.6267
v 21.634 		-27.2593 		35.6238
v 21.6541 		-27.2608 		35.6199
v 21.6742 		-27.2597 		35.6152
v 21.6934 		-27.256 		35.6099
v 21.7114 		-27.2499 		35.6041
v 21.7275 		-27.2416 		35.598
v 21.7412 		-27.2312 		35.5918
v 21.7522 		-27.2192 		35.5856
v 21.7601 		-27.2059 		35.5796
v 21.7646 		-27.1916 		35.5741
v 21.7656 		-27.1769 		35.5692
v 21.7632 		-27.1621 		35.565
v 21.7573 		-27.1477 		35.5617
v 21.7481 		-27.1342 		35.5594
v 21.7359 		-27.122 		35.5581
v 21.7212 		-27.1114 		35.5579
v 21.7043 		-27.1027 		35.5587
v 21.6857 		-27.0963 		35.5607
v 21.666 		-27.0923 		35.5636
v 21.6459 		-27.0908 		35.5675
v 21.6259 		-27.0919 		35.5721
v 21.6066 		-27.0956 		35.5774
v 21.5886 		-27.1017 		35.5832
v 21.5725 		-27.11 		35.5894
v 21.5588 		-27.1204 		35.5956
v 21.5478 		-27.1324 		35.6018
v 21.54 		-27.1457 		35.6078
v 21.5354 		-27.16 		35.6133
v 21.416 		-27.1788 		35.6127
v 21.4209 		-27.2079 		35.6209
v 21.4325 		-27.2362 		35.6275
v 21.4506 		-27.2628 		35.632
v 21.4745 		-27.2869 		35.6346
v 21.5036 		-27.3078 		35.635
v 21.5369 		-27.3248 		35.6333
v 21.5735 		-27.3375 		35.6294
v 21.6122 		-27.3454 		35.6236
v 21.6519 		-27.3483 		35.616
v 21.6913 		-27.3461 		35.6069
v 21.7293 		-27.3389 		35.5964
v 21.7646 		-27.3269 		35.585
v 21.7963 		-27.3105 		35.5729
v 21.8234 		-27.2901 		35.5606
v 21.845 		-27.2664 		35.5484
v 21.8605 		-27.2401 		35.5367
v 21.8694 		-27.212 		35.5258
v 21.8715 		-27.183 		35.5161
v 21.8666 		-27.1539 		35.5079
v 21.855 		-27.1256 		35.5014
v 21.8369 		-27.099 		35.4968
v 21.813 		-27.0749 		35.4943
v 21.7839 		-27.054 		35.4939
v 21.7506 		-27.0369 		35.4956
v 21.714 		-27.0243 		35.4994
v 21.6753 		-27.0164 		35.5052
v 21.6356 		-27.0135 		35.5128
v 21.5962 		-27.0157 		35.522
v 21.5582 		-27.0229 		35.5324
v 21.5228 		-27.0349 		35.5439
v 21.4911 		-27.0513 		35.5559
v 21.4641 		-27.0717 		35.5682
v 21.4424 		-27.0954 		35.5804
v 21.427 		-27.1217 		35.5921
v 21.418 		-27.1498 		35.603
v 21.3005 		-27.1861 		35.5872
v 21.3077 		-27.2287 		35.5993
v 21.3247 		-27.27 		35.6088
v 21.3511 		-27.3089 		35.6155
v 21.3861 		-27.3442 		35.6192
v 21.4286 		-27.3747 		35.6198
v 21.4773 		-27.3996 		35.6173
v 21.5308 		-27.4181 		35.6117
v 21.5874 		-27.4297 		35.6032
v 21.6453 		-27.4339 		35.5921
v 21.703 		-27.4307 		35.5787
v 21.7585 		-27.4202 		35.5634
v 21.8102 		-27.4026 		35.5467
v 21.8566 		-27.3786 		35.5291
v 21.8961 		-27.3488 		35.5111
v 21.9277 		-27.3142 		35.4933
v 21.9504 		-27.2757 		35.4761
v 21.9634 		-27.2347 		35.4602
v 21.9664 		-27.1922 		35.4461
v 21.9593 		-27.1497 		35.434
v 21.9422 		-27.1083 		35.4245
v 21.9158 		-27.0694 		35.4178
v 21.8809 		-27.0342 		35.4141
v 21.8384 		-27.0037 		35.4135
v 21.7896 		-26.9788 		35.416
v 21.7362 		-26.9602 		35.4216
v 21.6796 		-26.9487 		35.4301
v 21.6216 		-26.9444 		35.4412
v 21.5639 		-26.9476 		35.4546
v 21.5084 		-26.9582 		35.4699
v 21.4567 		-26.9757 		35.4866
v 21.4104 		-26.9997 		35.5042
v 21.3708 		-27.0295 		35.5222
v 21.3392 		-27.0642 		35.54
v 21.3166 		-27.1026 		35.5572
v 21.3035 		-27.1437 		35.5731
v 21.1915 		-27.1965 		35.5425
v 21.2007 		-27.2512 		35.558
v 21.2226 		-27.3044 		35.5702
v 21.2565 		-27.3544 		35.5789
v 21.3015 		-27.3997 		35.5837
v 21.3561 		-27.4389 		35.5844
v 21.4188 		-27.4709 		35.5812
v 21.4875 		-27.4947 		35.574
v 21.5603 		-27.5096 		35.5631
v 21.6348 		-27.5151 		35.5488
v 21.7089 		-27.511 		35.5316
v 21.7803 		-27.4974 		35.5119
v 21.8468 		-27.4749 		35.4904
v 21.9063 		-27.444 		35.4678
v 21.9572 		-27.4057 		35.4446
v 21.9978 		-27.3611 		35.4217
v 22.0269 		-27.3117 		35.3997
v 22.0437 		-27.2589 		35.3793
v 22.0475 		-27.2043 		35.3611
v 22.0384 		-27.1497 		35.3456
v 22.0165 		-27.0965 		35.3334
v 21.9825 		-27.0465 		35.3247
v 21.9376 		-27.0012 		35.3199
v 21.8829 		-26.9619 		35.3192
v 21.8203 		-26.9299 		35.3224
v 21.7516 		-26.9061 		35.3296
v 21.6788 		-26.8913 		35.3405
v 21.6042 		-26.8858 		35.3548
v 21.5302 		-26.8899 		35.372
v 21.4588 		-26.9034 		35.3917
v 21.3923 		-26.926 		35.4132
v 21.3327 		-26.9569 		35.4358
v 21.2818 		-26.9952 		35.459
v 21.2412 		-27.0397 		35.4819
v 21.2121 		-27.0891 		35.5039
v 21.1954 		-27.1419 		35.5243
v 21.0923 		-27.2096 		35.48
v 21.1032 		-27.2748 		35.4984
v 21.1293 		-27.3382 		35.513
v 21.1697 		-27.3977 		35.5233
v 21.2233 		-27.4517 		35.529
v 21.2884 		-27.4985 		35.5299
v 21.3631 		-27.5367 		35.5261
v 21.445 		-27.565 		35.5175
v 21.5317 		-27.5827 		35.5045
v 21.6206 		-27.5893 		35.4875
v 21.7089 		-27.5844 		35.4669
v 21.7939 		-27.5682 		35.4435
v 21.8732 		-27.5414 		35.4179
v 21.9442 		-27.5045 		35.3909
v 22.0048 		-27.4589 		35.3633
v 22.0532 		-27.4058 		35.336
v 22.0879 		-27.3469 		35.3098
v 22.1078 		-27.284 		35.2854
v 22.1124 		-27.219 		35.2637
v 22.1015 		-27.1538 		35.2453
v 22.0754 		-27.0905 		35.2307
v 22.035 		-27.0309 		35.2204
v 21.9814 		-26.9769 		35.2147
v 21.9163 		-26.9301 		35.2138
v 21.8416 		-26.8919 		35.2177
v 21.7597 		-26.8636 		35.2262
v 21.673 		-26.8459 		35.2392
v 21.5841 		-26.8394 		35.2563
v 21.4958 		-26.8442 		35.2768
v 21.4108 		-26.8604 		35.3002
v 21.3315 		-26.8873 		35.3258
v 21.2605 		-26.9241 		35.3528
v 21.1999 		-26.9697 		35.3804
v 21.1515 		-27.0228 		35.4077
v 21.1168 		-27.0817 		35.4339
v 21.0969 		-27.1446 		35.4583
v 21.0058 		-27.2251 		35.4015
v 21.0181 		-27.2988 		35.4223
v 21.0476 		-27.3704 		35.4388
v 21.0933 		-27.4378 		35.4505
v 21.1539 		-27.4988 		35.4569
v 21.2276 		-27.5517 		35.458
v 21.3119 		-27.5948 		35.4536
v 21.4046 		-27.6269 		35.4439
v 21.5026 		-27.6469 		35.4292
v 21.603 		-27.6543 		35.4099
v 21.7028 		-27.6487 		35.3867
v 21.799 		-27.6305 		35.3603
v 21.8886 		-27.6001 		35.3313
v 21.9689 		-27.5585 		35.3008
v 22.0374 		-27.5069 		35.2696
v 22.0921 		-27.4469 		35.2387
v 22.1314 		-27.3803 		35.2091
v 22.1539 		-27.3092 		35.1816
v 22.1591 		-27.2357 		35.157
v 22.1468 		-27.162 		35.1362
v 22.1173 		-27.0904 		35.1197
v 22.0715 		-27.023 		35.108
v 22.0109 		-26.962 		35.1016
v 21.9373 		-26.9091 		35.1005
v 21.8529 		-26.8659 		35.1049
v 21.7603 		-26.8339 		35.1146
v 21.6623 		-26.8138 		35.1293
v 21.5619 		-26.8065 		35.1486
v 21.462 		-26.812 		35.1718
v 21.3659 		-26.8303 		35.1983
v 21.2763 		-26.8606 		35.2272
v 21.196 		-26.9023 		35.2577
v 21.1275 		-26.9539 		35.2889
v 21.0728 		-27.0139 		35.3198
v 21.0335 		-27.0804 		35.3494
v 21.011 		-27.1516 		35.377
v 20.9347 		-27.2424 		35.3094
v 20.9481 		-27.3224 		35.3321
v 20.9801 		-27.4001 		35.3499
v 21.0297 		-27.4732 		35.3626
v 21.0955 		-27.5394 		35.3696
v 21.1753 		-27.5968 		35.3707
v 21.2669 		-27.6436 		35.3659
v 21.3674 		-27.6784 		35.3554
v 21.4738 		-27.7001 		35.3395
v 21.5828 		-27.7081 		35.3186
v 21.6911 		-27.7021 		35.2934
v 21.7954 		-27.6823 		35.2647
v 21.8926 		-27.6493 		35.2333
v 21.9797 		-27.6042 		35.2002
v 22.0541 		-27.5482 		35.1663
v 22.1135 		-27.4831 		35.1328
v 22.156 		-27.4109 		35.1006
v 22.1805 		-27.3337 		35.0708
v 22.1861 		-27.2539 		35.0441
v 22.1727 		-27.1739 		35.0215
v 22.1407 		-27.0962 		35.0036
v 22.0911 		-27.0231 		34.991
v 22.0254 		-26.9569 		34.984
v 21.9455 		-26.8995 		34.9829
v 21.8539 		-26.8527 		34.9876
v 21.7534 		-26.8179 		34.9982
v 21.6471 		-26.7962 		35.0141
v 21.5381 		-26.7882 		35.035
v 21.4298 		-26.7942 		35.0602
v 21.3254 		-26.814 		35.0889
v 21.2282 		-26.847 		35.1203
v 21.1411 		-26.8921 		35.1534
v 21.0668 		-26.9481 		35.1873
v 21.0074 		-27.0132 		35.2208
v 20.9648 		-27.0855 		35.2529
v 20.9403 		-27.1627 		35.2828
v 20.8812 		-27.2611 		35.2066
v 20.8952 		-27.3449 		35.2303
v 20.9288 		-27.4263 		35.2491
v 20.9808 		-27.5029 		35.2623
v 21.0497 		-27.5724 		35.2696
v 21.1334 		-27.6325 		35.2708
v 21.2294 		-27.6816 		35.2658
v 21.3347 		-27.718 		35.2548
v 21.4461 		-27.7408 		35.2381
v 21.5604 		-27.7491 		35.2162
v 21.6739 		-27.7429 		35.1898
v 21.7832 		-27.7221 		35.1597
v 21.8851 		-27.6876 		35.1268
v 21.9764 		-27.6402 		35.0921
v 22.0543 		-27.5816 		35.0566
v 22.1165 		-27.5133 		35.0215
v 22.1611 		-27.4376 		34.9878
v 22.1868 		-27.3567 		34.9565
v 22.1927 		-27.2731 		34.9286
v 22.1787 		-27.1893 		34.9049
v 22.1451 		-27.1079 		34.8861
v 22.0931 		-27.0313 		34.8729
v 22.0242 		-26.9619 		34.8656
v 21.9405 		-26.9017 		34.8644
v 21.8445 		-26.8527 		34.8694
v 21.7392 		-26.8162 		34.8804
v 21.6278 		-26.7935 		34.8971
v 21.5135 		-26.7851 		34.919
v 21.4 		-26.7914 		34.9454
v 21.2907 		-26.8121 		34.9755
v 21.1888 		-26.8467 		35.0084
v 21.0975 		-26.894 		35.0431
v 21.0196 		-26.9527 		35.0786
v 20.9574 		-27.0209 		35.1137
v 20.9128 		-27.0966 		35.1474
v 20.8871 		-27.1775 		35.1787
v 20.8469 		-27.2806 		35.0961
v 20.8611 		-27.3657 		35.1202
v 20.8952 		-27.4483 		35.1392
v 20.948 		-27.5261 		35.1527
v 21.0179 		-27.5966 		35.1601
v 21.103 		-27.6577 		35.1613
v 21.2004 		-27.7075 		35.1562
v 21.3073 		-27.7445 		35.1451
v 21.4205 		-27.7676 		35.1281
v 21.5365 		-27.7761 		35.1059
v 21.6518 		-27.7697 		35.0791
v 21.7628 		-27.7487 		35.0485
v 21.8663 		-27.7136 		35.0151
v 21.959 		-27.6655 		34.9798
v 22.0381 		-27.6059 		34.9438
v 22.1013 		-27.5367 		34.9082
v 22.1466 		-27.4598 		34.8739
v 22.1726 		-27.3777 		34.8421
v 22.1786 		-27.2928 		34.8138
v 22.1644 		-27.2077 		34.7897
v 22.1303 		-27.125 		34.7707
v 22.0775 		-27.0472 		34.7573
v 22.0075 		-26.9767 		34.7498
v 21.9225 		-26.9156 		34.7486
v 21.8251 		-26.8658 		34.7537
v 21.7181 		-26.8288 		34.7649
v 21.605 		-26.8057 		34.7818
v 21.489 		-26.7972 		34.804
v 21.3737 		-26.8036 		34.8309
v 21.2627 		-26.8246 		34.8614
v 21.1592 		-26.8597 		34.8948
v 21.0665 		-26.9078 		34.9301
v 20.9874 		-26.9674 		34.9661
v 20.9242 		-27.0367 		35.0018
v 20.8789 		-27.1135 		35.036
v 20.8529 		-27.1957 		35.0678
v 20.8328 		-27.3002 		34.9814
v 20.8468 		-27.384 		35.0051
v 20.8804 		-27.4654 		35.0238
v 20.9324 		-27.542 		35.037
v 21.0013 		-27.6115 		35.0444
v 21.085 		-27.6716 		35.0456
v 21.1809 		-27.7207 		35.0406
v 21.2863 		-27.7571 		35.0295
v 21.3977 		-27.7799 		35.0128
v 21.5119 		-27.7882 		34.991
v 21.6255 		-27.782 		34.9646
v 21.7348 		-27.7612 		34.9345
v 21.8367 		-27.7267 		34.9015
v 21.928 		-27.6793 		34.8668
v 22.0059 		-27.6206 		34.8314
v 22.0681 		-27.5524 		34.7963
v 22.1127 		-27.4767 		34.7625
v 22.1384 		-27.3958 		34.7312
v 22.1443 		-27.3122 		34.7033
v 22.1302 		-27.2284 		34.6796
v 22.0967 		-27.147 		34.6609
v 22.0447 		-27.0704 		34.6476
v 21.9758 		-27.001 		34.6403
v 21.8921 		-26.9408 		34.6391
v 21.7961 		-26.8918 		34.6441
v 21.6908 		-26.8553 		34.6551
v 21.5794 		-26.8325 		34.6718
v 21.4651 		-26.8242 		34.6937
v 21.3516 		-26.8305 		34.7201
v 21.2423 		-26.8512 		34.7502
v 21.1404 		-26.8858 		34.7831
v 21.0491 		-26.9331 		34.8178
v 20.9712 		-26.9918 		34.8533
v 20.9089 		-27.06 		34.8884
v 20.8643 		-27.1357 		34.9221
v 20.8387 		-27.2166 		34.9534
v 20.8394 		-27.3194 		34.8658
v 20.8528 		-27.3994 		34.8884
v 20.8847 		-27.4771 		34.9063
v 20.9344 		-27.5502 		34.9189
v 21.0001 		-27.6164 		34.9259
v 21.08 		-27.6738 		34.927
v 21.1716 		-27.7206 		34.9223
v 21.2721 		-27.7554 		34.9118
v 21.3784 		-27.7771 		34.8958
v 21.4874 		-27.7851 		34.875
v 21.5957 		-27.7791 		34.8498
v 21.7001 		-27.7593 		34.821
v 21.7973 		-27.7263 		34.7896
v 21.8844 		-27.6812 		34.7565
v 21.9587 		-27.6252 		34.7227
v 22.0181 		-27.5601 		34.6892
v 22.0607 		-27.4879 		34.657
v 22.0851 		-27.4107 		34.6271
v 22.0908 		-27.3309 		34.6005
v 22.0774 		-27.2509 		34.5779
v 22.0454 		-27.1732 		34.56
v 21.9958 		-27.1001 		34.5473
v 21.93 		-27.0339 		34.5404
v 21.8501 		-26.9765 		34.5392
v 21.7586 		-26.9297 		34.544
v 21.6581 		-26.8949 		34.5545
v 21.5517 		-26.8732 		34.5704
v 21.4427 		-26.8652 		34.5913
v 21.3344 		-26.8712 		34.6165
v 21.2301 		-26.891 		34.6452
v 21.1329 		-26.924 		34.6766
v 21.0458 		-26.9691 		34.7098
v 20.9714 		-27.0251 		34.7436
v 20.912 		-27.0902 		34.7771
v 20.8695 		-27.1625 		34.8093
v 20.845 		-27.2397 		34.8391
v 20.8664 		-27.3377 		34.7529
v 20.8787 		-27.4114 		34.7738
v 20.9082 		-27.483 		34.7903
v 20.9539 		-27.5503 		34.8019
v 21.0145 		-27.6114 		34.8083
v 21.0882 		-27.6643 		34.8094
v 21.1726 		-27.7074 		34.805
v 21.2652 		-27.7395 		34.7953
v 21.3632 		-27.7595 		34.7806
v 21.4636 		-27.7668 		34.7614
v 21.5635 		-27.7613 		34.7382
v 21.6596 		-27.7431 		34.7117
v 21.7492 		-27.7127 		34.6827
v 21.8295 		-27.6711 		34.6522
v 21.898 		-27.6195 		34.621
v 21.9527 		-27.5595 		34.5901
v 21.992 		-27.4929 		34.5605
v 22.0145 		-27.4217 		34.533
v 22.0197 		-27.3482 		34.5084
v 22.0074 		-27.2745 		34.4876
v 21.9779 		-27.2029 		34.4711
v 21.9321 		-27.1356 		34.4595
v 21.8716 		-27.0745 		34.453
v 21.7979 		-27.0216 		34.452
v 21.7135 		-26.9785 		34.4564
v 21.6209 		-26.9464 		34.466
v 21.5229 		-26.9264 		34.4807
v 21.4225 		-26.9191 		34.5
v 21.3226 		-26.9246 		34.5232
v 21.2265 		-26.9428 		34.5497
v 21.1369 		-26.9732 		34.5786
v 21.0566 		-27.0148 		34.6091
v 20.9881 		-27.0664 		34.6403
v 20.9334 		-27.1264 		34.6712
v 20.8941 		-27.193 		34.7009
v 20.8716 		-27.2641 		34.7284
v 20.9131 		-27.3544 		34.6462
v 20.924 		-27.4195 		34.6646
v 20.9501 		-27.4829 		34.6792
v 20.9905 		-27.5425 		34.6895
v 21.0441 		-27.5965 		34.6952
v 21.1092 		-27.6432 		34.6961
v 21.1839 		-27.6814 		34.6923
v 21.2658 		-27.7098 		34.6837
v 21.3525 		-27.7275 		34.6707
v 21.4414 		-27.734 		34.6537
v 21.5296 		-27.7291 		34.6331
v 21.6147 		-27.713 		34.6097
v 21.6939 		-27.6861 		34.5841
v 21.765 		-27.6492 		34.5571
v 21.8256 		-27.6036 		34.5295
v 21.874 		-27.5505 		34.5022
v 21.9087 		-27.4916 		34.476
v 21.9286 		-27.4287 		34.4516
v 21.9332 		-27.3637 		34.4299
v 21.9223 		-27.2985 		34.4115
v 21.8962 		-27.2352 		34.3969
v 21.8558 		-27.1756 		34.3866
v 21.8022 		-27.1216 		34.3809
v 21.7371 		-27.0748 		34.38
v 21.6624 		-27.0366 		34.3839
v 21.5805 		-27.0083 		34.3924
v 21.4938 		-26.9906 		34.4054
v 21.4049 		-26.9841 		34.4225
v 21.3166 		-26.989 		34.443
v 21.2316 		-27.0051 		34.4664
v 21.1523 		-27.032 		34.492
v 21.0813 		-27.0688 		34.519
v 21.0207 		-27.1144 		34.5466
v 20.9723 		-27.1675 		34.5739
v 20.9376 		-27.2264 		34.6001
v 20.9177 		-27.2893 		34.6245
v 20.978 		-27.369 		34.5489
v 20.9871 		-27.4237 		34.5643
v 21.009 		-27.4768 		34.5766
v 21.0429 		-27.5268 		34.5852
v 21.0879 		-27.5721 		34.59
v 21.1426 		-27.6114 		34.5908
v 21.2052 		-27.6434 		34.5875
v 21.2739 		-27.6672 		34.5803
v 21.3467 		-27.6821 		34.5694
v 21.4212 		-27.6875 		34.5551
v 21.4953 		-27.6834 		34.5379
v 21.5667 		-27.6699 		34.5182
v 21.6332 		-27.6473 		34.4968
v 21.6928 		-27.6164 		34.4741
v 21.7437 		-27.5781 		34.451
v 21.7843 		-27.5336 		34.428
v 21.8134 		-27.4842 		34.406
v 21.8301 		-27.4314 		34.3856
v 21.834 		-27.3768 		34.3674
v 21.8248 		-27.3221 		34.3519
v 21.8029 		-27.269 		34.3397
v 21.769 		-27.219 		34.331
v 21.724 		-27.1737 		34.3263
v 21.6694 		-27.1344 		34.3255
v 21.6067 		-27.1024 		34.3287
v 21.538 		-27.0786 		34.3359
v 21.4652 		-27.0637 		34.3468
v 21.3907 		-27.0583 		34.3611
v 21.3166 		-27.0624 		34.3783
v 21.2452 		-27.0759 		34.398
v 21.1787 		-27.0985 		34.4195
v 21.1191 		-27.1294 		34.4421
v 21.0683 		-27.1677 		34.4653
v 21.0277 		-27.2122 		34.4882
v 20.9985 		-27.2616 		34.5102
v 20.9818 		-27.3144 		34.5306
v 21.0591 		-27.3811 		34.4639
v 21.0662 		-27.4236 		34.4759
v 21.0832 		-27.465 		34.4854
v 21.1096 		-27.5039 		34.4921
v 21.1446 		-27.5391 		34.4959
v 21.1871 		-27.5697 		34.4965
v 21.2359 		-27.5946 		34.4939
v 21.2893 		-27.6131 		34.4883
v 21.3459 		-27.6246 		34.4798
v 21.4039 		-27.6289 		34.4687
v 21.4615 		-27.6257 		34.4553
v 21.5171 		-27.6152 		34.44
v 21.5688 		-27.5976 		34.4233
v 21.6151 		-27.5736 		34.4057
v 21.6547 		-27.5438 		34.3877
v 21.6863 		-27.5092 		34.3699
v 21.7089 		-27.4707 		34.3528
v 21.722 		-27.4296 		34.3369
v 21.725 		-27.3872 		34.3227
v 21.7178 		-27.3446 		34.3107
v 21.7008 		-27.3033 		34.3011
v 21.6744 		-27.2644 		34.2944
v 21.6394 		-27.2292 		34.2907
v 21.5969 		-27.1986 		34.2901
v 21.5482 		-27.1737 		34.2926
v 21.4947 		-27.1552 		34.2982
v 21.4381 		-27.1437 		34.3067
v 21.3801 		-27.1394 		34.3178
v 21.3225 		-27.1426 		34.3312
v 21.267 		-27.1531 		34.3465
v 21.2153 		-27.1707 		34.3632
v 21.1689 		-27.1947 		34.3808
v 21.1293 		-27.2245 		34.3988
v 21.0978 		-27.2591 		34.4167
v 21.0751 		-27.2976 		34.4338
v 21.0621 		-27.3386 		34.4497
v 21.154 		-27.3904 		34.3938
v 21.1589 		-27.4195 		34.402
v 21.1705 		-27.4477 		34.4085
v 21.1886 		-27.4743 		34.4131
v 21.2125 		-27.4984 		34.4157
v 21.2416 		-27.5193 		34.4161
v 21.2749 		-27.5364 		34.4143
v 21.3115 		-27.549 		34.4105
v 21.3502 		-27.5569 		34.4047
v 21.3899 		-27.5598 		34.3971
v 21.4293 		-27.5577 		34.3879
v 21.4673 		-27.5505 		34.3775
v 21.5027 		-27.5385 		34.3661
v 21.5344 		-27.522 		34.354
v 21.5614 		-27.5016 		34.3417
v 21.583 		-27.4779 		34.3295
v 21.5985 		-27.4517 		34.3178
v 21.6074 		-27.4236 		34.3069
v 21.6095 		-27.3945 		34.2972
v 21.6046 		-27.3654 		34.289
v 21.593 		-27.3371 		34.2825
v 21.5749 		-27.3105 		34.2779
v 21.551 		-27.2864 		34.2753
v 21.5219 		-27.2655 		34.2749
v 21.4886 		-27.2485 		34.2767
v 21.452 		-27.2358 		34.2805
v 21.4133 		-27.2279 		34.2863
v 21.3736 		-27.225 		34.2939
v 21.3342 		-27.2272 		34.3031
v 21.2962 		-27.2344 		34.3135
v 21.2608 		-27.2464 		34.3249
v 21.2291 		-27.2629 		34.337
v 21.2021 		-27.2832 		34.3493
v 21.1805 		-27.3069 		34.3615
v 21.165 		-27.3332 		34.3732
v 21.1561 		-27.3613 		34.3841
v 21.2598 		-27.3965 		34.3408
v 21.2623 		-27.4112 		34.3449
v 21.2682 		-27.4256 		34.3482
v 21.2774 		-27.4391 		34.3506
v 21.2895 		-27.4513 		34.3519
v 21.3043 		-27.4619 		34.3521
v 21.3212 		-27.4706 		34.3512
v 21.3398 		-27.477 		34.3492
v 21.3595 		-27.481 		34.3463
v 21.3796 		-27.4825 		34.3424
v 21.3996 		-27.4814 		34.3378
v 21.4189 		-27.4777 		34.3325
v 21.4369 		-27.4717 		34.3267
v 21.453 		-27.4633 		34.3206
v 21.4667 		-27.453 		34.3143
v 21.4777 		-27.4409 		34.3081
v 21.4855 		-27.4276 		34.3022
v 21.4901 		-27.4133 		34.2966
v 21.4911 		-27.3986 		34.2917
v 21.4886 		-27.3838 		34.2875
v 21.4827 		-27.3694 		34.2842
v 21.4735 		-27.3559 		34.2819
v 21.4614 		-27.3437 		34.2806
v 21.4466 		-27.3331 		34.2804
v 21.4297 		-27.3244 		34.2813
v 21.4111 		-27.318 		34.2832
v 21.3915 		-27.314 		34.2862
v 21.3713 		-27.3125 		34.29
v 21.3513 		-27.3136 		34.2947
v 21.332 		-27.3173 		34.3
v 21.3141 		-27.3234 		34.3058
v 21.298 		-27.3317 		34.3119
v 21.2842 		-27.3421 		34.3182
v 21.2733 		-27.3541 		34.3244
v 21.2654 		-27.3675 		34.3303
v 21.2609 		-27.3817 		34.3358
v 21.3733 		-27.3992 		34.3064
# 614 vertices

g group_10_16448250

usemtl color_16448250
s 0

f 5531 	5532 	5533
f 5531 	5533 	5534
f 5531 	5534 	5535
f 5531 	5535 	5536
f 5531 	5536 	5537
f 5531 	5537 	5538
f 5531 	5538 	5539
f 5531 	5539 	5540
f 5531 	5540 	5541
f 5531 	5541 	5542
f 5531 	5542 	5543
f 5531 	5543 	5544
f 5531 	5544 	5545
f 5531 	5545 	5546
f 5531 	5546 	5547
f 5531 	5547 	5548
f 5531 	5548 	5549
f 5531 	5549 	5550
f 5531 	5550 	5551
f 5531 	5551 	5552
f 5531 	5552 	5553
f 5531 	5553 	5554
f 5531 	5554 	5555
f 5531 	5555 	5556
f 5531 	5556 	5557
f 5531 	5557 	5558
f 5531 	5558 	5559
f 5531 	5559 	5560
f 5531 	5560 	5561
f 5531 	5561 	5562
f 5531 	5562 	5563
f 5531 	5563 	5564
f 5531 	5564 	5565
f 5531 	5565 	5566
f 5531 	5566 	5567
f 5531 	5567 	5532
f 5533 	5532 	5569
f 5532 	5568 	5569
f 5534 	5533 	5570
f 5533 	5569 	5570
f 5535 	5534 	5571
f 5534 	5570 	5571
f 5536 	5535 	5572
f 5535 	5571 	5572
f 5537 	5536 	5573
f 5536 	5572 	5573
f 5538 	5537 	5574
f 5537 	5573 	5574
f 5539 	5538 	5575
f 5538 	5574 	5575
f 5540 	5539 	5576
f 5539 	5575 	5576
f 5541 	5540 	5577
f 5540 	5576 	5577
f 5542 	5541 	5578
f 5541 	5577 	5578
f 5543 	5542 	5579
f 5542 	5578 	5579
f 5544 	5543 	5580
f 5543 	5579 	5580
f 5545 	5544 	5581
f 5544 	5580 	5581
f 5546 	5545 	5582
f 5545 	5581 	5582
f 5547 	5546 	5583
f 5546 	5582 	5583
f 5548 	5547 	5584
f 5547 	5583 	5584
f 5549 	5548 	5585
f 5548 	5584 	5585
f 5550 	5549 	5586
f 5549 	5585 	5586
f 5551 	5550 	5587
f 5550 	5586 	5587
f 5552 	5551 	5588
f 5551 	5587 	5588
f 5553 	5552 	5589
f 5552 	5588 	5589
f 5554 	5553 	5590
f 5553 	5589 	5590
f 5555 	5554 	5591
f 5554 	5590 	5591
f 5556 	5555 	5592
f 5555 	5591 	5592
f 5557 	5556 	5593
f 5556 	5592 	5593
f 5558 	5557 	5594
f 5557 	5593 	5594
f 5559 	5558 	5595
f 5558 	5594 	5595
f 5560 	5559 	5596
f 5559 	5595 	5596
f 5561 	5560 	5597
f 5560 	5596 	5597
f 5562 	5561 	5598
f 5561 	5597 	5598
f 5563 	5562 	5599
f 5562 	5598 	5599
f 5564 	5563 	5600
f 5563 	5599 	5600
f 5565 	5564 	5601
f 5564 	5600 	5601
f 5566 	5565 	5602
f 5565 	5601 	5602
f 5567 	5566 	5603
f 5566 	5602 	5603
f 5532 	5567 	5568
f 5567 	5603 	5568
f 5569 	5568 	5605
f 5568 	5604 	5605
f 5570 	5569 	5606
f 5569 	5605 	5606
f 5571 	5570 	5607
f 5570 	5606 	5607
f 5572 	5571 	5608
f 5571 	5607 	5608
f 5573 	5572 	5609
f 5572 	5608 	5609
f 5574 	5573 	5610
f 5573 	5609 	5610
f 5575 	5574 	5611
f 5574 	5610 	5611
f 5576 	5575 	5612
f 5575 	5611 	5612
f 5577 	5576 	5613
f 5576 	5612 	5613
f 5578 	5577 	5614
f 5577 	5613 	5614
f 5579 	5578 	5615
f 5578 	5614 	5615
f 5580 	5579 	5616
f 5579 	5615 	5616
f 5581 	5580 	5617
f 5580 	5616 	5617
f 5582 	5581 	5618
f 5581 	5617 	5618
f 5583 	5582 	5619
f 5582 	5618 	5619
f 5584 	5583 	5620
f 5583 	5619 	5620
f 5585 	5584 	5621
f 5584 	5620 	5621
f 5586 	5585 	5622
f 5585 	5621 	5622
f 5587 	5586 	5623
f 5586 	5622 	5623
f 5588 	5587 	5624
f 5587 	5623 	5624
f 5589 	5588 	5625
f 5588 	5624 	5625
f 5590 	5589 	5626
f 5589 	5625 	5626
f 5591 	5590 	5627
f 5590 	5626 	5627
f 5592 	5591 	5628
f 5591 	5627 	5628
f 5593 	5592 	5629
f 5592 	5628 	5629
f 5594 	5593 	5630
f 5593 	5629 	5630
f 5595 	5594 	5631
f 5594 	5630 	5631
f 5596 	5595 	5632
f 5595 	5631 	5632
f 5597 	5596 	5633
f 5596 	5632 	5633
f 5598 	5597 	5634
f 5597 	5633 	5634
f 5599 	5598 	5635
f 5598 	5634 	5635
f 5600 	5599 	5636
f 5599 	5635 	5636
f 5601 	5600 	5637
f 5600 	5636 	5637
f 5602 	5601 	5638
f 5601 	5637 	5638
f 5603 	5602 	5639
f 5602 	5638 	5639
f 5568 	5603 	5604
f 5603 	5639 	5604
f 5605 	5604 	5641
f 5604 	5640 	5641
f 5606 	5605 	5642
f 5605 	5641 	5642
f 5607 	5606 	5643
f 5606 	5642 	5643
f 5608 	5607 	5644
f 5607 	5643 	5644
f 5609 	5608 	5645
f 5608 	5644 	5645
f 5610 	5609 	5646
f 5609 	5645 	5646
f 5611 	5610 	5647
f 5610 	5646 	5647
f 5612 	5611 	5648
f 5611 	5647 	5648
f 5613 	5612 	5649
f 5612 	5648 	5649
f 5614 	5613 	5650
f 5613 	5649 	5650
f 5615 	5614 	5651
f 5614 	5650 	5651
f 5616 	5615 	5652
f 5615 	5651 	5652
f 5617 	5616 	5653
f 5616 	5652 	5653
f 5618 	5617 	5654
f 5617 	5653 	5654
f 5619 	5618 	5655
f 5618 	5654 	5655
f 5620 	5619 	5656
f 5619 	5655 	5656
f 5621 	5620 	5657
f 5620 	5656 	5657
f 5622 	5621 	5658
f 5621 	5657 	5658
f 5623 	5622 	5659
f 5622 	5658 	5659
f 5624 	5623 	5660
f 5623 	5659 	5660
f 5625 	5624 	5661
f 5624 	5660 	5661
f 5626 	5625 	5662
f 5625 	5661 	5662
f 5627 	5626 	5663
f 5626 	5662 	5663
f 5628 	5627 	5664
f 5627 	5663 	5664
f 5629 	5628 	5665
f 5628 	5664 	5665
f 5630 	5629 	5666
f 5629 	5665 	5666
f 5631 	5630 	5667
f 5630 	5666 	5667
f 5632 	5631 	5668
f 5631 	5667 	5668
f 5633 	5632 	5669
f 5632 	5668 	5669
f 5634 	5633 	5670
f 5633 	5669 	5670
f 5635 	5634 	5671
f 5634 	5670 	5671
f 5636 	5635 	5672
f 5635 	5671 	5672
f 5637 	5636 	5673
f 5636 	5672 	5673
f 5638 	5637 	5674
f 5637 	5673 	5674
f 5639 	5638 	5675
f 5638 	5674 	5675
f 5604 	5639 	5640
f 5639 	5675 	5640
f 5641 	5640 	5677
f 5640 	5676 	5677
f 5642 	5641 	5678
f 5641 	5677 	5678
f 5643 	5642 	5679
f 5642 	5678 	5679
f 5644 	5643 	5680
f 5643 	5679 	5680
f 5645 	5644 	5681
f 5644 	5680 	5681
f 5646 	5645 	5682
f 5645 	5681 	5682
f 5647 	5646 	5683
f 5646 	5682 	5683
f 5648 	5647 	5684
f 5647 	5683 	5684
f 5649 	5648 	5685
f 5648 	5684 	5685
f 5650 	5649 	5686
f 5649 	5685 	5686
f 5651 	5650 	5687
f 5650 	5686 	5687
f 5652 	5651 	5688
f 5651 	5687 	5688
f 5653 	5652 	5689
f 5652 	5688 	5689
f 5654 	5653 	5690
f 5653 	5689 	5690
f 5655 	5654 	5691
f 5654 	5690 	5691
f 5656 	5655 	5692
f 5655 	5691 	5692
f 5657 	5656 	5693
f 5656 	5692 	5693
f 5658 	5657 	5694
f 5657 	5693 	5694
f 5659 	5658 	5695
f 5658 	5694 	5695
f 5660 	5659 	5696
f 5659 	5695 	5696
f 5661 	5660 	5697
f 5660 	5696 	5697
f 5662 	5661 	5698
f 5661 	5697 	5698
f 5663 	5662 	5699
f 5662 	5698 	5699
f 5664 	5663 	5700
f 5663 	5699 	5700
f 5665 	5664 	5701
f 5664 	5700 	5701
f 5666 	5665 	5702
f 5665 	5701 	5702
f 5667 	5666 	5703
f 5666 	5702 	5703
f 5668 	5667 	5704
f 5667 	5703 	5704
f 5669 	5668 	5705
f 5668 	5704 	5705
f 5670 	5669 	5706
f 5669 	5705 	5706
f 5671 	5670 	5707
f 5670 	5706 	5707
f 5672 	5671 	5708
f 5671 	5707 	5708
f 5673 	5672 	5709
f 5672 	5708 	5709
f 5674 	5673 	5710
f 5673 	5709 	5710
f 5675 	5674 	5711
f 5674 	5710 	5711
f 5640 	5675 	5676
f 5675 	5711 	5676
f 5677 	5676 	5713
f 5676 	5712 	5713
f 5678 	5677 	5714
f 5677 	5713 	5714
f 5679 	5678 	5715
f 5678 	5714 	5715
f 5680 	5679 	5716
f 5679 	5715 	5716
f 5681 	5680 	5717
f 5680 	5716 	5717
f 5682 	5681 	5718
f 5681 	5717 	5718
f 5683 	5682 	5719
f 5682 	5718 	5719
f 5684 	5683 	5720
f 5683 	5719 	5720
f 5685 	5684 	5721
f 5684 	5720 	5721
f 5686 	5685 	5722
f 5685 	5721 	5722
f 5687 	5686 	5723
f 5686 	5722 	5723
f 5688 	5687 	5724
f 5687 	5723 	5724
f 5689 	5688 	5725
f 5688 	5724 	5725
f 5690 	5689 	5726
f 5689 	5725 	5726
f 5691 	5690 	5727
f 5690 	5726 	5727
f 5692 	5691 	5728
f 5691 	5727 	5728
f 5693 	5692 	5729
f 5692 	5728 	5729
f 5694 	5693 	5730
f 5693 	5729 	5730
f 5695 	5694 	5731
f 5694 	5730 	5731
f 5696 	5695 	5732
f 5695 	5731 	5732
f 5697 	5696 	5733
f 5696 	5732 	5733
f 5698 	5697 	5734
f 5697 	5733 	5734
f 5699 	5698 	5735
f 5698 	5734 	5735
f 5700 	5699 	5736
f 5699 	5735 	5736
f 5701 	5700 	5737
f 5700 	5736 	5737
f 5702 	5701 	5738
f 5701 	5737 	5738
f 5703 	5702 	5739
f 5702 	5738 	5739
f 5704 	5703 	5740
f 5703 	5739 	5740
f 5705 	5704 	5741
f 5704 	5740 	5741
f 5706 	5705 	5742
f 5705 	5741 	5742
f 5707 	5706 	5743
f 5706 	5742 	5743
f 5708 	5707 	5744
f 5707 	5743 	5744
f 5709 	5708 	5745
f 5708 	5744 	5745
f 5710 	5709 	5746
f 5709 	5745 	5746
f 5711 	5710 	5747
f 5710 	5746 	5747
f 5676 	5711 	5712
f 5711 	5747 	5712
f 5713 	5712 	5749
f 5712 	5748 	5749
f 5714 	5713 	5750
f 5713 	5749 	5750
f 5715 	5714 	5751
f 5714 	5750 	5751
f 5716 	5715 	5752
f 5715 	5751 	5752
f 5717 	5716 	5753
f 5716 	5752 	5753
f 5718 	5717 	5754
f 5717 	5753 	5754
f 5719 	5718 	5755
f 5718 	5754 	5755
f 5720 	5719 	5756
f 5719 	5755 	5756
f 5721 	5720 	5757
f 5720 	5756 	5757
f 5722 	5721 	5758
f 5721 	5757 	5758
f 5723 	5722 	5759
f 5722 	5758 	5759
f 5724 	5723 	5760
f 5723 	5759 	5760
f 5725 	5724 	5761
f 5724 	5760 	5761
f 5726 	5725 	5762
f 5725 	5761 	5762
f 5727 	5726 	5763
f 5726 	5762 	5763
f 5728 	5727 	5764
f 5727 	5763 	5764
f 5729 	5728 	5765
f 5728 	5764 	5765
f 5730 	5729 	5766
f 5729 	5765 	5766
f 5731 	5730 	5767
f 5730 	5766 	5767
f 5732 	5731 	5768
f 5731 	5767 	5768
f 5733 	5732 	5769
f 5732 	5768 	5769
f 5734 	5733 	5770
f 5733 	5769 	5770
f 5735 	5734 	5771
f 5734 	5770 	5771
f 5736 	5735 	5772
f 5735 	5771 	5772
f 5737 	5736 	5773
f 5736 	5772 	5773
f 5738 	5737 	5774
f 5737 	5773 	5774
f 5739 	5738 	5775
f 5738 	5774 	5775
f 5740 	5739 	5776
f 5739 	5775 	5776
f 5741 	5740 	5777
f 5740 	5776 	5777
f 5742 	5741 	5778
f 5741 	5777 	5778
f 5743 	5742 	5779
f 5742 	5778 	5779
f 5744 	5743 	5780
f 5743 	5779 	5780
f 5745 	5744 	5781
f 5744 	5780 	5781
f 5746 	5745 	5782
f 5745 	5781 	5782
f 5747 	5746 	5783
f 5746 	5782 	5783
f 5712 	5747 	5748
f 5747 	5783 	5748
f 5749 	5748 	5785
f 5748 	5784 	5785
f 5750 	5749 	5786
f 5749 	5785 	5786
f 5751 	5750 	5787
f 5750 	5786 	5787
f 5752 	5751 	5788
f 5751 	5787 	5788
f 5753 	5752 	5789
f 5752 	5788 	5789
f 5754 	5753 	5790
f 5753 	5789 	5790
f 5755 	5754 	5791
f 5754 	5790 	5791
f 5756 	5755 	5792
f 5755 	5791 	5792
f 5757 	5756 	5793
f 5756 	5792 	5793
f 5758 	5757 	5794
f 5757 	5793 	5794
f 5759 	5758 	5795
f 5758 	5794 	5795
f 5760 	5759 	5796
f 5759 	5795 	5796
f 5761 	5760 	5797
f 5760 	5796 	5797
f 5762 	5761 	5798
f 5761 	5797 	5798
f 5763 	5762 	5799
f 5762 	5798 	5799
f 5764 	5763 	5800
f 5763 	5799 	5800
f 5765 	5764 	5801
f 5764 	5800 	5801
f 5766 	5765 	5802
f 5765 	5801 	5802
f 5767 	5766 	5803
f 5766 	5802 	5803
f 5768 	5767 	5804
f 5767 	5803 	5804
f 5769 	5768 	5805
f 5768 	5804 	5805
f 5770 	5769 	5806
f 5769 	5805 	5806
f 5771 	5770 	5807
f 5770 	5806 	5807
f 5772 	5771 	5808
f 5771 	5807 	5808
f 5773 	5772 	5809
f 5772 	5808 	5809
f 5774 	5773 	5810
f 5773 	5809 	5810
f 5775 	5774 	5811
f 5774 	5810 	5811
f 5776 	5775 	5812
f 5775 	5811 	5812
f 5777 	5776 	5813
f 5776 	5812 	5813
f 5778 	5777 	5814
f 5777 	5813 	5814
f 5779 	5778 	5815
f 5778 	5814 	5815
f 5780 	5779 	5816
f 5779 	5815 	5816
f 5781 	5780 	5817
f 5780 	5816 	5817
f 5782 	5781 	5818
f 5781 	5817 	5818
f 5783 	5782 	5819
f 5782 	5818 	5819
f 5748 	5783 	5784
f 5783 	5819 	5784
f 5785 	5784 	5821
f 5784 	5820 	5821
f 5786 	5785 	5822
f 5785 	5821 	5822
f 5787 	5786 	5823
f 5786 	5822 	5823
f 5788 	5787 	5824
f 5787 	5823 	5824
f 5789 	5788 	5825
f 5788 	5824 	5825
f 5790 	5789 	5826
f 5789 	5825 	5826
f 5791 	5790 	5827
f 5790 	5826 	5827
f 5792 	5791 	5828
f 5791 	5827 	5828
f 5793 	5792 	5829
f 5792 	5828 	5829
f 5794 	5793 	5830
f 5793 	5829 	5830
f 5795 	5794 	5831
f 5794 	5830 	5831
f 5796 	5795 	5832
f 5795 	5831 	5832
f 5797 	5796 	5833
f 5796 	5832 	5833
f 5798 	5797 	5834
f 5797 	5833 	5834
f 5799 	5798 	5835
f 5798 	5834 	5835
f 5800 	5799 	5836
f 5799 	5835 	5836
f 5801 	5800 	5837
f 5800 	5836 	5837
f 5802 	5801 	5838
f 5801 	5837 	5838
f 5803 	5802 	5839
f 5802 	5838 	5839
f 5804 	5803 	5840
f 5803 	5839 	5840
f 5805 	5804 	5841
f 5804 	5840 	5841
f 5806 	5805 	5842
f 5805 	5841 	5842
f 5807 	5806 	5843
f 5806 	5842 	5843
f 5808 	5807 	5844
f 5807 	5843 	5844
f 5809 	5808 	5845
f 5808 	5844 	5845
f 5810 	5809 	5846
f 5809 	5845 	5846
f 5811 	5810 	5847
f 5810 	5846 	5847
f 5812 	5811 	5848
f 5811 	5847 	5848
f 5813 	5812 	5849
f 5812 	5848 	5849
f 5814 	5813 	5850
f 5813 	5849 	5850
f 5815 	5814 	5851
f 5814 	5850 	5851
f 5816 	5815 	5852
f 5815 	5851 	5852
f 5817 	5816 	5853
f 5816 	5852 	5853
f 5818 	5817 	5854
f 5817 	5853 	5854
f 5819 	5818 	5855
f 5818 	5854 	5855
f 5784 	5819 	5820
f 5819 	5855 	5820
f 5821 	5820 	5857
f 5820 	5856 	5857
f 5822 	5821 	5858
f 5821 	5857 	5858
f 5823 	5822 	5859
f 5822 	5858 	5859
f 5824 	5823 	5860
f 5823 	5859 	5860
f 5825 	5824 	5861
f 5824 	5860 	5861
f 5826 	5825 	5862
f 5825 	5861 	5862
f 5827 	5826 	5863
f 5826 	5862 	5863
f 5828 	5827 	5864
f 5827 	5863 	5864
f 5829 	5828 	5865
f 5828 	5864 	5865
f 5830 	5829 	5866
f 5829 	5865 	5866
f 5831 	5830 	5867
f 5830 	5866 	5867
f 5832 	5831 	5868
f 5831 	5867 	5868
f 5833 	5832 	5869
f 5832 	5868 	5869
f 5834 	5833 	5870
f 5833 	5869 	5870
f 5835 	5834 	5871
f 5834 	5870 	5871
f 5836 	5835 	5872
f 5835 	5871 	5872
f 5837 	5836 	5873
f 5836 	5872 	5873
f 5838 	5837 	5874
f 5837 	5873 	5874
f 5839 	5838 	5875
f 5838 	5874 	5875
f 5840 	5839 	5876
f 5839 	5875 	5876
f 5841 	5840 	5877
f 5840 	5876 	5877
f 5842 	5841 	5878
f 5841 	5877 	5878
f 5843 	5842 	5879
f 5842 	5878 	5879
f 5844 	5843 	5880
f 5843 	5879 	5880
f 5845 	5844 	5881
f 5844 	5880 	5881
f 5846 	5845 	5882
f 5845 	5881 	5882
f 5847 	5846 	5883
f 5846 	5882 	5883
f 5848 	5847 	5884
f 5847 	5883 	5884
f 5849 	5848 	5885
f 5848 	5884 	5885
f 5850 	5849 	5886
f 5849 	5885 	5886
f 5851 	5850 	5887
f 5850 	5886 	5887
f 5852 	5851 	5888
f 5851 	5887 	5888
f 5853 	5852 	5889
f 5852 	5888 	5889
f 5854 	5853 	5890
f 5853 	5889 	5890
f 5855 	5854 	5891
f 5854 	5890 	5891
f 5820 	5855 	5856
f 5855 	5891 	5856
f 5857 	5856 	5893
f 5856 	5892 	5893
f 5858 	5857 	5894
f 5857 	5893 	5894
f 5859 	5858 	5895
f 5858 	5894 	5895
f 5860 	5859 	5896
f 5859 	5895 	5896
f 5861 	5860 	5897
f 5860 	5896 	5897
f 5862 	5861 	5898
f 5861 	5897 	5898
f 5863 	5862 	5899
f 5862 	5898 	5899
f 5864 	5863 	5900
f 5863 	5899 	5900
f 5865 	5864 	5901
f 5864 	5900 	5901
f 5866 	5865 	5902
f 5865 	5901 	5902
f 5867 	5866 	5903
f 5866 	5902 	5903
f 5868 	5867 	5904
f 5867 	5903 	5904
f 5869 	5868 	5905
f 5868 	5904 	5905
f 5870 	5869 	5906
f 5869 	5905 	5906
f 5871 	5870 	5907
f 5870 	5906 	5907
f 5872 	5871 	5908
f 5871 	5907 	5908
f 5873 	5872 	5909
f 5872 	5908 	5909
f 5874 	5873 	5910
f 5873 	5909 	5910
f 5875 	5874 	5911
f 5874 	5910 	5911
f 5876 	5875 	5912
f 5875 	5911 	5912
f 5877 	5876 	5913
f 5876 	5912 	5913
f 5878 	5877 	5914
f 5877 	5913 	5914
f 5879 	5878 	5915
f 5878 	5914 	5915
f 5880 	5879 	5916
f 5879 	5915 	5916
f 5881 	5880 	5917
f 5880 	5916 	5917
f 5882 	5881 	5918
f 5881 	5917 	5918
f 5883 	5882 	5919
f 5882 	5918 	5919
f 5884 	5883 	5920
f 5883 	5919 	5920
f 5885 	5884 	5921
f 5884 	5920 	5921
f 5886 	5885 	5922
f 5885 	5921 	5922
f 5887 	5886 	5923
f 5886 	5922 	5923
f 5888 	5887 	5924
f 5887 	5923 	5924
f 5889 	5888 	5925
f 5888 	5924 	5925
f 5890 	5889 	5926
f 5889 	5925 	5926
f 5891 	5890 	5927
f 5890 	5926 	5927
f 5856 	5891 	5892
f 5891 	5927 	5892
f 5893 	5892 	5929
f 5892 	5928 	5929
f 5894 	5893 	5930
f 5893 	5929 	5930
f 5895 	5894 	5931
f 5894 	5930 	5931
f 5896 	5895 	5932
f 5895 	5931 	5932
f 5897 	5896 	5933
f 5896 	5932 	5933
f 5898 	5897 	5934
f 5897 	5933 	5934
f 5899 	5898 	5935
f 5898 	5934 	5935
f 5900 	5899 	5936
f 5899 	5935 	5936
f 5901 	5900 	5937
f 5900 	5936 	5937
f 5902 	5901 	5938
f 5901 	5937 	5938
f 5903 	5902 	5939
f 5902 	5938 	5939
f 5904 	5903 	5940
f 5903 	5939 	5940
f 5905 	5904 	5941
f 5904 	5940 	5941
f 5906 	5905 	5942
f 5905 	5941 	5942
f 5907 	5906 	5943
f 5906 	5942 	5943
f 5908 	5907 	5944
f 5907 	5943 	5944
f 5909 	5908 	5945
f 5908 	5944 	5945
f 5910 	5909 	5946
f 5909 	5945 	5946
f 5911 	5910 	5947
f 5910 	5946 	5947
f 5912 	5911 	5948
f 5911 	5947 	5948
f 5913 	5912 	5949
f 5912 	5948 	5949
f 5914 	5913 	5950
f 5913 	5949 	5950
f 5915 	5914 	5951
f 5914 	5950 	5951
f 5916 	5915 	5952
f 5915 	5951 	5952
f 5917 	5916 	5953
f 5916 	5952 	5953
f 5918 	5917 	5954
f 5917 	5953 	5954
f 5919 	5918 	5955
f 5918 	5954 	5955
f 5920 	5919 	5956
f 5919 	5955 	5956
f 5921 	5920 	5957
f 5920 	5956 	5957
f 5922 	5921 	5958
f 5921 	5957 	5958
f 5923 	5922 	5959
f 5922 	5958 	5959
f 5924 	5923 	5960
f 5923 	5959 	5960
f 5925 	5924 	5961
f 5924 	5960 	5961
f 5926 	5925 	5962
f 5925 	5961 	5962
f 5927 	5926 	5963
f 5926 	5962 	5963
f 5892 	5927 	5928
f 5927 	5963 	5928
f 5929 	5928 	5965
f 5928 	5964 	5965
f 5930 	5929 	5966
f 5929 	5965 	5966
f 5931 	5930 	5967
f 5930 	5966 	5967
f 5932 	5931 	5968
f 5931 	5967 	5968
f 5933 	5932 	5969
f 5932 	5968 	5969
f 5934 	5933 	5970
f 5933 	5969 	5970
f 5935 	5934 	5971
f 5934 	5970 	5971
f 5936 	5935 	5972
f 5935 	5971 	5972
f 5937 	5936 	5973
f 5936 	5972 	5973
f 5938 	5937 	5974
f 5937 	5973 	5974
f 5939 	5938 	5975
f 5938 	5974 	5975
f 5940 	5939 	5976
f 5939 	5975 	5976
f 5941 	5940 	5977
f 5940 	5976 	5977
f 5942 	5941 	5978
f 5941 	5977 	5978
f 5943 	5942 	5979
f 5942 	5978 	5979
f 5944 	5943 	5980
f 5943 	5979 	5980
f 5945 	5944 	5981
f 5944 	5980 	5981
f 5946 	5945 	5982
f 5945 	5981 	5982
f 5947 	5946 	5983
f 5946 	5982 	5983
f 5948 	5947 	5984
f 5947 	5983 	5984
f 5949 	5948 	5985
f 5948 	5984 	5985
f 5950 	5949 	5986
f 5949 	5985 	5986
f 5951 	5950 	5987
f 5950 	5986 	5987
f 5952 	5951 	5988
f 5951 	5987 	5988
f 5953 	5952 	5989
f 5952 	5988 	5989
f 5954 	5953 	5990
f 5953 	5989 	5990
f 5955 	5954 	5991
f 5954 	5990 	5991
f 5956 	5955 	5992
f 5955 	5991 	5992
f 5957 	5956 	5993
f 5956 	5992 	5993
f 5958 	5957 	5994
f 5957 	5993 	5994
f 5959 	5958 	5995
f 5958 	5994 	5995
f 5960 	5959 	5996
f 5959 	5995 	5996
f 5961 	5960 	5997
f 5960 	5996 	5997
f 5962 	5961 	5998
f 5961 	5997 	5998
f 5963 	5962 	5999
f 5962 	5998 	5999
f 5928 	5963 	5964
f 5963 	5999 	5964
f 5965 	5964 	6001
f 5964 	6000 	6001
f 5966 	5965 	6002
f 5965 	6001 	6002
f 5967 	5966 	6003
f 5966 	6002 	6003
f 5968 	5967 	6004
f 5967 	6003 	6004
f 5969 	5968 	6005
f 5968 	6004 	6005
f 5970 	5969 	6006
f 5969 	6005 	6006
f 5971 	5970 	6007
f 5970 	6006 	6007
f 5972 	5971 	6008
f 5971 	6007 	6008
f 5973 	5972 	6009
f 5972 	6008 	6009
f 5974 	5973 	6010
f 5973 	6009 	6010
f 5975 	5974 	6011
f 5974 	6010 	6011
f 5976 	5975 	6012
f 5975 	6011 	6012
f 5977 	5976 	6013
f 5976 	6012 	6013
f 5978 	5977 	6014
f 5977 	6013 	6014
f 5979 	5978 	6015
f 5978 	6014 	6015
f 5980 	5979 	6016
f 5979 	6015 	6016
f 5981 	5980 	6017
f 5980 	6016 	6017
f 5982 	5981 	6018
f 5981 	6017 	6018
f 5983 	5982 	6019
f 5982 	6018 	6019
f 5984 	5983 	6020
f 5983 	6019 	6020
f 5985 	5984 	6021
f 5984 	6020 	6021
f 5986 	5985 	6022
f 5985 	6021 	6022
f 5987 	5986 	6023
f 5986 	6022 	6023
f 5988 	5987 	6024
f 5987 	6023 	6024
f 5989 	5988 	6025
f 5988 	6024 	6025
f 5990 	5989 	6026
f 5989 	6025 	6026
f 5991 	5990 	6027
f 5990 	6026 	6027
f 5992 	5991 	6028
f 5991 	6027 	6028
f 5993 	5992 	6029
f 5992 	6028 	6029
f 5994 	5993 	6030
f 5993 	6029 	6030
f 5995 	5994 	6031
f 5994 	6030 	6031
f 5996 	5995 	6032
f 5995 	6031 	6032
f 5997 	5996 	6033
f 5996 	6032 	6033
f 5998 	5997 	6034
f 5997 	6033 	6034
f 5999 	5998 	6035
f 5998 	6034 	6035
f 5964 	5999 	6000
f 5999 	6035 	6000
f 6001 	6000 	6037
f 6000 	6036 	6037
f 6002 	6001 	6038
f 6001 	6037 	6038
f 6003 	6002 	6039
f 6002 	6038 	6039
f 6004 	6003 	6040
f 6003 	6039 	6040
f 6005 	6004 	6041
f 6004 	6040 	6041
f 6006 	6005 	6042
f 6005 	6041 	6042
f 6007 	6006 	6043
f 6006 	6042 	6043
f 6008 	6007 	6044
f 6007 	6043 	6044
f 6009 	6008 	6045
f 6008 	6044 	6045
f 6010 	6009 	6046
f 6009 	6045 	6046
f 6011 	6010 	6047
f 6010 	6046 	6047
f 6012 	6011 	6048
f 6011 	6047 	6048
f 6013 	6012 	6049
f 6012 	6048 	6049
f 6014 	6013 	6050
f 6013 	6049 	6050
f 6015 	6014 	6051
f 6014 	6050 	6051
f 6016 	6015 	6052
f 6015 	6051 	6052
f 6017 	6016 	6053
f 6016 	6052 	6053
f 6018 	6017 	6054
f 6017 	6053 	6054
f 6019 	6018 	6055
f 6018 	6054 	6055
f 6020 	6019 	6056
f 6019 	6055 	6056
f 6021 	6020 	6057
f 6020 	6056 	6057
f 6022 	6021 	6058
f 6021 	6057 	6058
f 6023 	6022 	6059
f 6022 	6058 	6059
f 6024 	6023 	6060
f 6023 	6059 	6060
f 6025 	6024 	6061
f 6024 	6060 	6061
f 6026 	6025 	6062
f 6025 	6061 	6062
f 6027 	6026 	6063
f 6026 	6062 	6063
f 6028 	6027 	6064
f 6027 	6063 	6064
f 6029 	6028 	6065
f 6028 	6064 	6065
f 6030 	6029 	6066
f 6029 	6065 	6066
f 6031 	6030 	6067
f 6030 	6066 	6067
f 6032 	6031 	6068
f 6031 	6067 	6068
f 6033 	6032 	6069
f 6032 	6068 	6069
f 6034 	6033 	6070
f 6033 	6069 	6070
f 6035 	6034 	6071
f 6034 	6070 	6071
f 6000 	6035 	6036
f 6035 	6071 	6036
f 6037 	6036 	6073
f 6036 	6072 	6073
f 6038 	6037 	6074
f 6037 	6073 	6074
f 6039 	6038 	6075
f 6038 	6074 	6075
f 6040 	6039 	6076
f 6039 	6075 	6076
f 6041 	6040 	6077
f 6040 	6076 	6077
f 6042 	6041 	6078
f 6041 	6077 	6078
f 6043 	6042 	6079
f 6042 	6078 	6079
f 6044 	6043 	6080
f 6043 	6079 	6080
f 6045 	6044 	6081
f 6044 	6080 	6081
f 6046 	6045 	6082
f 6045 	6081 	6082
f 6047 	6046 	6083
f 6046 	6082 	6083
f 6048 	6047 	6084
f 6047 	6083 	6084
f 6049 	6048 	6085
f 6048 	6084 	6085
f 6050 	6049 	6086
f 6049 	6085 	6086
f 6051 	6050 	6087
f 6050 	6086 	6087
f 6052 	6051 	6088
f 6051 	6087 	6088
f 6053 	6052 	6089
f 6052 	6088 	6089
f 6054 	6053 	6090
f 6053 	6089 	6090
f 6055 	6054 	6091
f 6054 	6090 	6091
f 6056 	6055 	6092
f 6055 	6091 	6092
f 6057 	6056 	6093
f 6056 	6092 	6093
f 6058 	6057 	6094
f 6057 	6093 	6094
f 6059 	6058 	6095
f 6058 	6094 	6095
f 6060 	6059 	6096
f 6059 	6095 	6096
f 6061 	6060 	6097
f 6060 	6096 	6097
f 6062 	6061 	6098
f 6061 	6097 	6098
f 6063 	6062 	6099
f 6062 	6098 	6099
f 6064 	6063 	6100
f 6063 	6099 	6100
f 6065 	6064 	6101
f 6064 	6100 	6101
f 6066 	6065 	6102
f 6065 	6101 	6102
f 6067 	6066 	6103
f 6066 	6102 	6103
f 6068 	6067 	6104
f 6067 	6103 	6104
f 6069 	6068 	6105
f 6068 	6104 	6105
f 6070 	6069 	6106
f 6069 	6105 	6106
f 6071 	6070 	6107
f 6070 	6106 	6107
f 6036 	6071 	6072
f 6071 	6107 	6072
f 6073 	6072 	6109
f 6072 	6108 	6109
f 6074 	6073 	6110
f 6073 	6109 	6110
f 6075 	6074 	6111
f 6074 	6110 	6111
f 6076 	6075 	6112
f 6075 	6111 	6112
f 6077 	6076 	6113
f 6076 	6112 	6113
f 6078 	6077 	6114
f 6077 	6113 	6114
f 6079 	6078 	6115
f 6078 	6114 	6115
f 6080 	6079 	6116
f 6079 	6115 	6116
f 6081 	6080 	6117
f 6080 	6116 	6117
f 6082 	6081 	6118
f 6081 	6117 	6118
f 6083 	6082 	6119
f 6082 	6118 	6119
f 6084 	6083 	6120
f 6083 	6119 	6120
f 6085 	6084 	6121
f 6084 	6120 	6121
f 6086 	6085 	6122
f 6085 	6121 	6122
f 6087 	6086 	6123
f 6086 	6122 	6123
f 6088 	6087 	6124
f 6087 	6123 	6124
f 6089 	6088 	6125
f 6088 	6124 	6125
f 6090 	6089 	6126
f 6089 	6125 	6126
f 6091 	6090 	6127
f 6090 	6126 	6127
f 6092 	6091 	6128
f 6091 	6127 	6128
f 6093 	6092 	6129
f 6092 	6128 	6129
f 6094 	6093 	6130
f 6093 	6129 	6130
f 6095 	6094 	6131
f 6094 	6130 	6131
f 6096 	6095 	6132
f 6095 	6131 	6132
f 6097 	6096 	6133
f 6096 	6132 	6133
f 6098 	6097 	6134
f 6097 	6133 	6134
f 6099 	6098 	6135
f 6098 	6134 	6135
f 6100 	6099 	6136
f 6099 	6135 	6136
f 6101 	6100 	6137
f 6100 	6136 	6137
f 6102 	6101 	6138
f 6101 	6137 	6138
f 6103 	6102 	6139
f 6102 	6138 	6139
f 6104 	6103 	6140
f 6103 	6139 	6140
f 6105 	6104 	6141
f 6104 	6140 	6141
f 6106 	6105 	6142
f 6105 	6141 	6142
f 6107 	6106 	6143
f 6106 	6142 	6143
f 6072 	6107 	6108
f 6107 	6143 	6108
f 6109 	6108 	6144
f 6110 	6109 	6144
f 6111 	6110 	6144
f 6112 	6111 	6144
f 6113 	6112 	6144
f 6114 	6113 	6144
f 6115 	6114 	6144
f 6116 	6115 	6144
f 6117 	6116 	6144
f 6118 	6117 	6144
f 6119 	6118 	6144
f 6120 	6119 	6144
f 6121 	6120 	6144
f 6122 	6121 	6144
f 6123 	6122 	6144
f 6124 	6123 	6144
f 6125 	6124 	6144
f 6126 	6125 	6144
f 6127 	6126 	6144
f 6128 	6127 	6144
f 6129 	6128 	6144
f 6130 	6129 	6144
f 6131 	6130 	6144
f 6132 	6131 	6144
f 6133 	6132 	6144
f 6134 	6133 	6144
f 6135 	6134 	6144
f 6136 	6135 	6144
f 6137 	6136 	6144
f 6138 	6137 	6144
f 6139 	6138 	6144
f 6140 	6139 	6144
f 6141 	6140 	6144
f 6142 	6141 	6144
f 6143 	6142 	6144
f 6108 	6143 	6144
# 1224 faces

 #end of obj_10

o obj_11
v 16.495 		-7.1639 		34.054
v 9.922 		-15.762 		35.51
v 10.6 		-15.8202 		35.51
v 0.857 		-6.5 		31.677
v 13.593 		-28.5971 		24.475
v 13.984 		-30.7634 		19.868
v 6.929 		8.3591 		14.771
v 10.6 		-31.052 		19.868
v -8.59 		-22.8331 		9.339
v 3.369 		7.426 		14.771
v 17.264 		-8.238 		34.054
v 30.468 		-19.0711 		1.063
v -6.374 		-25.926 		9.339
v -7.71 		-22.3361 		14.771
v 0.028 		-8.238 		31.677
v 9.264 		-15.5899 		35.51
v 10.6 		-28.8533 		24.475
v 1.982 		-4.9289 		31.677
v 17.831 		-9.426 		34.054
v 3.021 		8.3591 		9.339
v -0.479 		-21.0899 		28.452
v 8.646 		-15.3091 		35.51
v 7.607 		-28.5971 		24.475
v 6.752 		9.3361 		9.339
v 29.79 		-22.8331 		2.2
v -0.479 		-30.7634 		9.339
v -2.991 		-16.8361 		28.452
v 3.369 		-3.574 		31.677
v 4.705 		-27.8361 		24.475
v 15.547 		-17.764 		34.054
v -3.643 		-14.4562 		28.452
v 1.982 		-26.5951 		24.475
v 4.975 		-2.474 		31.677
v 27.574 		-25.926 		2.2
v 18.179 		-10.6929 		34.054
v 14.448 		-18.5159 		34.054
v 7.216 		-30.7634 		19.868
v 13.232 		-19.0711 		34.054
v 2.905 		8.6735 		3.736
v 6.752 		-1.6639 		31.677
v 6.693 		9.6661 		3.736
v -10.543 		-19.524 		3.736
v 3.936 		-29.9041 		19.868
v 10.6 		10 		3.736
v 0.857 		-28.5 		19.868
v 24.843 		-28.5971 		2.2
v -11.558 		-15.8202 		3.736
v -4.327 		-20.426 		24.475
v -11.9 		-12 		3.736
v -5.597 		-17.764 		24.475
v 11.936 		-19.4101 		34.054
v 14.507 		9.6661 		3.736
v -6.374 		-14.926 		24.475
v 28.91 		-22.3361 		1.063
v 10.6 		-19.524 		34.054
v 9.264 		-4.5899 		34.054
v -10.543 		-19.524 		3.372
v -10.4381 		-19.7017 		3.4349
v -10.5258 		-19.5179 		3.435
v 26.797 		-25.288 		1.063
v -6.636 		-12 		24.475
v 10.6 		-4.476 		34.054
v 9.264 		-19.4101 		34.054
v 11.936 		-4.5899 		34.054
v 1.304 		-1.1669 		28.452
v 2.9112 		8.6566 		3.435
v 2.905 		8.6735 		3.372
v 2.7228 		8.5707 		3.4351
v -11.558 		-15.8202 		3.372
v -10.5795 		-19.3218 		3.4349
v -11.4863 		-16.013 		3.4349
v -11.5399 		-15.8171 		3.435
v 10.6 		4.8533 		24.475
v -6.275 		-21.526 		19.868
v 17.831 		7.426 		14.771
v 13.593 		4.5971 		24.475
v -7.71 		-18.5159 		19.868
v 21.172 		5.9041 		14.771
v 6.6962 		9.6484 		3.435
v 6.693 		9.6661 		3.372
v 6.4954 		9.5958 		3.4351
v 3.1117 		8.7091 		3.4351
v -8.59 		-15.3091 		19.868
v 10.6 		7.052 		19.868
v 24.191 		3.8361 		14.771
v 13.984 		6.7634 		19.868
v -11.8816 		-12 		3.435
v -11.9 		-12 		3.372
v -11.8635 		-12.2025 		3.4351
v -8.886 		-12 		19.868
v -11.558 		-15.615 		3.4351
v 21.679 		-30.7634 		2.2
v 26.797 		1.288 		14.771
v 8.089 		-14.926 		35.51
v 7.607 		-14.4562 		35.51
v 13.232 		-4.9289 		34.054
v 7.216 		-13.9101 		35.51
v 18.179 		8.3591 		9.339
v 18.179 		-32.3591 		2.2
v 6.929 		-13.3071 		35.51
v 10.6 		10 		3.372
v 10.3938 		9.9644 		3.4348
v 6.752 		-12.6639 		35.51
v 21.679 		6.7634 		9.339
v 14.448 		-5.4841 		34.054
v 10.6 		9.9821 		3.435
v 6.693 		-12 		35.51
v 6.752 		-11.3361 		35.51
v 1.982 		2.5951 		24.475
v 24.843 		4.5971 		9.339
v 6.9031 		9.6661 		3.4348
v 4.705 		3.8361 		24.475
v 27.574 		1.926 		9.339
v 24.191 		-27.8361 		1.063
v -0.479 		-24.9101 		24.475
v 7.607 		4.5971 		24.475
v -2.604 		-22.8331 		24.475
v 21.172 		-29.9041 		1.063
v 0.857 		4.5 		19.868
v -1.925 		-26.5951 		19.868
v 3.936 		5.9041 		19.868
v -11.8636 		-11.7978 		3.4349
v -4.327 		-24.2462 		19.868
v 17.831 		-31.426 		1.063
v 7.216 		6.7634 		19.868
v 12.554 		-8.6909 		35.51
v 13.111 		-9.074 		35.51
v 13.593 		-9.5438 		35.51
v 13.984 		-10.0899 		35.51
v 14.271 		-10.6929 		35.51
v 3.936 		-15.762 		34.054
v -5.597 		1.288 		14.771
v 3.369 		-14.574 		34.054
v 28.91 		-1.6639 		14.771
v -2.991 		3.8361 		14.771
v 14.5038 		9.6484 		3.435
v 14.507 		9.6661 		3.372
v 3.021 		-13.3071 		34.054
v 14.2965 		9.6661 		3.4352
v 15.547 		-6.236 		34.054
v 24.843 		-14.4562 		28.452
v 30.468 		-4.9289 		14.771
v 25.063 		-12 		28.452
v 10.8066 		9.9643 		3.4352
v -6.374 		1.926 		9.339
v 2.905 		-12 		34.054
v 31.422 		-8.4101 		14.771
v 14.271 		-32.3591 		14.771
v -3.643 		4.5971 		9.339
v -0.479 		6.7634 		9.339
v 6.929 		-32.3591 		14.771
v 29.79 		-1.1669 		9.339
v 3.369 		-31.426 		14.771
v 31.422 		-4.5899 		9.339
v -10.222 		-19.4101 		2.2
v 21.679 		-13.9101 		31.677
v 21.85 		-12 		31.677
v -11.222 		-15.762 		2.2
v 14.7044 		9.5959 		3.4349
v 0.028 		-29.9041 		14.771
v 7.968 		-19.0711 		34.054
v 32.422 		-8.238 		9.339
v -11.558 		-12 		2.2
v 6.752 		-18.5159 		34.054
v 21.172 		-15.762 		31.677
v -10.222 		-8.4101 		14.771
v 20.343 		-17.5 		31.677
v 3.021 		-32.3591 		9.339
v 5.653 		-17.764 		34.054
v -9.268 		-4.9289 		14.771
v 10.6 		9.6661 		2.2
v -9.268 		-19.0711 		1.063
v 8.646 		-8.6909 		35.51
v 4.705 		-16.8361 		34.054
v -7.71 		-1.6639 		14.771
v 9.264 		-8.4101 		35.51
v 9.922 		-8.238 		35.51
v 14.448 		9.3361 		2.2
v -10.222 		-15.5899 		1.063
v 10.6 		-8.1798 		35.51
v 19.218 		-19.0711 		31.677
v 11.278 		-8.238 		35.51
v 11.936 		-8.4101 		35.51
v -10.543 		-12 		1.063
v 10.6 		8.6735 		1.063
v -11.222 		-8.238 		9.339
v 17.831 		-20.426 		31.677
v 14.271 		8.3591 		1.063
v -10.222 		-4.5899 		9.339
v 18.295 		8.6735 		3.736
v 33.1 		-12 		3.736
v -8.59 		-1.1669 		9.339
v 21.85 		7.052 		3.736
v 33.1 		-12 		3.372
v 33.0636 		-12.2022 		3.4349
v 14.271 		-32.3591 		1.063
v 25.063 		4.8533 		3.736
v 33.0816 		-12 		3.435
v 27.836 		2.1408 		3.736
v 33.0635 		-11.7975 		3.4351
v -0.65 		-31.052 		3.736
v -11.558 		-8.1798 		3.736
v -3.863 		-28.8533 		3.736
v 3.021 		8.3591 		2.2
v -10.543 		-4.476 		3.736
v -8.886 		-1 		3.736
v 17.831 		0.2462 		28.452
v 3.021 		-32.3591 		2.2
v -6.636 		-26.1408 		3.736
v -6.636 		2.1408 		3.736
v 18.295 		8.6735 		3.372
v 18.0886 		8.7091 		3.4349
v 6.752 		9.3361 		2.2
v -3.863 		4.8533 		3.736
v 18.2888 		8.6566 		3.435
v 24.191 		-16.8361 		28.452
v -8.886 		-23 		3.736
v 6.929 		-32.3591 		1.063
v 23.125 		-19.0711 		28.452
v -0.65 		7.052 		3.736
v 21.679 		-21.0899 		28.452
v 0.028 		5.9041 		1.063
v 24.843 		-9.5438 		28.452
v 3.369 		-31.426 		1.063
v -11.558 		-8.1798 		3.372
v -11.558 		-8.3847 		3.4349
v 21.85 		7.052 		3.372
v -11.5399 		-8.1829 		3.435
v 18.4769 		8.5709 		3.4349
v 21.6531 		7.1221 		3.4349
v -0.65 		-31.052 		3.372
v 21.8408 		7.0365 		3.435
v 3.369 		7.426 		1.063
v -0.4531 		-31.1221 		3.4349
v -0.6408 		-31.0365 		3.435
v 0.028 		-29.9041 		1.063
v 6.929 		8.3591 		1.063
v 19.896 		-22.8331 		28.452
v 17.831 		-3.574 		31.677
v -3.8512 		-28.8395 		3.435
v -3.863 		-28.8533 		3.372
v -3.6807 		-28.9562 		3.4351
v 19.218 		-4.9289 		31.677
v -0.8107 		-30.9201 		3.4351
v -10.5258 		-4.4821 		3.435
v -10.543 		-4.476 		3.372
v -10.5795 		-4.6783 		3.435
v 25.0512 		4.8395 		3.435
v 20.343 		-6.5 		31.677
v 25.063 		4.8533 		3.372
v -11.4862 		-7.9869 		3.435
v 24.8807 		4.9562 		3.4351
v 17.831 		-24.2462 		28.452
v 6.752 		-5.4841 		34.054
v 21.172 		-8.238 		31.677
v 18.295 		-32.6735 		3.736
v 18.2888 		-32.6566 		3.435
v 18.295 		-32.6735 		3.372
v 18.4772 		-32.5707 		3.4351
v 21.679 		-10.0899 		31.677
v 22.0107 		6.9202 		3.4351
v -6.636 		-26.1408 		3.372
v -6.4753 		-26.2727 		3.4349
v -6.6219 		-26.1293 		3.435
v 31.422 		-15.5899 		14.771
v 18.0883 		-32.7091 		3.4351
v 31.743 		-12 		14.771
v -8.8701 		-1.009 		3.435
v -8.886 		-1 		3.372
v -8.9578 		-1.193 		3.435
v 30.468 		-19.0711 		14.771
v -10.4381 		-4.2982 		3.435
v 27.574 		-14.926 		24.475
v 7.968 		-4.9289 		34.054
v 27.836 		-12 		24.475
v 26.797 		-17.764 		24.475
v -3.9979 		-28.696 		3.4349
v 25.527 		-20.426 		24.475
v 27.836 		2.1408 		3.372
v 25.1979 		4.696 		3.4349
v 27.6753 		2.2727 		3.4349
v 27.8219 		2.1293 		3.435
v 10.6 		-32.6735 		14.771
v 19.896 		-1.1669 		28.452
v 29.79 		-15.3091 		19.868
v 6.929 		-10.6929 		35.51
v -6.6219 		2.1293 		3.435
v -6.636 		2.1408 		3.372
v -6.7411 		1.963 		3.435
v 14.448 		-33.3361 		9.339
v 7.216 		-10.0899 		35.51
v 30.086 		-12 		19.868
v 21.679 		-2.9101 		28.452
v 28.91 		-18.5159 		19.868
v 7.607 		-9.5438 		35.51
v 10.6 		-33.6661 		9.339
v 8.089 		-9.074 		35.51
v 32.422 		-15.762 		9.339
v 23.125 		-4.9289 		28.452
v 27.475 		-21.526 		19.868
v 32.758 		-12 		9.339
v 31.422 		-19.4101 		9.339
v 6.752 		-33.3361 		9.339
v 24.191 		-7.1639 		28.452
v -8.751 		-0.8428 		3.435
v 27.941 		1.9631 		3.4349
v 14.507 		-33.6661 		3.736
v 4.705 		-7.1639 		34.054
v 10.6 		-34 		3.736
v 6.693 		-33.6661 		3.736
v 24.843 		4.5971 		2.2
v -6.741 		-25.9631 		3.4349
v 5.653 		-6.236 		34.054
v 27.574 		1.926 		2.2
v 16.495 		3.8361 		24.475
v -8.886 		-23 		3.372
v -3.8512 		4.8395 		3.435
v -3.863 		4.8533 		3.372
v -8.7511 		-23.1571 		3.4349
v 28.91 		-22.3361 		14.771
v -3.998 		4.6959 		3.435
v -8.8701 		-22.991 		3.435
v 19.218 		2.5951 		24.475
v 23.804 		-22.8331 		24.475
v -6.4752 		2.2728 		3.435
v 26.797 		-25.288 		14.771
v 26.797 		1.288 		1.063
v 21.679 		0.9101 		24.475
v 21.679 		-24.9101 		24.475
v 17.264 		5.9041 		19.868
v 19.218 		-26.5951 		24.475
v 3.021 		-10.6929 		34.054
v 29.79 		-22.8331 		9.339
v 20.343 		4.5 		19.868
v 16.495 		-27.8361 		24.475
v 2.905 		-32.6735 		3.736
v -8.9578 		-22.8071 		3.4349
v 27.574 		-25.926 		9.339
v 23.125 		2.5951 		19.868
v 25.527 		-24.2462 		19.868
v 14.5038 		-33.6484 		3.435
v 14.507 		-33.6661 		3.372
v -0.65 		7.052 		3.372
v 24.843 		-28.5971 		9.339
v -3.6811 		4.956 		3.4348
v -0.8104 		6.9204 		3.4348
v 14.7046 		-33.5958 		3.4351
v 18.179 		8.3591 		2.2
v -0.6408 		7.0365 		3.435
v 23.125 		-26.5951 		19.868
v 25.527 		0.2462 		19.868
v 21.679 		6.7634 		2.2
v 20.343 		-28.5 		19.868
v -6.374 		-25.926 		2.2
v 17.264 		-29.9041 		19.868
v -5.597 		-25.288 		1.063
v 24.191 		-27.8361 		14.771
v 3.369 		-9.426 		34.054
v 10.6 		-34 		3.372
v 14.2969 		-33.6661 		3.4348
v -7.71 		-22.3361 		1.063
v 10.8062 		-33.9644 		3.4348
v 21.172 		-29.9041 		14.771
v 10.6 		-33.9821 		3.435
v -0.4528 		7.1222 		3.4351
v 3.936 		-8.238 		34.054
v 17.831 		-31.426 		14.771
v 17.831 		7.426 		1.063
v 23.804 		-1.1669 		24.475
v 21.172 		5.9041 		1.063
v 21.679 		-30.7634 		9.339
v -6.374 		1.926 		2.2
v 25.527 		-3.574 		24.475
v 18.179 		-32.3591 		9.339
v 24.191 		3.8361 		1.063
v 16.225 		-21.526 		31.677
v 26.797 		-6.236 		24.475
v -3.643 		4.5971 		2.2
v 27.574 		-9.074 		24.475
v -0.479 		-30.7634 		2.2
v -0.479 		6.7634 		2.2
v 27.475 		-2.474 		19.868
v 32.758 		-15.8202 		3.736
v -3.643 		-28.5971 		2.2
v 18.179 		-13.3071 		34.054
v 28.91 		-5.4841 		19.868
v 31.743 		-19.524 		3.736
v 18.295 		-12 		34.054
v 17.831 		-14.574 		34.054
v 30.086 		-23 		3.736
v 29.79 		-8.6909 		19.868
v 17.264 		-15.762 		34.054
v 27.836 		-26.1408 		3.736
v -5.597 		1.288 		1.063
v 30.086 		-1 		3.736
v 25.063 		-28.8533 		3.736
v 16.495 		-16.8361 		34.054
v 10.3934 		-33.9643 		3.4352
v 4.975 		-21.526 		31.677
v -2.991 		-27.8361 		1.063
v 31.743 		-4.476 		3.736
v -2.991 		3.8361 		1.063
v 21.85 		-31.052 		3.736
v 3.369 		-20.426 		31.677
v 32.758 		-8.1798 		3.736
v 1.982 		-19.0711 		31.677
v 0.857 		-17.5 		31.677
v 32.758 		-15.8202 		3.372
v 30.086 		-1 		3.372
v 32.758 		-15.6153 		3.4349
v 29.9511 		-0.8429 		3.4349
v -8.59 		-22.8331 		2.2
v 3.369 		0.2462 		28.452
v 32.7399 		-15.8171 		3.435
v 30.0701 		-1.009 		3.435
v 0.028 		-15.762 		31.677
v 5.653 		1.288 		28.452
v 8.089 		1.926 		28.452
v 25.5245 		0.253 		-0.001
v 14.448 		-12.6639 		35.51
v 14.507 		-12 		35.51
v 32.6862 		-16.0131 		3.435
v 25.5294 		0.2482 		-0.001
v 14.271 		-13.3071 		35.51
v 31.743 		-4.476 		3.372
v 30.1578 		-1.1929 		3.4349
v 31.6381 		-4.2983 		3.4349
v 13.984 		-13.9101 		35.51
v 31.7258 		-4.4821 		3.435
v 13.593 		-14.4562 		35.51
v 31.7258 		-19.5179 		3.435
v 31.743 		-19.524 		3.372
v 31.7795 		-19.3217 		3.435
v 17.2651 		5.907 		-0.001
v 17.2584 		5.9087 		-0.001
v 13.111 		-14.926 		35.51
v 6.6962 		-33.6484 		3.435
v 12.554 		-15.3091 		35.51
v 6.693 		-33.6661 		3.372
v -7.71 		-1.6639 		1.063
v 6.9035 		-33.6661 		3.4352
v 10.6 		2.1408 		28.452
v 20.3383 		4.5055 		-0.001
v 14.448 		-11.3361 		35.51
v 20.3446 		4.5026 		-0.001
v 23.127 		2.5974 		-0.001
v 23.1213 		2.6013 		-0.001
v 31.7795 		-4.6782 		3.4349
v 27.4777 		-2.4725 		-0.001
v 27.4737 		-2.4669 		-0.001
v 13.111 		1.926 		28.452
v 31.6381 		-19.7018 		3.435
v -11.222 		-8.238 		2.2
v 28.91 		-5.4769 		-0.001
v 32.758 		-8.1798 		3.372
v 30.0701 		-22.991 		3.435
v 32.6863 		-7.987 		3.4349
v 30.086 		-23 		3.372
v 30.1578 		-22.807 		3.435
v 28.9129 		-5.4831 		-0.001
v 32.7399 		-8.1829 		3.435
v 29.7931 		-8.6904 		-0.001
v 29.7913 		-8.6839 		-0.001
v 14.448 		-22.3361 		31.677
v -10.222 		-4.5899 		2.2
v 12.554 		-22.8331 		31.677
v 15.547 		1.288 		28.452
v 2.905 		-32.6735 		3.372
v 10.6 		-23 		31.677
v 6.4956 		-33.5959 		3.4349
v 3.1114 		-32.7091 		3.4349
v 2.9112 		-32.6566 		3.435
v -8.59 		-1.1669 		2.2
v 8.646 		-22.8331 		31.677
v 10.5931 		7.0545 		-0.001
v 10.6 		7.055 		-0.001
v 13.9845 		6.7664 		-0.001
v 15.547 		-25.288 		28.452
v 13.9777 		6.767 		-0.001
v 27.8219 		-26.1293 		3.435
v 27.836 		-26.1408 		3.372
v 27.9411 		-25.963 		3.435
v 29.951 		-23.1572 		3.435
v 13.111 		-25.926 		28.452
v 2.7231 		-32.5708 		3.4349
v 0.8498 		4.4988 		-0.001
v 10.6 		-26.1408 		28.452
v -10.222 		-8.4101 		1.063
v 0.8554 		4.5026 		-0.001
v 3.9349 		5.907 		-0.001
v 3.9287 		5.9041 		-0.001
v -9.268 		-4.9289 		1.063
v 32.758 		-8.385 		3.4351
v 7.2088 		6.7647 		-0.001
v 7.2155 		6.7664 		-0.001
v 14.448 		-33.3361 		2.2
v 25.0512 		-28.8395 		3.435
v 25.063 		-28.8533 		3.372
v 25.198 		-28.6959 		3.435
v 27.6752 		-26.2728 		3.435
v 8.646 		-1.1669 		31.677
v 10.6 		-1 		31.677
v 10.6 		-33.6661 		2.2
v 6.752 		-22.3361 		31.677
v 8.089 		-25.926 		28.452
v 12.554 		-1.1669 		31.677
v 5.653 		-25.288 		28.452
v -9.268 		-19.0711 		14.771
v 24.8811 		-28.956 		3.4348
v 14.448 		-1.6639 		31.677
v 3.369 		-24.2462 		28.452
v 29.7937 		-15.3028 		-0.001
v 30.0891 		-12 		-0.001
v -10.222 		-15.5899 		14.771
v 21.85 		-31.052 		3.372
v 1.304 		-22.8331 		28.452
v 29.7931 		-15.3096 		-0.001
v 22.0104 		-30.9204 		3.4348
v 10.6 		-32.6735 		1.063
v 16.225 		-2.474 		31.677
v 21.8408 		-31.0365 		3.435
v -10.543 		-12 		14.771
v 30.0885 		-11.9933 		-0.001
v 29.79 		-1.1669 		2.2
v -10.222 		-19.4101 		9.339
v 28.9147 		-18.5104 		-0.001
v 28.9129 		-18.5169 		-0.001
v -11.222 		-15.762 		9.339
v 6.752 		-33.3361 		2.2
v 27.4777 		-21.5275 		-0.001
v 27.4806 		-21.5214 		-0.001
v -11.558 		-12 		9.339
v 31.422 		-4.5899 		2.2
v 21.6528 		-31.1222 		3.4351
v 28.91 		-1.6639 		1.063
v 25.5333 		-24.2427 		-0.001
v 30.468 		-4.9289 		1.063
v 25.5294 		-24.2482 		-0.001
v 23.127 		-26.5974 		-0.001
v -2.991 		-27.8361 		14.771
v 23.1319 		-26.5926 		-0.001
v -5.597 		-25.288 		14.771
v -0.479 		-10.0899 		31.677
v 20.3502 		-28.4988 		-0.001
v 32.422 		-15.762 		2.2
v 20.3446 		-28.5026 		-0.001
v -3.643 		-9.5438 		28.452
v 17.2651 		-29.907 		-0.001
v 17.2713 		-29.9041 		-0.001
v -2.991 		-7.1639 		28.452
v 32.758 		-12 		2.2
v 10.6 		-12 		36
v -1.925 		-4.9289 		28.452
v -3.643 		-28.5971 		9.339
v -0.479 		-2.9101 		28.452
v 32.422 		-8.238 		2.2
v 31.422 		-15.5899 		1.063
v 31.743 		-12 		1.063
v 31.422 		-8.4101 		1.063
v 10.6 		8.6735 		14.771
v 13.9912 		-30.7647 		-0.001
v 14.271 		8.3591 		14.771
v -0.479 		0.9101 		24.475
v 13.9845 		-30.7664 		-0.001
v 10.6 		9.6661 		9.339
v 10.6069 		-31.0545 		-0.001
v -4.327 		0.2462 		19.868
v 14.448 		9.3361 		9.339
v 10.6 		-31.055 		-0.001
v -1.925 		2.5951 		19.868
v 7.2155 		-30.7664 		-0.001
v 0.028 		5.9041 		14.771
v 7.2223 		-30.767 		-0.001
v 3.9349 		-29.907 		-0.001
v 3.9416 		-29.9087 		-0.001
v 31.422 		-19.4101 		2.2
v -6.374 		-9.074 		24.475
v -5.597 		-6.236 		24.475
v 0.8617 		-28.5055 		-0.001
v 0.8554 		-28.5026 		-0.001
v -4.327 		-3.574 		24.475
v -4.3333 		0.2427 		-0.001
v -2.604 		-1.1669 		24.475
v -4.3294 		0.2482 		-0.001
v -1.927 		2.5974 		-0.001
v -1.9319 		2.5926 		-0.001
v -8.59 		-8.6909 		19.868
v -7.71 		-5.4841 		19.868
v -7.7147 		-5.4896 		-0.001
v -7.7129 		-5.4831 		-0.001
v -6.275 		-2.474 		19.868
v -6.2777 		-2.4725 		-0.001
v -6.2806 		-2.4786 		-0.001
v -8.5937 		-8.6972 		-0.001
v -8.5931 		-8.6904 		-0.001
v -6.2777 		-21.5275 		-0.001
v -6.2737 		-21.5331 		-0.001
v -7.71 		-18.5231 		-0.001
v -0.479 		-13.9101 		31.677
v -7.7129 		-18.5169 		-0.001
v -0.65 		-12 		31.677
v -8.5931 		-15.3096 		-0.001
v -8.5913 		-15.3161 		-0.001
v -8.8891 		-12 		-0.001
v -8.8885 		-12.0067 		-0.001
v -1.925 		-19.0711 		28.452
v -1.927 		-26.5974 		-0.001
v -1.9213 		-26.6013 		-0.001
v -4.3245 		-24.253 		-0.001
v 11.936 		-15.5899 		35.51
v -4.3294 		-24.2482 		-0.001
v 11.278 		-15.762 		35.51
v -3.863 		-12 		28.452
# 613 vertices

g group_11_14860437

usemtl color_14860437
s 0

f 6152 	6150 	6149
f 6671 	6670 	6156
f 6161 	6152 	6149
f 6427 	6150 	6152
f 6148 	6697 	6159
f 6168 	6164 	6154
f 6151 	6168 	6154
f 6181 	6161 	6167
f 6174 	6541 	6574
f 6168 	6185 	6164
f 6181 	6152 	6161
f 6173 	6187 	6167
f 6164 	6185 	6183
f 6187 	6181 	6167
f 6191 	6186 	6669
f 6173 	6189 	6187
f 6191 	6215 	6186
f 6261 	6165 	6192
f 6182 	6608 	6180
f 6188 	6185 	6168
f 6610 	6608 	6182
f 6176 	6189 	6173
f 6231 	6233 	6193
f 6172 	6209 	6162
f 6197 	6194 	6171
f 6195 	6182 	6754
f 6188 	6709 	6196
f 6162 	6209 	6699
f 6197 	6227 	6194
f 6674 	6675 	6198
f 6175 	6197 	6171
f 6172 	6177 	6557
f 6203 	6201 	6202
f 6205 	6197 	6175
f 6203 	6214 	6201
f 6214 	6215 	6201
f 6178 	6204 	6169
f 6146 	6207 	6147
f 6207 	6199 	6147
f 6169 	6204 	6198
f 6303 	6280 	6196
f 6297 	6295 	6181
f 6204 	6178 	6258
f 6209 	6172 	6557
f 6297 	6181 	6187
f 6186 	6203 	6202
f 6210 	6211 	6212
f 6213 	6201 	6215
f 6205 	6234 	6197
f 6210 	6226 	6211
f 6216 	6213 	6215
f 6216 	6235 	6213
f 6258 	6178 	6190
f 6192 	6218 	6261
f 6201 	6213 	6302
f 6183 	6210 	6212
f 6221 	6218 	6192
f 6191 	6216 	6215
f 6223 	6224 	6225
f 6680 	6674 	6198
f 6194 	6221 	6192
f 6224 	6211 	6226
f 6224 	6226 	6225
f 6214 	6186 	6215
f 6680 	6198 	6204
f 6682 	6680 	6204
f 6186 	6214 	6203
f 6685 	6204 	6258
f 6211 	6224 	6357
f 6194 	6227 	6221
f 6207 	6618 	6199
f 6220 	6230 	6217
f 6231 	6232 	6233
f 6229 	6254 	6222
f 6197 	6234 	6227
f 6230 	6228 	6217
f 6235 	6233 	6213
f 6232 	6213 	6233
f 6266 	6232 	6231
f 6226 	6210 	6183
f 6211 	6357 	6348
f 6650 	6206 	6208
f 6307 	6302 	6213
f 6706 	6704 	6228
f 6183 	6185 	6226
f 6225 	6226 	6185
f 6223 	6225 	6185
f 6240 	6654 	6208
f 6230 	6706 	6228
f 6221 	6652 	6218
f 6248 	6242 	6219
f 6250 	6245 	6246
f 6222 	6248 	6219
f 6224 	6255 	6245
f 6246 	6245 	6255
f 6223 	6255 	6224
f 6213 	6232 	6307
f 6222 	6254 	6248
f 6256 	6265 	6253
f 6257 	6254 	6229
f 6206 	6646 	6200
f 6265 	6263 	6253
f 6235 	6216 	6191
f 6650 	6646 	6206
f 6237 	6257 	6229
f 6660 	6259 	6655
f 6660 	6261 	6259
f 6233 	6235 	6191
f 6191 	6193 	6233
f 6190 	6236 	6262
f 6264 	6189 	6176
f 6239 	6241 	6275
f 6259 	6264 	6176
f 6334 	6242 	6337
f 6266 	6369 	6232
f 6262 	6258 	6190
f 6249 	6664 	6240
f 6248 	6337 	6242
f 6267 	6264 	6259
f 6268 	6262 	6236
f 6240 	6664 	6654
f 6269 	6265 	6256
f 6690 	6688 	6262
f 6261 	6267 	6259
f 6188 	6250 	6246
f 6370 	6266 	6346
f 6247 	6282 	6244
f 6260 	6269 	6256
f 6243 	6268 	6236
f 6261 	6218 	6267
f 6290 	6282 	6247
f 6185 	6188 	6255
f 6246 	6255 	6188
f 6260 	6228 	6269
f 6251 	6290 	6247
f 6189 	6264 	6684
f 6266 	6231 	6193
f 6228 	6704 	6269
f 6340 	6268 	6243
f 6341 	6248 	6254
f 6228 	6260 	6217
f 6258 	6683 	6685
f 6158 	6686 	6267
f 6267 	6218 	6158
f 6154 	6716 	6263
f 6154 	6263 	6265
f 6688 	6683 	6258
f 6244 	6277 	6241
f 6151 	6265 	6269
f 6154 	6265 	6151
f 6255 	6223 	6185
f 6249 	6240 	6327
f 6258 	6262 	6688
f 6241 	6277 	6275
f 6277 	6244 	6282
f 6270 	6249 	6327
f 6280 	6281 	6283
f 6151 	6269 	6704
f 6279 	6293 	6276
f 6271 	6284 	6270
f 6250 	6288 	6245
f 6288 	6283 	6245
f 6281 	6245 	6283
f 6284 	6249 	6270
f 6284 	6271 	6145
f 6272 	6145 	6271
f 6251 	6476 	6290
f 6155 	6145 	6272
f 6285 	6417 	6287
f 6273 	6155 	6272
f 6163 	6273 	6274
f 6188 	6288 	6250
f 6276 	6293 	6289
f 6560 	6275 	6277
f 6292 	6150 	6427
f 6294 	6293 	6279
f 6163 	6155 	6273
f 6179 	6163 	6274
f 6295 	6427 	6152
f 6278 	6296 	6237
f 6716 	6294 	6279
f 6196 	6283 	6188
f 6152 	6181 	6295
f 6296 	6257 	6237
f 6298 	6296 	6278
f 6280 	6283 	6196
f 6288 	6188 	6283
f 6303 	6356 	6281
f 6280 	6303 	6281
f 6358 	6289 	6293
f 6298 	6278 	6286
f 6189 	6304 	6187
f 6179 	6274 	6588
f 6305 	6207 	6146
f 6187 	6304 	6297
f 6306 	6286 	6291
f 6201 	6302 	6299
f 6189 	6684 	6304
f 6358 	6354 	6289
f 6160 	6305 	6146
f 6249 	6284 	6383
f 6308 	6305 	6160
f 6387 	6383 	6284
f 6164 	6183 	6294
f 6334 	6356 	6196
f 6308 	6543 	6305
f 6309 	6300 	6529
f 6166 	6308 	6160
f 6306 	6298 	6286
f 6297 	6312 	6295
f 6238 	6313 	6166
f 6315 	6224 	6245
f 6308 	6166 	6313
f 6318 	6313 	6238
f 6312 	6297 	6170
f 6238 	6239 	6318
f 6322 	6315 	6245
f 6275 	6318 	6239
f 6323 	6316 	6299
f 6545 	6296 	6298
f 6281 	6322 	6245
f 6170 	6297 	6304
f 6299 	6302 	6323
f 6319 	6336 	6314
f 6307 	6328 	6302
f 6313 	6548 	6308
f 6323 	6302 	6328
f 6331 	6325 	6541
f 6306 	6549 	6298
f 6632 	6328 	6307
f 6333 	6330 	6310
f 6306 	6335 	6549
f 6322 	6332 	6315
f 6551 	6318 	6275
f 6333 	6349 	6330
f 6314 	6333 	6310
f 6332 	6329 	6315
f 6597 	6632 	6307
f 6336 	6333 	6314
f 6285 	6287 	6301
f 6554 	6552 	6339
f 6323 	6747 	6316
f 6289 	6336 	6319
f 6287 	6404 	6301
f 6289 	6354 	6336
f 6285 	6301 	6300
f 6276 	6289 	6319
f 6335 	6527 	6339
f 6554 	6339 	6527
f 6338 	6342 	6339
f 6360 	6300 	6309
f 6337 	6248 	6341
f 6620 	6619 	6329
f 6343 	6341 	6254
f 6708 	6705 	6340
f 6392 	6396 	6341
f 6329 	6332 	6623
f 6339 	6342 	6335
f 6343 	6425 	6341
f 6338 	6344 	6342
f 6623 	6620 	6329
f 6424 	6392 	6341
f 6311 	6365 	6363
f 6637 	6344 	6599
f 6254 	6257 	6343
f 6710 	6708 	6340
f 6365 	6311 	6325
f 6342 	6344 	6335
f 6170 	6345 	6312
f 6710 	6340 	6663
f 6343 	6257 	6539
f 6346 	6330 	6349
f 6336 	6350 	6333
f 6450 	6343 	6555
f 6347 	6345 	6170
f 6349 	6333 	6350
f 6539 	6257 	6296
f 6355 	6281 	6356
f 6353 	6407 	6347
f 6354 	6350 	6336
f 6421 	6384 	6347
f 6359 	6355 	6356
f 6300 	6360 	6285
f 6357 	6381 	6348
f 6359 	6373 	6355
f 6361 	6353 	6157
f 6358 	6293 	6364
f 6309 	6311 	6363
f 6472 	6467 	6351
f 6357 	6224 	6315
f 6363 	6360 	6309
f 6153 	6361 	6157
f 6294 	6364 	6293
f 6364 	6294 	6183
f 6153 	6186 	6361
f 6266 	6370 	6369
f 6367 	6404 	6287
f 6303 	6196 	6356
f 6356 	6334 	6359
f 6715 	6717 	6362
f 6373 	6374 	6355
f 6371 	6355 	6374
f 6372 	6369 	6370
f 6372 	6395 	6369
f 6375 	6612 	6378
f 6376 	6371 	6374
f 6633 	6630 	6366
f 6379 	6375 	6378
f 6360 	6363 	6422
f 6468 	6363 	6365
f 6355 	6371 	6496
f 6380 	6368 	6352
f 6321 	6200 	6320
f 6345 	6379 	6378
f 6337 	6376 	6374
f 6287 	6419 	6367
f 6325 	6331 	6382
f 6629 	6480 	6378
f 6348 	6381 	6377
f 6206 	6200 	6321
f 6390 	6609 	6369
f 6373 	6334 	6374
f 6337 	6374 	6334
f 6329 	6381 	6357
f 6346 	6372 	6370
f 6384 	6385 	6386
f 6324 	6206 	6321
f 6639 	6638 	6381
f 6193 	6346 	6266
f 6145 	6387 	6284
f 6334 	6373 	6359
f 6388 	6386 	6375
f 6379 	6388 	6375
f 6385 	6375 	6386
f 6326 	6208 	6324
f 6389 	6390 	6391
f 6315 	6329 	6357
f 6208 	6206 	6324
f 6390 	6369 	6395
f 6390 	6395 	6391
f 6155 	6393 	6145
f 6326 	6240 	6208
f 6392 	6394 	6396
f 6382 	6365 	6325
f 6724 	6723 	6380
f 6240 	6326 	6327
f 6145 	6393 	6387
f 6155 	6399 	6393
f 6397 	6382 	6331
f 6392 	6424 	6394
f 6424 	6425 	6394
f 6634 	6635 	6377
f 6388 	6379 	6345
f 6163 	6399 	6155
f 6401 	6402 	6403
f 6346 	6395 	6372
f 6638 	6634 	6377
f 6404 	6399 	6163
f 6401 	6410 	6402
f 6386 	6388 	6345
f 6384 	6386 	6347
f 6345 	6347 	6386
f 6377 	6381 	6638
f 6365 	6382 	6473
f 6394 	6371 	6396
f 6405 	6396 	6371
f 6376 	6405 	6371
f 6179 	6404 	6163
f 6400 	6401 	6403
f 6349 	6389 	6391
f 6349 	6395 	6346
f 6301 	6404 	6179
f 6475 	6382 	6397
f 6475 	6473 	6382
f 6408 	6406 	6407
f 6395 	6349 	6391
f 6405 	6376 	6337
f 6456 	6406 	6408
f 6486 	6402 	6410
f 6412 	6413 	6414
f 6389 	6416 	6390
f 6414 	6413 	6416
f 6390 	6416 	6413
f 6418 	6317 	6320
f 6410 	6401 	6400
f 6287 	6417 	6419
f 6420 	6285 	6360
f 6418 	6398 	6317
f 6200 	6418 	6320
f 6406 	6385 	6407
f 6421 	6407 	6385
f 6384 	6421 	6385
f 6420 	6417 	6285
f 6360 	6422 	6420
f 6405 	6337 	6396
f 6341 	6396 	6337
f 6393 	6399 	6448
f 6423 	6394 	6425
f 6416 	6389 	6349
f 6404 	6367 	6399
f 6426 	6423 	6425
f 6399 	6367 	6448
f 6184 	6177 	6398
f 6350 	6412 	6414
f 6418 	6184 	6398
f 6450 	6423 	6426
f 6350 	6416 	6349
f 6414 	6416 	6350
f 6417 	6429 	6419
f 6431 	6432 	6433
f 6429 	6436 	6419
f 6437 	6428 	6383
f 6438 	6429 	6417
f 6431 	6469 	6432
f 6409 	6442 	6411
f 6292 	6427 	6440
f 6420 	6438 	6417
f 6387 	6437 	6383
f 6422 	6444 	6420
f 6442 	6445 	6411
f 6424 	6341 	6425
f 6426 	6425 	6343
f 6387 	6393 	6443
f 6440 	6434 	6292
f 6446 	6442 	6409
f 6447 	6440 	6427
f 6433 	6432 	6449
f 6413 	6449 	6432
f 6443 	6437 	6387
f 6420 	6444 	6438
f 6448 	6443 	6393
f 6446 	6409 	6415
f 6295 	6447 	6427
f 6450 	6555 	6423
f 6412 	6449 	6413
f 6295 	6312 	6447
f 6439 	6452 	6435
f 6445 	6306 	6291
f 6472 	6351 	6428
f 6421 	6347 	6407
f 6408 	6407 	6353
f 6449 	6412 	6350
f 6539 	6555 	6343
f 6445 	6291 	6411
f 6453 	6451 	6434
f 6409 	6436 	6429
f 6409 	6411 	6436
f 6354 	6431 	6433
f 6453 	6434 	6440
f 6343 	6450 	6426
f 6433 	6449 	6354
f 6443 	6517 	6437
f 6415 	6429 	6438
f 6442 	6446 	6531
f 6415 	6409 	6429
f 6350 	6354 	6449
f 6441 	6457 	6439
f 6463 	6406 	6456
f 6521 	6443 	6448
f 6464 	6415 	6438
f 6439 	6457 	6452
f 6438 	6444 	6464
f 6423 	6458 	6394
f 6556 	6498 	6406
f 6441 	6398 	6457
f 6458 	6455 	6394
f 6335 	6306 	6445
f 6461 	6462 	6465
f 6460 	6406 	6463
f 6177 	6457 	6398
f 6466 	6460 	6463
f 6462 	6432 	6469
f 6469 	6465 	6462
f 6317 	6398 	6441
f 6489 	6462 	6461
f 6447 	6454 	6440
f 6458 	6471 	6455
f 6460 	6556 	6406
f 6422 	6363 	6468
f 6365 	6473 	6468
f 6483 	6478 	6467
f 6472 	6483 	6467
f 6473 	6494 	6468
f 6361 	6463 	6353
f 6456 	6353 	6463
f 6172 	6452 	6457
f 6459 	6474 	6220
f 6361 	6466 	6463
f 6177 	6172 	6457
f 6220 	6474 	6230
f 6464 	6477 	6415
f 6459 	6478 	6474
f 6469 	6431 	6354
f 6353 	6456 	6408
f 6453 	6440 	6454
f 6479 	6475 	6397
f 6516 	6413 	6432
f 6480 	6454 	6447
f 6201 	6460 	6202
f 6481 	6202 	6460
f 6415 	6477 	6446
f 6480 	6615 	6454
f 6482 	6477 	6464
f 6460 	6201 	6299
f 6459 	6467 	6478
f 6252 	6476 	6251
f 6312 	6480 	6447
f 6358 	6461 	6465
f 6465 	6469 	6358
f 6470 	6482 	6464
f 6222 	6474 	6478
f 6312 	6345 	6480
f 6354 	6358 	6469
f 6484 	6444 	6422
f 6186 	6202 	6361
f 6481 	6361 	6202
f 6490 	6487 	6489
f 6462 	6489 	6487
f 6485 	6486 	6491
f 6481 	6460 	6466
f 6488 	6482 	6470
f 6468 	6484 	6422
f 6281 	6355 	6492
f 6493 	6487 	6490
f 6481 	6466 	6361
f 6410 	6491 	6486
f 6492 	6322 	6281
f 6495 	6483 	6472
f 6468 	6494 	6484
f 6485 	6504 	6486
f 6473 	6475 	6497
f 6497 	6494 	6473
f 6479 	6499 	6475
f 6355 	6496 	6492
f 6364 	6493 	6490
f 6497 	6475 	6499
f 6455 	6496 	6371
f 6230 	6474 	6219
f 6479 	6150 	6499
f 6498 	6500 	6528
f 6364 	6490 	6489
f 6364 	6489 	6358
f 6451 	6485 	6491
f 6400 	6451 	6410
f 6491 	6410 	6451
f 6504 	6506 	6503
f 6505 	6500 	6498
f 6430 	6502 	6252
f 6149 	6150 	6479
f 6222 	6219 	6474
f 6489 	6461 	6358
f 6229 	6222 	6478
f 6508 	6503 	6506
f 6502 	6476 	6252
f 6496 	6514 	6492
f 6212 	6211 	6509
f 6211 	6487 	6509
f 6493 	6509 	6487
f 6510 	6502 	6430
f 6483 	6229 	6478
f 6519 	6514 	6496
f 6470 	6444 	6484
f 6511 	6507 	6497
f 6470 	6464 	6444
f 6486 	6503 	6647
f 6495 	6237 	6483
f 6505 	6498 	6556
f 6511 	6518 	6507
f 6501 	6470 	6484
f 6455 	6371 	6394
f 6640 	6486 	6647
f 6237 	6229 	6483
f 6512 	6332 	6322
f 6501 	6484 	6494
f 6278 	6237 	6495
f 6509 	6493 	6364
f 6506 	6453 	6508
f 6507 	6494 	6497
f 6437 	6513 	6428
f 6501 	6488 	6470
f 6492 	6512 	6322
f 6507 	6501 	6494
f 6513 	6472 	6428
f 6515 	6488 	6501
f 6212 	6509 	6183
f 6364 	6183 	6509
f 6510 	6148 	6502
f 6148 	6159 	6502
f 6507 	6515 	6501
f 6497 	6499 	6511
f 6437 	6517 	6513
f 6435 	6510 	6430
f 6544 	6500 	6753
f 6755 	6753 	6500
f 6452 	6510 	6435
f 6514 	6512 	6492
f 6740 	6741 	6505
f 6499 	6292 	6511
f 6507 	6518 	6515
f 6589 	6587 	6514
f 6180 	6520 	6174
f 6518 	6511 	6434
f 6159 	6476 	6502
f 6522 	6516 	6432
f 6742 	6740 	6505
f 6434 	6451 	6518
f 6331 	6174 	6520
f 6443 	6521 	6517
f 6519 	6496 	6455
f 6506 	6504 	6453
f 6451 	6453 	6504
f 6520 	6180 	6608
f 6455 	6471 	6519
f 6523 	6521 	6448
f 6292 	6434 	6511
f 6546 	6538 	6516
f 6503 	6486 	6504
f 6522 	6546 	6516
f 6316 	6742 	6505
f 6162 	6148 	6510
f 6462 	6522 	6432
f 6515 	6547 	6488
f 6448 	6367 	6523
f 6515 	6518 	6400
f 6578 	6579 	6512
f 6419 	6523 	6367
f 6610 	6182 	6195
f 6462 	6487 	6525
f 6513 	6495 	6472
f 6504 	6485 	6451
f 6451 	6400 	6518
f 6517 	6526 	6513
f 6525 	6522 	6462
f 6510 	6452 	6162
f 6527 	6335 	6445
f 6528 	6524 	6375
f 6452 	6172 	6162
f 6512 	6514 	6587
f 6442 	6527 	6445
f 6526 	6495 	6513
f 6348 	6525 	6487
f 6530 	6526 	6517
f 6199 	6618 	6613
f 6529 	6532 	6565
f 6528 	6544 	6524
f 6527 	6442 	6531
f 6385 	6528 	6375
f 6207 	6648 	6618
f 6446 	6477 	6534
f 6530 	6517 	6521
f 6498 	6385 	6406
f 6525 	6348 	6377
f 6397 	6331 	6520
f 6531 	6446 	6534
f 6523 	6535 	6521
f 6498 	6528 	6385
f 6348 	6487 	6211
f 6536 	6533 	6568
f 6482 	6537 	6477
f 6529 	6533 	6309
f 6471 	6563 	6519
f 6537 	6534 	6477
f 6521 	6535 	6530
f 6482 	6488 	6540
f 6523 	6436 	6535
f 6352 	6524 	6380
f 6207 	6305 	6648
f 6524 	6544 	6380
f 6296 	6545 	6539
f 6540 	6537 	6482
f 6419 	6436 	6523
f 6179 	6588 	6532
f 6728 	6726 	6538
f 6547 	6540 	6488
f 6648 	6305 	6543
f 6532 	6588 	6565
f 6300 	6301 	6532
f 6526 	6278 	6495
f 6308 	6548 	6543
f 6540 	6547 	6653
f 6500 	6544 	6528
f 6526 	6530 	6286
f 6545 	6298 	6549
f 6529 	6300 	6532
f 6573 	6571 	6545
f 6526 	6286 	6278
f 6291 	6286 	6530
f 6318 	6550 	6313
f 6366 	6522 	6525
f 6550 	6548 	6313
f 6547 	6515 	6400
f 6291 	6530 	6535
f 6533 	6536 	6311
f 6366 	6546 	6522
f 6753 	6751 	6544
f 6411 	6291 	6535
f 6533 	6311 	6309
f 6338 	6339 	6552
f 6553 	6423 	6555
f 6525 	6377 	6366
f 6325 	6311 	6536
f 6436 	6411 	6535
f 6318 	6551 	6550
f 6558 	6552 	6554
f 6559 	6553 	6555
f 6541 	6325 	6536
f 6560 	6551 	6275
f 6570 	6553 	6559
f 6184 	6561 	6177
f 6460 	6299 	6556
f 6331 	6541 	6174
f 6338 	6552 	6689
f 6299 	6316 	6556
f 6177 	6561 	6557
f 6179 	6532 	6301
f 6527 	6558 	6554
f 6423 	6553 	6668
f 6316 	6505 	6556
f 6546 	6730 	6538
f 6562 	6561 	6184
f 6730 	6728 	6538
f 6277 	6743 	6560
f 6576 	6552 	6566
f 6558 	6566 	6552
f 6471 	6567 	6563
f 6559 	6555 	6539
f 6184 	6645 	6562
f 6570 	6571 	6553
f 6569 	6553 	6571
f 6542 	6585 	6503
f 6508 	6542 	6503
f 6573 	6569 	6571
f 6567 	6594 	6656
f 6743 	6277 	6282
f 6575 	6576 	6577
f 6573 	6592 	6569
f 6566 	6577 	6576
f 6745 	6282 	6290
f 6677 	6553 	6569
f 6332 	6512 	6579
f 6581 	6583 	6585
f 6677 	6668 	6553
f 6579 	6621 	6332
f 6587 	6578 	6512
f 6583 	6503 	6585
f 6617 	6516 	6538
f 6566 	6558 	6527
f 6548 	6660 	6543
f 6586 	6562 	6645
f 6564 	6529 	6565
f 6660 	6655 	6543
f 6519 	6590 	6591
f 6514 	6519 	6591
f 6545 	6571 	6539
f 6514 	6591 	6589
f 6531 	6575 	6577
f 6570 	6539 	6571
f 6519 	6563 	6590
f 6533 	6564 	6568
f 6533 	6529 	6564
f 6165 	6548 	6550
f 6539 	6570 	6559
f 6736 	6737 	6584
f 6589 	6591 	6675
f 6587 	6685 	6578
f 6591 	6590 	6675
f 6567 	6675 	6563
f 6577 	6566 	6531
f 6568 	6572 	6536
f 6453 	6542 	6508
f 6527 	6531 	6566
f 6572 	6574 	6541
f 6536 	6572 	6541
f 6575 	6596 	6576
f 6454 	6585 	6453
f 6232 	6369 	6597
f 6542 	6453 	6585
f 6580 	6174 	6574
f 6599 	6569 	6601
f 6600 	6602 	6603
f 6180 	6174 	6580
f 6454 	6581 	6585
f 6603 	6602 	6596
f 6576 	6596 	6602
f 6582 	6180 	6580
f 6605 	6599 	6601
f 6597 	6307 	6232
f 6600 	6627 	6602
f 6369 	6609 	6597
f 6182 	6180 	6582
f 6636 	6597 	6609
f 6581 	6614 	6583
f 6612 	6583 	6615
f 6199 	6613 	6195
f 6596 	6575 	6531
f 6616 	6612 	6615
f 6563 	6675 	6590
f 6594 	6593 	6656
f 6598 	6656 	6593
f 6607 	6606 	6656
f 6667 	6656 	6606
f 6613 	6610 	6195
f 6390 	6617 	6609
f 6351 	6467 	6611
f 6534 	6600 	6603
f 6534 	6596 	6531
f 6381 	6329 	6619
f 6209 	6557 	6253
f 6616 	6615 	6480
f 6614 	6454 	6615
f 6332 	6621 	6623
f 6614 	6615 	6583
f 6413 	6617 	6390
f 6253 	6707 	6209
f 6603 	6596 	6534
f 6520 	6608 	6622
f 6256 	6253 	6557
f 6624 	6625 	6626
f 6454 	6614 	6581
f 6617 	6413 	6516
f 6256 	6557 	6561
f 6622 	6397 	6520
f 6625 	6602 	6627
f 6627 	6626 	6625
f 6628 	6622 	6608
f 6260 	6561 	6562
f 6624 	6644 	6625
f 6256 	6561 	6260
f 6178 	6169 	6602
f 6621 	6579 	6688
f 6579 	6578 	6688
f 6683 	6688 	6578
f 6685 	6683 	6578
f 6549 	6605 	6601
f 6610 	6628 	6608
f 6549 	6601 	6545
f 6629 	6378 	6612
f 6602 	6625 	6178
f 6592 	6545 	6601
f 6610 	6613 	6631
f 6366 	6630 	6546
f 6592 	6601 	6569
f 6631 	6628 	6610
f 6366 	6377 	6635
f 6592 	6573 	6545
f 6627 	6600 	6534
f 6635 	6633 	6366
f 6345 	6378 	6480
f 6338 	6599 	6344
f 6605 	6637 	6599
f 6167 	6161 	6631
f 6629 	6612 	6616
f 6537 	6624 	6626
f 6629 	6616 	6480
f 6586 	6217 	6562
f 6649 	6613 	6618
f 6597 	6636 	6632
f 6217 	6260 	6562
f 6640 	6243 	6402
f 6584 	6636 	6609
f 6534 	6537 	6627
f 6626 	6627 	6537
f 6586 	6220 	6217
f 6651 	6649 	6618
f 6640 	6340 	6243
f 6381 	6619 	6639
f 6479 	6397 	6622
f 6641 	6642 	6643
f 6584 	6737 	6636
f 6595 	6220 	6586
f 6149 	6622 	6628
f 6637 	6605 	6549
f 6459 	6220 	6595
f 6642 	6625 	6644
f 6644 	6643 	6642
f 6149 	6479 	6622
f 6635 	6723 	6633
f 6633 	6723 	6630
f 6690 	6693 	6621
f 6595 	6611 	6459
f 6584 	6609 	6617
f 6335 	6344 	6549
f 6161 	6628 	6631
f 6688 	6690 	6621
f 6459 	6611 	6467
f 6625 	6642 	6190
f 6617 	6538 	6584
f 6637 	6549 	6344
f 6200 	6645 	6418
f 6184 	6418 	6645
f 6640 	6402 	6486
f 6648 	6651 	6618
f 6738 	6328 	6632
f 6644 	6624 	6537
f 6646 	6645 	6200
f 6649 	6631 	6613
f 6625 	6190 	6178
f 6623 	6621 	6693
f 6673 	6647 	6503
f 6647 	6663 	6640
f 6540 	6641 	6643
f 6537 	6540 	6644
f 6643 	6644 	6540
f 6659 	6642 	6653
f 6641 	6653 	6642
f 6655 	6651 	6648
f 6208 	6654 	6650
f 6503 	6583 	6673
f 6652 	6158 	6218
f 6658 	6652 	6221
f 6598 	6604 	6656
f 6648 	6543 	6655
f 6653 	6662 	6659
f 6565 	6696 	6564
f 6340 	6640 	6663
f 6227 	6658 	6221
f 6665 	6659 	6662
f 6696 	6568 	6564
f 6666 	6658 	6227
f 6665 	6678 	6659
f 6666 	6676 	6658
f 6649 	6167 	6631
f 6642 	6659 	6236
f 6173 	6167 	6649
f 6234 	6666 	6227
f 6383 	6664 	6249
f 6234 	6310 	6666
f 6173 	6649 	6651
f 6604 	6607 	6656
f 6657 	6656 	6667
f 6661 	6567 	6656
f 6671 	6567 	6670
f 6713 	6710 	6663
f 6669 	6153 	6158
f 6547 	6665 	6662
f 6383 	6428 	6664
f 6655 	6176 	6651
f 6652 	6669 	6158
f 6173 	6651 	6176
f 6655 	6259 	6176
f 6658 	6672 	6652
f 6156 	6198 	6675
f 6547 	6662 	6653
f 6675 	6671 	6156
f 6668 	6458 	6423
f 6672 	6669 	6652
f 6165 	6261 	6660
f 6658 	6676 	6672
f 6642 	6236 	6190
f 6612 	6352 	6583
f 6540 	6653 	6641
f 6680 	6589 	6674
f 6670 	6567 	6661
f 6675 	6567 	6671
f 6674 	6589 	6675
f 6352 	6673 	6583
f 6310 	6330 	6666
f 6161 	6149 	6628
f 6678 	6403 	6402
f 6402 	6659 	6678
f 6524 	6612 	6375
f 6330 	6676 	6666
f 6679 	6471 	6458
f 6243 	6236 	6659
f 6587 	6589 	6685
f 6524 	6352 	6612
f 6153 	6669 	6186
f 6292 	6499 	6150
f 6668 	6679 	6458
f 6659 	6402 	6243
f 6672 	6191 	6669
f 6588 	6696 	6565
f 6676 	6193 	6672
f 6673 	6362 	6647
f 6677 	6681 	6668
f 6682 	6204 	6685
f 6193 	6191 	6672
f 6678 	6665 	6547
f 6646 	6586 	6645
f 6346 	6193 	6676
f 6647 	6362 	6663
f 6682 	6589 	6680
f 6685 	6589 	6682
f 6681 	6679 	6668
f 6330 	6346 	6676
f 6368 	6362 	6673
f 6586 	6646 	6595
f 6703 	6681 	6677
f 6352 	6368 	6673
f 6684 	6698 	6304
f 6650 	6595 	6646
f 6654 	6611 	6650
f 6267 	6686 	6264
f 6403 	6678 	6400
f 6547 	6400 	6678
f 6611 	6595 	6650
f 6686 	6684 	6264
f 6351 	6611 	6654
f 6593 	6594 	6679
f 6684 	6686 	6157
f 6351 	6654 	6664
f 6262 	6268 	6693
f 6692 	6693 	6268
f 6594 	6471 	6679
f 6693 	6690 	6262
f 6428 	6351 	6664
f 6158 	6153 	6686
f 6594 	6567 	6471
f 6153 	6157 	6686
f 6694 	6691 	6687
f 6689 	6695 	6338
f 6598 	6593 	6679
f 6476 	6687 	6290
f 6720 	6689 	6552
f 6687 	6159 	6694
f 6604 	6598 	6681
f 6598 	6679 	6681
f 6692 	6705 	6620
f 6619 	6620 	6705
f 6638 	6639 	6708
f 6708 	6710 	6638
f 6159 	6687 	6476
f 6170 	6304 	6698
f 6697 	6694 	6159
f 6720 	6552 	6576
f 6693 	6692 	6620
f 6699 	6697 	6148
f 6157 	6698 	6684
f 6620 	6623 	6693
f 6569 	6599 	6700
f 6170 	6698 	6347
f 6353 	6347 	6698
f 6162 	6699 	6148
f 6157 	6353 	6698
f 6700 	6677 	6569
f 6701 	6702 	6695
f 6695 	6700 	6599
f 6639 	6619 	6705
f 6695 	6702 	6700
f 6702 	6703 	6700
f 6338 	6695 	6599
f 6677 	6700 	6703
f 6696 	6244 	6241
f 6696 	6247 	6244
f 6694 	6697 	6725
f 6696 	6251 	6247
f 6606 	6607 	6703
f 6703 	6607 	6681
f 6696 	6252 	6251
f 6689 	6701 	6695
f 6727 	6697 	6699
f 6607 	6604 	6681
f 6696 	6430 	6252
f 6715 	6719 	6635
f 6696 	6441 	6439
f 6707 	6699 	6209
f 6696 	6317 	6441
f 6705 	6692 	6268
f 6696 	6320 	6317
f 6705 	6708 	6639
f 6710 	6713 	6638
f 6696 	6321 	6320
f 6706 	6712 	6704
f 6268 	6340 	6705
f 6696 	6324 	6321
f 6219 	6706 	6230
f 6696 	6326 	6324
f 6709 	6151 	6704
f 6657 	6702 	6656
f 6696 	6327 	6326
f 6634 	6638 	6713
f 6709 	6168 	6151
f 6696 	6270 	6327
f 6704 	6712 	6709
f 6657 	6667 	6702
f 6696 	6271 	6270
f 6696 	6272 	6271
f 6219 	6242 	6706
f 6696 	6273 	6272
f 6242 	6712 	6706
f 6696 	6274 	6273
f 6661 	6656 	6701
f 6701 	6656 	6702
f 6709 	6188 	6168
f 6253 	6263 	6707
f 6635 	6634 	6713
f 6635 	6713 	6717
f 6712 	6196 	6709
f 6696 	6588 	6274
f 6263 	6714 	6707
f 6701 	6670 	6661
f 6334 	6196 	6712
f 6156 	6670 	6701
f 6242 	6334 	6712
f 6663 	6362 	6717
f 6279 	6276 	6711
f 6717 	6713 	6663
f 6667 	6703 	6702
f 6714 	6279 	6711
f 6718 	6719 	6368
f 6154 	6164 	6716
f 6263 	6716 	6714
f 6164 	6294 	6716
f 6667 	6606 	6703
f 6368 	6719 	6362
f 6716 	6279 	6714
f 6719 	6715 	6362
f 6694 	6722 	6691
f 6723 	6718 	6368
f 6696 	6572 	6568
f 6368 	6380 	6723
f 6574 	6572 	6696
f 6691 	6722 	6721
f 6580 	6574 	6696
f 6720 	6576 	6169
f 6694 	6725 	6722
f 6580 	6696 	6582
f 6696 	6754 	6582
f 6156 	6689 	6720
f 6719 	6718 	6635
f 6718 	6723 	6635
f 6724 	6630 	6723
f 6754 	6696 	6756
f 6198 	6156 	6720
f 6696 	6147 	6756
f 6726 	6736 	6584
f 6728 	6753 	6726
f 6169 	6198 	6720
f 6697 	6727 	6725
f 6584 	6538 	6726
f 6169 	6576 	6602
f 6699 	6707 	6727
f 6546 	6729 	6730
f 6721 	6731 	6205
f 6546 	6630 	6729
f 6731 	6234 	6205
f 6730 	6729 	6751
f 6630 	6751 	6729
f 6732 	6731 	6721
f 6156 	6701 	6689
f 6732 	6314 	6731
f 6636 	6734 	6733
f 6632 	6636 	6733
f 6732 	6721 	6722
f 6725 	6735 	6722
f 6636 	6737 	6734
f 6722 	6735 	6732
f 6711 	6735 	6725
f 6730 	6753 	6728
f 6737 	6742 	6734
f 6726 	6740 	6736
f 6736 	6740 	6737
f 6727 	6711 	6725
f 6707 	6714 	6727
f 6748 	6738 	6749
f 6714 	6711 	6727
f 6731 	6310 	6234
f 6696 	6146 	6147
f 6739 	6738 	6632
f 6696 	6160 	6146
f 6739 	6632 	6733
f 6739 	6733 	6738
f 6734 	6742 	6733
f 6731 	6314 	6310
f 6319 	6314 	6732
f 6500 	6505 	6741
f 6732 	6735 	6319
f 6711 	6276 	6735
f 6741 	6755 	6500
f 6276 	6319 	6735
f 6742 	6737 	6740
f 6740 	6726 	6741
f 6316 	6744 	6742
f 6282 	6745 	6743
f 6290 	6687 	6745
f 6741 	6726 	6755
f 6717 	6715 	6635
f 6744 	6733 	6742
f 6747 	6733 	6744
f 6165 	6660 	6548
f 6323 	6746 	6747
f 6239 	6696 	6241
f 6744 	6316 	6747
f 6328 	6748 	6749
f 6323 	6328 	6749
f 6749 	6746 	6323
f 6551 	6750 	6550
f 6748 	6328 	6738
f 6750 	6165 	6550
f 6696 	6435 	6430
f 6746 	6733 	6747
f 6749 	6738 	6746
f 6733 	6746 	6738
f 6171 	6750 	6551
f 6696 	6439 	6435
f 6192 	6165 	6750
f 6171 	6194 	6750
f 6544 	6751 	6752
f 6380 	6544 	6752
f 6194 	6192 	6750
f 6560 	6171 	6551
f 6752 	6724 	6380
f 6560 	6743 	6175
f 6175 	6171 	6560
f 6745 	6757 	6743
f 6757 	6175 	6743
f 6751 	6630 	6752
f 6753 	6730 	6751
f 6752 	6630 	6724
f 6755 	6726 	6753
f 6696 	6166 	6160
f 6745 	6691 	6757
f 6205 	6175 	6757
f 6696 	6238 	6166
f 6721 	6757 	6691
f 6721 	6205 	6757
f 6239 	6238 	6696
f 6687 	6691 	6745
f 6182 	6582 	6754
f 6195 	6754 	6756
f 6199 	6195 	6756
f 6147 	6199 	6756
# 1222 faces

 #end of obj_11

