# Object Export From Tinkercad Server 2015

mtllib obj.mtl

o obj_0
v -41 		4 		19
v -41.8716 		4 		18.9734
v -41.8583 		3.8487 		18.9734
v -41.819 		3.7019 		18.9734
v -41.7548 		3.5642 		18.9734
v -41.6677 		3.4398 		18.9734
v -41.5602 		3.3323 		18.9734
v -41.4358 		3.2452 		18.9734
v -41.2981 		3.181 		18.9734
v -41.1513 		3.1417 		18.9734
v -41 		3.1284 		18.9734
v -40.8487 		3.1417 		18.9734
v -40.7019 		3.181 		18.9734
v -40.5642 		3.2452 		18.9734
v -40.4398 		3.3323 		18.9734
v -40.3323 		3.4398 		18.9734
v -40.2452 		3.5642 		18.9734
v -40.181 		3.7019 		18.9734
v -40.1417 		3.8487 		18.9734
v -40.1284 		4 		18.9734
v -40.1417 		4.1513 		18.9734
v -40.181 		4.2981 		18.9734
v -40.2452 		4.4358 		18.9734
v -40.3323 		4.5602 		18.9734
v -40.4398 		4.6677 		18.9734
v -40.5642 		4.7548 		18.9734
v -40.7019 		4.819 		18.9734
v -40.8487 		4.8583 		18.9734
v -41 		4.8716 		18.9734
v -41.1513 		4.8583 		18.9734
v -41.2981 		4.819 		18.9734
v -41.4358 		4.7548 		18.9734
v -41.5602 		4.6677 		18.9734
v -41.6677 		4.5602 		18.9734
v -41.7548 		4.4358 		18.9734
v -41.819 		4.2981 		18.9734
v -41.8583 		4.1513 		18.9734
v -42.7365 		4 		18.8936
v -42.7101 		3.6985 		18.8936
v -42.6318 		3.4061 		18.8936
v -42.5038 		3.1318 		18.8936
v -42.3302 		2.8838 		18.8936
v -42.1162 		2.6698 		18.8936
v -41.8682 		2.4962 		18.8936
v -41.5939 		2.3682 		18.8936
v -41.3015 		2.2899 		18.8936
v -41 		2.2635 		18.8936
v -40.6985 		2.2899 		18.8936
v -40.4061 		2.3682 		18.8936
v -40.1318 		2.4962 		18.8936
v -39.8838 		2.6698 		18.8936
v -39.6698 		2.8838 		18.8936
v -39.4962 		3.1318 		18.8936
v -39.3682 		3.4061 		18.8936
v -39.2899 		3.6985 		18.8936
v -39.2635 		4 		18.8936
v -39.2899 		4.3015 		18.8936
v -39.3682 		4.5939 		18.8936
v -39.4962 		4.8682 		18.8936
v -39.6698 		5.1162 		18.8936
v -39.8838 		5.3302 		18.8936
v -40.1318 		5.5038 		18.8936
v -40.4061 		5.6318 		18.8936
v -40.6985 		5.7101 		18.8936
v -41 		5.7365 		18.8936
v -41.3015 		5.7101 		18.8936
v -41.5939 		5.6318 		18.8936
v -41.8682 		5.5038 		18.8936
v -42.1162 		5.3302 		18.8936
v -42.3302 		5.1162 		18.8936
v -42.5038 		4.8682 		18.8936
v -42.6318 		4.5939 		18.8936
v -42.7101 		4.3015 		18.8936
v -43.5882 		4 		18.7615
v -43.5489 		3.5506 		18.7615
v -43.4321 		3.1148 		18.7615
v -43.2414 		2.7059 		18.7615
v -42.9827 		2.3363 		18.7615
v -42.6637 		2.0173 		18.7615
v -42.2941 		1.7586 		18.7615
v -41.8852 		1.5679 		18.7615
v -41.4494 		1.4511 		18.7615
v -41 		1.4118 		18.7615
v -40.5506 		1.4511 		18.7615
v -40.1148 		1.5679 		18.7615
v -39.7059 		1.7586 		18.7615
v -39.3363 		2.0173 		18.7615
v -39.0173 		2.3363 		18.7615
v -38.7586 		2.7059 		18.7615
v -38.5679 		3.1148 		18.7615
v -38.4511 		3.5506 		18.7615
v -38.4118 		4 		18.7615
v -38.4511 		4.4494 		18.7615
v -38.5679 		4.8852 		18.7615
v -38.7586 		5.2941 		18.7615
v -39.0173 		5.6637 		18.7615
v -39.3363 		5.9827 		18.7615
v -39.7059 		6.2414 		18.7615
v -40.1148 		6.4321 		18.7615
v -40.5506 		6.5489 		18.7615
v -41 		6.5882 		18.7615
v -41.4494 		6.5489 		18.7615
v -41.8852 		6.4321 		18.7615
v -42.2941 		6.2414 		18.7615
v -42.6637 		5.9827 		18.7615
v -42.9827 		5.6637 		18.7615
v -43.2414 		5.2941 		18.7615
v -43.4321 		4.8852 		18.7615
v -43.5489 		4.4494 		18.7615
v -44.4202 		4 		18.5778
v -44.3682 		3.4061 		18.5778
v -44.2139 		2.8302 		18.5778
v -43.962 		2.2899 		18.5778
v -43.62 		1.8015 		18.5778
v -43.1985 		1.38 		18.5778
v -42.7101 		1.038 		18.5778
v -42.1698 		0.7861 		18.5778
v -41.5939 		0.6318 		18.5778
v -41 		0.5798 		18.5778
v -40.4061 		0.6318 		18.5778
v -39.8302 		0.7861 		18.5778
v -39.2899 		1.038 		18.5778
v -38.8015 		1.38 		18.5778
v -38.38 		1.8015 		18.5778
v -38.038 		2.2899 		18.5778
v -37.7861 		2.8302 		18.5778
v -37.6318 		3.4061 		18.5778
v -37.5798 		4 		18.5778
v -37.6318 		4.5939 		18.5778
v -37.7861 		5.1698 		18.5778
v -38.038 		5.7101 		18.5778
v -38.38 		6.1985 		18.5778
v -38.8015 		6.62 		18.5778
v -39.2899 		6.962 		18.5778
v -39.8302 		7.2139 		18.5778
v -40.4061 		7.3682 		18.5778
v -41 		7.4202 		18.5778
v -41.5939 		7.3682 		18.5778
v -42.1698 		7.2139 		18.5778
v -42.7101 		6.962 		18.5778
v -43.1985 		6.62 		18.5778
v -43.62 		6.1985 		18.5778
v -43.962 		5.7101 		18.5778
v -44.2139 		5.1698 		18.5778
v -44.3682 		4.5939 		18.5778
v -45.2262 		4 		18.3441
v -45.162 		3.2661 		18.3441
v -44.9713 		2.5546 		18.3441
v -44.66 		1.8869 		18.3441
v -44.2374 		1.2835 		18.3441
v -43.7165 		0.7626 		18.3441
v -43.1131 		0.34 		18.3441
v -42.4454 		0.0287 		18.3441
v -41.7339 		-0.162 		18.3441
v -41 		-0.2262 		18.3441
v -40.2661 		-0.162 		18.3441
v -39.5546 		0.0287 		18.3441
v -38.8869 		0.34 		18.3441
v -38.2835 		0.7626 		18.3441
v -37.7626 		1.2835 		18.3441
v -37.34 		1.8869 		18.3441
v -37.0287 		2.5546 		18.3441
v -36.838 		3.2661 		18.3441
v -36.7738 		4 		18.3441
v -36.838 		4.7339 		18.3441
v -37.0287 		5.4454 		18.3441
v -37.34 		6.1131 		18.3441
v -37.7626 		6.7165 		18.3441
v -38.2835 		7.2374 		18.3441
v -38.8869 		7.66 		18.3441
v -39.5546 		7.9713 		18.3441
v -40.2661 		8.162 		18.3441
v -41 		8.2262 		18.3441
v -41.7339 		8.162 		18.3441
v -42.4454 		7.9713 		18.3441
v -43.1131 		7.66 		18.3441
v -43.7165 		7.2374 		18.3441
v -44.2374 		6.7165 		18.3441
v -44.66 		6.1131 		18.3441
v -44.9713 		5.4454 		18.3441
v -45.162 		4.7339 		18.3441
v -46 		4 		18.0622
v -45.924 		3.1318 		18.0622
v -45.6985 		2.2899 		18.0622
v -45.3301 		1.5 		18.0622
v -44.8302 		0.7861 		18.0622
v -44.2139 		0.1698 		18.0622
v -43.5 		-0.3301 		18.0622
v -42.7101 		-0.6985 		18.0622
v -41.8682 		-0.924 		18.0622
v -41 		-1 		18.0622
v -40.1318 		-0.924 		18.0622
v -39.2899 		-0.6985 		18.0622
v -38.5 		-0.3301 		18.0622
v -37.7861 		0.1698 		18.0622
v -37.1698 		0.7861 		18.0622
v -36.6699 		1.5 		18.0622
v -36.3015 		2.2899 		18.0622
v -36.076 		3.1318 		18.0622
v -36 		4 		18.0622
v -36.076 		4.8682 		18.0622
v -36.3015 		5.7101 		18.0622
v -36.6699 		6.5 		18.0622
v -37.1698 		7.2139 		18.0622
v -37.7861 		7.8302 		18.0622
v -38.5 		8.3301 		18.0622
v -39.2899 		8.6985 		18.0622
v -40.1318 		8.924 		18.0622
v -41 		9 		18.0622
v -41.8682 		8.924 		18.0622
v -42.7101 		8.6985 		18.0622
v -43.5 		8.3301 		18.0622
v -44.2139 		7.8302 		18.0622
v -44.8302 		7.2139 		18.0622
v -45.3301 		6.5 		18.0622
v -45.6985 		5.7101 		18.0622
v -45.924 		4.8682 		18.0622
v -46.7358 		4 		17.7341
v -46.6486 		3.004 		17.7341
v -46.3899 		2.0383 		17.7341
v -45.9673 		1.1321 		17.7341
v -45.3939 		0.3131 		17.7341
v -44.6869 		-0.3939 		17.7341
v -43.8679 		-0.9673 		17.7341
v -42.9617 		-1.3899 		17.7341
v -41.996 		-1.6486 		17.7341
v -41 		-1.7358 		17.7341
v -40.004 		-1.6486 		17.7341
v -39.0383 		-1.3899 		17.7341
v -38.1321 		-0.9673 		17.7341
v -37.3131 		-0.3939 		17.7341
v -36.6061 		0.3131 		17.7341
v -36.0327 		1.1321 		17.7341
v -35.6101 		2.0383 		17.7341
v -35.3514 		3.004 		17.7341
v -35.2642 		4 		17.7341
v -35.3514 		4.996 		17.7341
v -35.6101 		5.9617 		17.7341
v -36.0327 		6.8679 		17.7341
v -36.6061 		7.6869 		17.7341
v -37.3131 		8.3939 		17.7341
v -38.1321 		8.9673 		17.7341
v -39.0383 		9.3899 		17.7341
v -40.004 		9.6486 		17.7341
v -41 		9.7358 		17.7341
v -41.996 		9.6486 		17.7341
v -42.9617 		9.3899 		17.7341
v -43.8679 		8.9673 		17.7341
v -44.6869 		8.3939 		17.7341
v -45.3939 		7.6869 		17.7341
v -45.9673 		6.8679 		17.7341
v -46.3899 		5.9617 		17.7341
v -46.6486 		4.996 		17.7341
v -47.4279 		4 		17.3623
v -47.3302 		2.8838 		17.3623
v -47.0402 		1.8015 		17.3623
v -46.5667 		0.7861 		17.3623
v -45.924 		-0.1318 		17.3623
v -45.1318 		-0.924 		17.3623
v -44.2139 		-1.5667 		17.3623
v -43.1985 		-2.0402 		17.3623
v -42.1162 		-2.3302 		17.3623
v -41 		-2.4279 		17.3623
v -39.8838 		-2.3302 		17.3623
v -38.8015 		-2.0402 		17.3623
v -37.7861 		-1.5667 		17.3623
v -36.8682 		-0.924 		17.3623
v -36.076 		-0.1318 		17.3623
v -35.4333 		0.7861 		17.3623
v -34.9598 		1.8015 		17.3623
v -34.6698 		2.8838 		17.3623
v -34.5721 		4 		17.3623
v -34.6698 		5.1162 		17.3623
v -34.9598 		6.1985 		17.3623
v -35.4333 		7.2139 		17.3623
v -36.076 		8.1318 		17.3623
v -36.8682 		8.924 		17.3623
v -37.7861 		9.5667 		17.3623
v -38.8015 		10.0402 		17.3623
v -39.8838 		10.3302 		17.3623
v -41 		10.4279 		17.3623
v -42.1162 		10.3302 		17.3623
v -43.1985 		10.0402 		17.3623
v -44.2139 		9.5667 		17.3623
v -45.1318 		8.924 		17.3623
v -45.924 		8.1318 		17.3623
v -46.5667 		7.2139 		17.3623
v -47.0402 		6.1985 		17.3623
v -47.3302 		5.1162 		17.3623
v -48.0711 		4 		16.9497
v -47.9636 		2.7721 		16.9497
v -47.6446 		1.5816 		16.9497
v -47.1237 		0.4645 		16.9497
v -46.4168 		-0.5452 		16.9497
v -45.5452 		-1.4168 		16.9497
v -44.5355 		-2.1237 		16.9497
v -43.4184 		-2.6446 		16.9497
v -42.2279 		-2.9636 		16.9497
v -41 		-3.0711 		16.9497
v -39.7721 		-2.9636 		16.9497
v -38.5816 		-2.6446 		16.9497
v -37.4645 		-2.1237 		16.9497
v -36.4548 		-1.4168 		16.9497
v -35.5832 		-0.5452 		16.9497
v -34.8763 		0.4645 		16.9497
v -34.3554 		1.5816 		16.9497
v -34.0364 		2.7721 		16.9497
v -33.9289 		4 		16.9497
v -34.0364 		5.2279 		16.9497
v -34.3554 		6.4184 		16.9497
v -34.8763 		7.5355 		16.9497
v -35.5832 		8.5452 		16.9497
v -36.4548 		9.4168 		16.9497
v -37.4645 		10.1237 		16.9497
v -38.5816 		10.6446 		16.9497
v -39.7721 		10.9636 		16.9497
v -41 		11.0711 		16.9497
v -42.2279 		10.9636 		16.9497
v -43.4184 		10.6446 		16.9497
v -44.5355 		10.1237 		16.9497
v -45.5452 		9.4168 		16.9497
v -46.4168 		8.5452 		16.9497
v -47.1237 		7.5355 		16.9497
v -47.6446 		6.4184 		16.9497
v -47.9636 		5.2279 		16.9497
v -48.6604 		4 		16.4995
v -48.5441 		2.6698 		16.4995
v -48.1985 		1.38 		16.4995
v -47.6341 		0.1698 		16.4995
v -46.8682 		-0.924 		16.4995
v -45.924 		-1.8682 		16.4995
v -44.8302 		-2.6341 		16.4995
v -43.62 		-3.1985 		16.4995
v -42.3302 		-3.5441 		16.4995
v -41 		-3.6604 		16.4995
v -39.6698 		-3.5441 		16.4995
v -38.38 		-3.1985 		16.4995
v -37.1698 		-2.6341 		16.4995
v -36.076 		-1.8682 		16.4995
v -35.1318 		-0.924 		16.4995
v -34.3659 		0.1698 		16.4995
v -33.8015 		1.38 		16.4995
v -33.4559 		2.6698 		16.4995
v -33.3396 		4 		16.4995
v -33.4559 		5.3302 		16.4995
v -33.8015 		6.62 		16.4995
v -34.3659 		7.8302 		16.4995
v -35.1318 		8.924 		16.4995
v -36.076 		9.8682 		16.4995
v -37.1698 		10.6341 		16.4995
v -38.38 		11.1985 		16.4995
v -39.6698 		11.5441 		16.4995
v -41 		11.6604 		16.4995
v -42.3302 		11.5441 		16.4995
v -43.62 		11.1985 		16.4995
v -44.8302 		10.6341 		16.4995
v -45.924 		9.8682 		16.4995
v -46.8682 		8.924 		16.4995
v -47.6341 		7.8302 		16.4995
v -48.1985 		6.62 		16.4995
v -48.5441 		5.3302 		16.4995
v -49.1915 		4 		16.015
v -49.0671 		2.5776 		16.015
v -48.6975 		1.1983 		16.015
v -48.0941 		-0.0958 		16.015
v -47.2751 		-1.2654 		16.015
v -46.2654 		-2.2751 		16.015
v -45.0958 		-3.0941 		16.015
v -43.8017 		-3.6975 		16.015
v -42.4224 		-4.0671 		16.015
v -41 		-4.1915 		16.015
v -39.5776 		-4.0671 		16.015
v -38.1983 		-3.6975 		16.015
v -36.9042 		-3.0941 		16.015
v -35.7346 		-2.2751 		16.015
v -34.7249 		-1.2654 		16.015
v -33.9059 		-0.0958 		16.015
v -33.3025 		1.1983 		16.015
v -32.9329 		2.5776 		16.015
v -32.8085 		4 		16.015
v -32.9329 		5.4224 		16.015
v -33.3025 		6.8017 		16.015
v -33.9059 		8.0958 		16.015
v -34.7249 		9.2654 		16.015
v -35.7346 		10.2751 		16.015
v -36.9042 		11.0941 		16.015
v -38.1983 		11.6975 		16.015
v -39.5776 		12.0671 		16.015
v -41 		12.1915 		16.015
v -42.4224 		12.0671 		16.015
v -43.8017 		11.6975 		16.015
v -45.0958 		11.0941 		16.015
v -46.2654 		10.2751 		16.015
v -47.2751 		9.2654 		16.015
v -48.0941 		8.0958 		16.015
v -48.6975 		6.8017 		16.015
v -49.0671 		5.4224 		16.015
v -49.6603 		4 		15.5
v -49.5287 		2.4962 		15.5
v -49.138 		1.038 		15.5
v -48.5 		-0.3301 		15.5
v -47.6341 		-1.5667 		15.5
v -46.5667 		-2.6341 		15.5
v -45.3301 		-3.5 		15.5
v -43.962 		-4.138 		15.5
v -42.5038 		-4.5287 		15.5
v -41 		-4.6603 		15.5
v -39.4962 		-4.5287 		15.5
v -38.038 		-4.138 		15.5
v -36.6699 		-3.5 		15.5
v -35.4333 		-2.6341 		15.5
v -34.3659 		-1.5667 		15.5
v -33.5 		-0.3301 		15.5
v -32.862 		1.038 		15.5
v -32.4713 		2.4962 		15.5
v -32.3397 		4 		15.5
v -32.4713 		5.5038 		15.5
v -32.862 		6.962 		15.5
v -33.5 		8.3301 		15.5
v -34.3659 		9.5667 		15.5
v -35.4333 		10.6341 		15.5
v -36.6699 		11.5 		15.5
v -38.038 		12.138 		15.5
v -39.4962 		12.5287 		15.5
v -41 		12.6603 		15.5
v -42.5038 		12.5287 		15.5
v -43.962 		12.138 		15.5
v -45.3301 		11.5 		15.5
v -46.5667 		10.6341 		15.5
v -47.6341 		9.5667 		15.5
v -48.5 		8.3301 		15.5
v -49.138 		6.962 		15.5
v -49.5287 		5.5038 		15.5
v -50.0631 		4 		14.9583
v -49.9254 		2.4262 		14.9583
v -49.5165 		0.9002 		14.9583
v -48.8489 		-0.5315 		14.9583
v -47.9427 		-1.8256 		14.9583
v -46.8256 		-2.9427 		14.9583
v -45.5315 		-3.8489 		14.9583
v -44.0998 		-4.5165 		14.9583
v -42.5738 		-4.9254 		14.9583
v -41 		-5.0631 		14.9583
v -39.4262 		-4.9254 		14.9583
v -37.9002 		-4.5165 		14.9583
v -36.4685 		-3.8489 		14.9583
v -35.1744 		-2.9427 		14.9583
v -34.0573 		-1.8256 		14.9583
v -33.1511 		-0.5315 		14.9583
v -32.4835 		0.9002 		14.9583
v -32.0746 		2.4262 		14.9583
v -31.9369 		4 		14.9583
v -32.0746 		5.5738 		14.9583
v -32.4835 		7.0998 		14.9583
v -33.1511 		8.5315 		14.9583
v -34.0573 		9.8256 		14.9583
v -35.1744 		10.9427 		14.9583
v -36.4685 		11.8489 		14.9583
v -37.9002 		12.5165 		14.9583
v -39.4262 		12.9254 		14.9583
v -41 		13.0631 		14.9583
v -42.5738 		12.9254 		14.9583
v -44.0998 		12.5165 		14.9583
v -45.5315 		11.8489 		14.9583
v -46.8256 		10.9427 		14.9583
v -47.9427 		9.8256 		14.9583
v -48.8489 		8.5315 		14.9583
v -49.5165 		7.0998 		14.9583
v -49.9254 		5.5738 		14.9583
v -50.3969 		4 		14.3941
v -50.2542 		2.3682 		14.3941
v -49.8302 		0.7861 		14.3941
v -49.138 		-0.6985 		14.3941
v -48.1985 		-2.0402 		14.3941
v -47.0402 		-3.1985 		14.3941
v -45.6985 		-4.138 		14.3941
v -44.2139 		-4.8302 		14.3941
v -42.6318 		-5.2542 		14.3941
v -41 		-5.3969 		14.3941
v -39.3682 		-5.2542 		14.3941
v -37.7861 		-4.8302 		14.3941
v -36.3015 		-4.138 		14.3941
v -34.9598 		-3.1985 		14.3941
v -33.8015 		-2.0402 		14.3941
v -32.862 		-0.6985 		14.3941
v -32.1698 		0.7861 		14.3941
v -31.7458 		2.3682 		14.3941
v -31.6031 		4 		14.3941
v -31.7458 		5.6318 		14.3941
v -32.1698 		7.2139 		14.3941
v -32.862 		8.6985 		14.3941
v -33.8015 		10.0402 		14.3941
v -34.9598 		11.1985 		14.3941
v -36.3015 		12.138 		14.3941
v -37.7861 		12.8302 		14.3941
v -39.3682 		13.2542 		14.3941
v -41 		13.3969 		14.3941
v -42.6318 		13.2542 		14.3941
v -44.2139 		12.8302 		14.3941
v -45.6985 		12.138 		14.3941
v -47.0402 		11.1985 		14.3941
v -48.1985 		10.0402 		14.3941
v -49.138 		8.6985 		14.3941
v -49.8302 		7.2139 		14.3941
v -50.2542 		5.6318 		14.3941
v -50.6593 		4 		13.8117
v -50.5125 		2.3227 		13.8117
v -50.0767 		0.6963 		13.8117
v -49.3652 		-0.8296 		13.8117
v -48.3994 		-2.2089 		13.8117
v -47.2089 		-3.3994 		13.8117
v -45.8296 		-4.3652 		13.8117
v -44.3037 		-5.0767 		13.8117
v -42.6773 		-5.5125 		13.8117
v -41 		-5.6593 		13.8117
v -39.3227 		-5.5125 		13.8117
v -37.6963 		-5.0767 		13.8117
v -36.1704 		-4.3652 		13.8117
v -34.7911 		-3.3994 		13.8117
v -33.6006 		-2.2089 		13.8117
v -32.6348 		-0.8296 		13.8117
v -31.9233 		0.6963 		13.8117
v -31.4875 		2.3227 		13.8117
v -31.3407 		4 		13.8117
v -31.4875 		5.6773 		13.8117
v -31.9233 		7.3037 		13.8117
v -32.6348 		8.8296 		13.8117
v -33.6006 		10.2089 		13.8117
v -34.7911 		11.3994 		13.8117
v -36.1704 		12.3652 		13.8117
v -37.6963 		13.0767 		13.8117
v -39.3227 		13.5125 		13.8117
v -41 		13.6593 		13.8117
v -42.6773 		13.5125 		13.8117
v -44.3037 		13.0767 		13.8117
v -45.8296 		12.3652 		13.8117
v -47.2089 		11.3994 		13.8117
v -48.3994 		10.2089 		13.8117
v -49.3652 		8.8296 		13.8117
v -50.0767 		7.3037 		13.8117
v -50.5125 		5.6773 		13.8117
v -50.8481 		4 		13.2155
v -50.6985 		2.2899 		13.2155
v -50.2542 		0.6318 		13.2155
v -49.5287 		-0.924 		13.2155
v -48.5441 		-2.3302 		13.2155
v -47.3302 		-3.5441 		13.2155
v -45.924 		-4.5287 		13.2155
v -44.3682 		-5.2542 		13.2155
v -42.7101 		-5.6985 		13.2155
v -41 		-5.8481 		13.2155
v -39.2899 		-5.6985 		13.2155
v -37.6318 		-5.2542 		13.2155
v -36.076 		-4.5287 		13.2155
v -34.6698 		-3.5441 		13.2155
v -33.4559 		-2.3302 		13.2155
v -32.4713 		-0.924 		13.2155
v -31.7458 		0.6318 		13.2155
v -31.3015 		2.2899 		13.2155
v -31.1519 		4 		13.2155
v -31.3015 		5.7101 		13.2155
v -31.7458 		7.3682 		13.2155
v -32.4713 		8.924 		13.2155
v -33.4559 		10.3302 		13.2155
v -34.6698 		11.5441 		13.2155
v -36.076 		12.5287 		13.2155
v -37.6318 		13.2542 		13.2155
v -39.2899 		13.6985 		13.2155
v -41 		13.8481 		13.2155
v -42.7101 		13.6985 		13.2155
v -44.3682 		13.2542 		13.2155
v -45.924 		12.5287 		13.2155
v -47.3302 		11.5441 		13.2155
v -48.5441 		10.3302 		13.2155
v -49.5287 		8.924 		13.2155
v -50.2542 		7.3682 		13.2155
v -50.6985 		5.7101 		13.2155
v -50.9619 		4 		12.6101
v -50.8106 		2.2701 		12.6101
v -50.3612 		0.5928 		12.6101
v -49.6273 		-0.981 		12.6101
v -48.6313 		-2.4034 		12.6101
v -47.4034 		-3.6313 		12.6101
v -45.981 		-4.6273 		12.6101
v -44.4072 		-5.3612 		12.6101
v -42.7299 		-5.8106 		12.6101
v -41 		-5.9619 		12.6101
v -39.2701 		-5.8106 		12.6101
v -37.5928 		-5.3612 		12.6101
v -36.019 		-4.6273 		12.6101
v -34.5966 		-3.6313 		12.6101
v -33.3687 		-2.4034 		12.6101
v -32.3727 		-0.981 		12.6101
v -31.6388 		0.5928 		12.6101
v -31.1894 		2.2701 		12.6101
v -31.0381 		4 		12.6101
v -31.1894 		5.7299 		12.6101
v -31.6388 		7.4072 		12.6101
v -32.3727 		8.981 		12.6101
v -33.3687 		10.4034 		12.6101
v -34.5966 		11.6313 		12.6101
v -36.019 		12.6273 		12.6101
v -37.5928 		13.3612 		12.6101
v -39.2701 		13.8106 		12.6101
v -41 		13.9619 		12.6101
v -42.7299 		13.8106 		12.6101
v -44.4072 		13.3612 		12.6101
v -45.981 		12.6273 		12.6101
v -47.4034 		11.6313 		12.6101
v -48.6313 		10.4034 		12.6101
v -49.6273 		8.981 		12.6101
v -50.3612 		7.4072 		12.6101
v -50.8106 		5.7299 		12.6101
v -51 		4 		12
v -50.8481 		2.2635 		12
v -50.3969 		0.5798 		12
v -49.6603 		-1 		12
v -48.6604 		-2.4279 		12
v -47.4279 		-3.6604 		12
v -46 		-4.6603 		12
v -44.4202 		-5.3969 		12
v -42.7365 		-5.8481 		12
v -41 		-6 		12
v -39.2635 		-5.8481 		12
v -37.5798 		-5.3969 		12
v -36 		-4.6603 		12
v -34.5721 		-3.6604 		12
v -33.3396 		-2.4279 		12
v -32.3397 		-1 		12
v -31.6031 		0.5798 		12
v -31.1519 		2.2635 		12
v -31 		4 		12
v -31.1519 		5.7365 		12
v -31.6031 		7.4202 		12
v -32.3397 		9 		12
v -33.3396 		10.4279 		12
v -34.5721 		11.6604 		12
v -36 		12.6603 		12
v -37.5798 		13.3969 		12
v -39.2635 		13.8481 		12
v -41 		14 		12
v -42.7365 		13.8481 		12
v -44.4202 		13.3969 		12
v -46 		12.6603 		12
v -47.4279 		11.6604 		12
v -48.6604 		10.4279 		12
v -49.6603 		9 		12
v -50.3969 		7.4202 		12
v -50.8481 		5.7365 		12
v -41 		4 		12
# 650 vertices

g group_0_16500122

usemtl color_16500122
s 0

f 1 	2 	3
f 1 	3 	4
f 1 	4 	5
f 1 	5 	6
f 1 	6 	7
f 1 	7 	8
f 1 	8 	9
f 1 	9 	10
f 1 	10 	11
f 1 	11 	12
f 1 	12 	13
f 1 	13 	14
f 1 	14 	15
f 1 	15 	16
f 1 	16 	17
f 1 	17 	18
f 1 	18 	19
f 1 	19 	20
f 1 	20 	21
f 1 	21 	22
f 1 	22 	23
f 1 	23 	24
f 1 	24 	25
f 1 	25 	26
f 1 	26 	27
f 1 	27 	28
f 1 	28 	29
f 1 	29 	30
f 1 	30 	31
f 1 	31 	32
f 1 	32 	33
f 1 	33 	34
f 1 	34 	35
f 1 	35 	36
f 1 	36 	37
f 1 	37 	2
f 3 	2 	39
f 2 	38 	39
f 4 	3 	40
f 3 	39 	40
f 5 	4 	41
f 4 	40 	41
f 6 	5 	42
f 5 	41 	42
f 7 	6 	43
f 6 	42 	43
f 8 	7 	44
f 7 	43 	44
f 9 	8 	45
f 8 	44 	45
f 10 	9 	46
f 9 	45 	46
f 11 	10 	47
f 10 	46 	47
f 12 	11 	48
f 11 	47 	48
f 13 	12 	49
f 12 	48 	49
f 14 	13 	50
f 13 	49 	50
f 15 	14 	51
f 14 	50 	51
f 16 	15 	52
f 15 	51 	52
f 17 	16 	53
f 16 	52 	53
f 18 	17 	54
f 17 	53 	54
f 19 	18 	55
f 18 	54 	55
f 20 	19 	56
f 19 	55 	56
f 21 	20 	57
f 20 	56 	57
f 22 	21 	58
f 21 	57 	58
f 23 	22 	59
f 22 	58 	59
f 24 	23 	60
f 23 	59 	60
f 25 	24 	61
f 24 	60 	61
f 26 	25 	62
f 25 	61 	62
f 27 	26 	63
f 26 	62 	63
f 28 	27 	64
f 27 	63 	64
f 29 	28 	65
f 28 	64 	65
f 30 	29 	66
f 29 	65 	66
f 31 	30 	67
f 30 	66 	67
f 32 	31 	68
f 31 	67 	68
f 33 	32 	69
f 32 	68 	69
f 34 	33 	70
f 33 	69 	70
f 35 	34 	71
f 34 	70 	71
f 36 	35 	72
f 35 	71 	72
f 37 	36 	73
f 36 	72 	73
f 2 	37 	38
f 37 	73 	38
f 39 	38 	75
f 38 	74 	75
f 40 	39 	76
f 39 	75 	76
f 41 	40 	77
f 40 	76 	77
f 42 	41 	78
f 41 	77 	78
f 43 	42 	79
f 42 	78 	79
f 44 	43 	80
f 43 	79 	80
f 45 	44 	81
f 44 	80 	81
f 46 	45 	82
f 45 	81 	82
f 47 	46 	83
f 46 	82 	83
f 48 	47 	84
f 47 	83 	84
f 49 	48 	85
f 48 	84 	85
f 50 	49 	86
f 49 	85 	86
f 51 	50 	87
f 50 	86 	87
f 52 	51 	88
f 51 	87 	88
f 53 	52 	89
f 52 	88 	89
f 54 	53 	90
f 53 	89 	90
f 55 	54 	91
f 54 	90 	91
f 56 	55 	92
f 55 	91 	92
f 57 	56 	93
f 56 	92 	93
f 58 	57 	94
f 57 	93 	94
f 59 	58 	95
f 58 	94 	95
f 60 	59 	96
f 59 	95 	96
f 61 	60 	97
f 60 	96 	97
f 62 	61 	98
f 61 	97 	98
f 63 	62 	99
f 62 	98 	99
f 64 	63 	100
f 63 	99 	100
f 65 	64 	101
f 64 	100 	101
f 66 	65 	102
f 65 	101 	102
f 67 	66 	103
f 66 	102 	103
f 68 	67 	104
f 67 	103 	104
f 69 	68 	105
f 68 	104 	105
f 70 	69 	106
f 69 	105 	106
f 71 	70 	107
f 70 	106 	107
f 72 	71 	108
f 71 	107 	108
f 73 	72 	109
f 72 	108 	109
f 38 	73 	74
f 73 	109 	74
f 75 	74 	111
f 74 	110 	111
f 76 	75 	112
f 75 	111 	112
f 77 	76 	113
f 76 	112 	113
f 78 	77 	114
f 77 	113 	114
f 79 	78 	115
f 78 	114 	115
f 80 	79 	116
f 79 	115 	116
f 81 	80 	117
f 80 	116 	117
f 82 	81 	118
f 81 	117 	118
f 83 	82 	119
f 82 	118 	119
f 84 	83 	120
f 83 	119 	120
f 85 	84 	121
f 84 	120 	121
f 86 	85 	122
f 85 	121 	122
f 87 	86 	123
f 86 	122 	123
f 88 	87 	124
f 87 	123 	124
f 89 	88 	125
f 88 	124 	125
f 90 	89 	126
f 89 	125 	126
f 91 	90 	127
f 90 	126 	127
f 92 	91 	128
f 91 	127 	128
f 93 	92 	129
f 92 	128 	129
f 94 	93 	130
f 93 	129 	130
f 95 	94 	131
f 94 	130 	131
f 96 	95 	132
f 95 	131 	132
f 97 	96 	133
f 96 	132 	133
f 98 	97 	134
f 97 	133 	134
f 99 	98 	135
f 98 	134 	135
f 100 	99 	136
f 99 	135 	136
f 101 	100 	137
f 100 	136 	137
f 102 	101 	138
f 101 	137 	138
f 103 	102 	139
f 102 	138 	139
f 104 	103 	140
f 103 	139 	140
f 105 	104 	141
f 104 	140 	141
f 106 	105 	142
f 105 	141 	142
f 107 	106 	143
f 106 	142 	143
f 108 	107 	144
f 107 	143 	144
f 109 	108 	145
f 108 	144 	145
f 74 	109 	110
f 109 	145 	110
f 111 	110 	147
f 110 	146 	147
f 112 	111 	148
f 111 	147 	148
f 113 	112 	149
f 112 	148 	149
f 114 	113 	150
f 113 	149 	150
f 115 	114 	151
f 114 	150 	151
f 116 	115 	152
f 115 	151 	152
f 117 	116 	153
f 116 	152 	153
f 118 	117 	154
f 117 	153 	154
f 119 	118 	155
f 118 	154 	155
f 120 	119 	156
f 119 	155 	156
f 121 	120 	157
f 120 	156 	157
f 122 	121 	158
f 121 	157 	158
f 123 	122 	159
f 122 	158 	159
f 124 	123 	160
f 123 	159 	160
f 125 	124 	161
f 124 	160 	161
f 126 	125 	162
f 125 	161 	162
f 127 	126 	163
f 126 	162 	163
f 128 	127 	164
f 127 	163 	164
f 129 	128 	165
f 128 	164 	165
f 130 	129 	166
f 129 	165 	166
f 131 	130 	167
f 130 	166 	167
f 132 	131 	168
f 131 	167 	168
f 133 	132 	169
f 132 	168 	169
f 134 	133 	170
f 133 	169 	170
f 135 	134 	171
f 134 	170 	171
f 136 	135 	172
f 135 	171 	172
f 137 	136 	173
f 136 	172 	173
f 138 	137 	174
f 137 	173 	174
f 139 	138 	175
f 138 	174 	175
f 140 	139 	176
f 139 	175 	176
f 141 	140 	177
f 140 	176 	177
f 142 	141 	178
f 141 	177 	178
f 143 	142 	179
f 142 	178 	179
f 144 	143 	180
f 143 	179 	180
f 145 	144 	181
f 144 	180 	181
f 110 	145 	146
f 145 	181 	146
f 147 	146 	183
f 146 	182 	183
f 148 	147 	184
f 147 	183 	184
f 149 	148 	185
f 148 	184 	185
f 150 	149 	186
f 149 	185 	186
f 151 	150 	187
f 150 	186 	187
f 152 	151 	188
f 151 	187 	188
f 153 	152 	189
f 152 	188 	189
f 154 	153 	190
f 153 	189 	190
f 155 	154 	191
f 154 	190 	191
f 156 	155 	192
f 155 	191 	192
f 157 	156 	193
f 156 	192 	193
f 158 	157 	194
f 157 	193 	194
f 159 	158 	195
f 158 	194 	195
f 160 	159 	196
f 159 	195 	196
f 161 	160 	197
f 160 	196 	197
f 162 	161 	198
f 161 	197 	198
f 163 	162 	199
f 162 	198 	199
f 164 	163 	200
f 163 	199 	200
f 165 	164 	201
f 164 	200 	201
f 166 	165 	202
f 165 	201 	202
f 167 	166 	203
f 166 	202 	203
f 168 	167 	204
f 167 	203 	204
f 169 	168 	205
f 168 	204 	205
f 170 	169 	206
f 169 	205 	206
f 171 	170 	207
f 170 	206 	207
f 172 	171 	208
f 171 	207 	208
f 173 	172 	209
f 172 	208 	209
f 174 	173 	210
f 173 	209 	210
f 175 	174 	211
f 174 	210 	211
f 176 	175 	212
f 175 	211 	212
f 177 	176 	213
f 176 	212 	213
f 178 	177 	214
f 177 	213 	214
f 179 	178 	215
f 178 	214 	215
f 180 	179 	216
f 179 	215 	216
f 181 	180 	217
f 180 	216 	217
f 146 	181 	182
f 181 	217 	182
f 183 	182 	219
f 182 	218 	219
f 184 	183 	220
f 183 	219 	220
f 185 	184 	221
f 184 	220 	221
f 186 	185 	222
f 185 	221 	222
f 187 	186 	223
f 186 	222 	223
f 188 	187 	224
f 187 	223 	224
f 189 	188 	225
f 188 	224 	225
f 190 	189 	226
f 189 	225 	226
f 191 	190 	227
f 190 	226 	227
f 192 	191 	228
f 191 	227 	228
f 193 	192 	229
f 192 	228 	229
f 194 	193 	230
f 193 	229 	230
f 195 	194 	231
f 194 	230 	231
f 196 	195 	232
f 195 	231 	232
f 197 	196 	233
f 196 	232 	233
f 198 	197 	234
f 197 	233 	234
f 199 	198 	235
f 198 	234 	235
f 200 	199 	236
f 199 	235 	236
f 201 	200 	237
f 200 	236 	237
f 202 	201 	238
f 201 	237 	238
f 203 	202 	239
f 202 	238 	239
f 204 	203 	240
f 203 	239 	240
f 205 	204 	241
f 204 	240 	241
f 206 	205 	242
f 205 	241 	242
f 207 	206 	243
f 206 	242 	243
f 208 	207 	244
f 207 	243 	244
f 209 	208 	245
f 208 	244 	245
f 210 	209 	246
f 209 	245 	246
f 211 	210 	247
f 210 	246 	247
f 212 	211 	248
f 211 	247 	248
f 213 	212 	249
f 212 	248 	249
f 214 	213 	250
f 213 	249 	250
f 215 	214 	251
f 214 	250 	251
f 216 	215 	252
f 215 	251 	252
f 217 	216 	253
f 216 	252 	253
f 182 	217 	218
f 217 	253 	218
f 219 	218 	255
f 218 	254 	255
f 220 	219 	256
f 219 	255 	256
f 221 	220 	257
f 220 	256 	257
f 222 	221 	258
f 221 	257 	258
f 223 	222 	259
f 222 	258 	259
f 224 	223 	260
f 223 	259 	260
f 225 	224 	261
f 224 	260 	261
f 226 	225 	262
f 225 	261 	262
f 227 	226 	263
f 226 	262 	263
f 228 	227 	264
f 227 	263 	264
f 229 	228 	265
f 228 	264 	265
f 230 	229 	266
f 229 	265 	266
f 231 	230 	267
f 230 	266 	267
f 232 	231 	268
f 231 	267 	268
f 233 	232 	269
f 232 	268 	269
f 234 	233 	270
f 233 	269 	270
f 235 	234 	271
f 234 	270 	271
f 236 	235 	272
f 235 	271 	272
f 237 	236 	273
f 236 	272 	273
f 238 	237 	274
f 237 	273 	274
f 239 	238 	275
f 238 	274 	275
f 240 	239 	276
f 239 	275 	276
f 241 	240 	277
f 240 	276 	277
f 242 	241 	278
f 241 	277 	278
f 243 	242 	279
f 242 	278 	279
f 244 	243 	280
f 243 	279 	280
f 245 	244 	281
f 244 	280 	281
f 246 	245 	282
f 245 	281 	282
f 247 	246 	283
f 246 	282 	283
f 248 	247 	284
f 247 	283 	284
f 249 	248 	285
f 248 	284 	285
f 250 	249 	286
f 249 	285 	286
f 251 	250 	287
f 250 	286 	287
f 252 	251 	288
f 251 	287 	288
f 253 	252 	289
f 252 	288 	289
f 218 	253 	254
f 253 	289 	254
f 255 	254 	291
f 254 	290 	291
f 256 	255 	292
f 255 	291 	292
f 257 	256 	293
f 256 	292 	293
f 258 	257 	294
f 257 	293 	294
f 259 	258 	295
f 258 	294 	295
f 260 	259 	296
f 259 	295 	296
f 261 	260 	297
f 260 	296 	297
f 262 	261 	298
f 261 	297 	298
f 263 	262 	299
f 262 	298 	299
f 264 	263 	300
f 263 	299 	300
f 265 	264 	301
f 264 	300 	301
f 266 	265 	302
f 265 	301 	302
f 267 	266 	303
f 266 	302 	303
f 268 	267 	304
f 267 	303 	304
f 269 	268 	305
f 268 	304 	305
f 270 	269 	306
f 269 	305 	306
f 271 	270 	307
f 270 	306 	307
f 272 	271 	308
f 271 	307 	308
f 273 	272 	309
f 272 	308 	309
f 274 	273 	310
f 273 	309 	310
f 275 	274 	311
f 274 	310 	311
f 276 	275 	312
f 275 	311 	312
f 277 	276 	313
f 276 	312 	313
f 278 	277 	314
f 277 	313 	314
f 279 	278 	315
f 278 	314 	315
f 280 	279 	316
f 279 	315 	316
f 281 	280 	317
f 280 	316 	317
f 282 	281 	318
f 281 	317 	318
f 283 	282 	319
f 282 	318 	319
f 284 	283 	320
f 283 	319 	320
f 285 	284 	321
f 284 	320 	321
f 286 	285 	322
f 285 	321 	322
f 287 	286 	323
f 286 	322 	323
f 288 	287 	324
f 287 	323 	324
f 289 	288 	325
f 288 	324 	325
f 254 	289 	290
f 289 	325 	290
f 291 	290 	327
f 290 	326 	327
f 292 	291 	328
f 291 	327 	328
f 293 	292 	329
f 292 	328 	329
f 294 	293 	330
f 293 	329 	330
f 295 	294 	331
f 294 	330 	331
f 296 	295 	332
f 295 	331 	332
f 297 	296 	333
f 296 	332 	333
f 298 	297 	334
f 297 	333 	334
f 299 	298 	335
f 298 	334 	335
f 300 	299 	336
f 299 	335 	336
f 301 	300 	337
f 300 	336 	337
f 302 	301 	338
f 301 	337 	338
f 303 	302 	339
f 302 	338 	339
f 304 	303 	340
f 303 	339 	340
f 305 	304 	341
f 304 	340 	341
f 306 	305 	342
f 305 	341 	342
f 307 	306 	343
f 306 	342 	343
f 308 	307 	344
f 307 	343 	344
f 309 	308 	345
f 308 	344 	345
f 310 	309 	346
f 309 	345 	346
f 311 	310 	347
f 310 	346 	347
f 312 	311 	348
f 311 	347 	348
f 313 	312 	349
f 312 	348 	349
f 314 	313 	350
f 313 	349 	350
f 315 	314 	351
f 314 	350 	351
f 316 	315 	352
f 315 	351 	352
f 317 	316 	353
f 316 	352 	353
f 318 	317 	354
f 317 	353 	354
f 319 	318 	355
f 318 	354 	355
f 320 	319 	356
f 319 	355 	356
f 321 	320 	357
f 320 	356 	357
f 322 	321 	358
f 321 	357 	358
f 323 	322 	359
f 322 	358 	359
f 324 	323 	360
f 323 	359 	360
f 325 	324 	361
f 324 	360 	361
f 290 	325 	326
f 325 	361 	326
f 327 	326 	363
f 326 	362 	363
f 328 	327 	364
f 327 	363 	364
f 329 	328 	365
f 328 	364 	365
f 330 	329 	366
f 329 	365 	366
f 331 	330 	367
f 330 	366 	367
f 332 	331 	368
f 331 	367 	368
f 333 	332 	369
f 332 	368 	369
f 334 	333 	370
f 333 	369 	370
f 335 	334 	371
f 334 	370 	371
f 336 	335 	372
f 335 	371 	372
f 337 	336 	373
f 336 	372 	373
f 338 	337 	374
f 337 	373 	374
f 339 	338 	375
f 338 	374 	375
f 340 	339 	376
f 339 	375 	376
f 341 	340 	377
f 340 	376 	377
f 342 	341 	378
f 341 	377 	378
f 343 	342 	379
f 342 	378 	379
f 344 	343 	380
f 343 	379 	380
f 345 	344 	381
f 344 	380 	381
f 346 	345 	382
f 345 	381 	382
f 347 	346 	383
f 346 	382 	383
f 348 	347 	384
f 347 	383 	384
f 349 	348 	385
f 348 	384 	385
f 350 	349 	386
f 349 	385 	386
f 351 	350 	387
f 350 	386 	387
f 352 	351 	388
f 351 	387 	388
f 353 	352 	389
f 352 	388 	389
f 354 	353 	390
f 353 	389 	390
f 355 	354 	391
f 354 	390 	391
f 356 	355 	392
f 355 	391 	392
f 357 	356 	393
f 356 	392 	393
f 358 	357 	394
f 357 	393 	394
f 359 	358 	395
f 358 	394 	395
f 360 	359 	396
f 359 	395 	396
f 361 	360 	397
f 360 	396 	397
f 326 	361 	362
f 361 	397 	362
f 363 	362 	399
f 362 	398 	399
f 364 	363 	400
f 363 	399 	400
f 365 	364 	401
f 364 	400 	401
f 366 	365 	402
f 365 	401 	402
f 367 	366 	403
f 366 	402 	403
f 368 	367 	404
f 367 	403 	404
f 369 	368 	405
f 368 	404 	405
f 370 	369 	406
f 369 	405 	406
f 371 	370 	407
f 370 	406 	407
f 372 	371 	408
f 371 	407 	408
f 373 	372 	409
f 372 	408 	409
f 374 	373 	410
f 373 	409 	410
f 375 	374 	411
f 374 	410 	411
f 376 	375 	412
f 375 	411 	412
f 377 	376 	413
f 376 	412 	413
f 378 	377 	414
f 377 	413 	414
f 379 	378 	415
f 378 	414 	415
f 380 	379 	416
f 379 	415 	416
f 381 	380 	417
f 380 	416 	417
f 382 	381 	418
f 381 	417 	418
f 383 	382 	419
f 382 	418 	419
f 384 	383 	420
f 383 	419 	420
f 385 	384 	421
f 384 	420 	421
f 386 	385 	422
f 385 	421 	422
f 387 	386 	423
f 386 	422 	423
f 388 	387 	424
f 387 	423 	424
f 389 	388 	425
f 388 	424 	425
f 390 	389 	426
f 389 	425 	426
f 391 	390 	427
f 390 	426 	427
f 392 	391 	428
f 391 	427 	428
f 393 	392 	429
f 392 	428 	429
f 394 	393 	430
f 393 	429 	430
f 395 	394 	431
f 394 	430 	431
f 396 	395 	432
f 395 	431 	432
f 397 	396 	433
f 396 	432 	433
f 362 	397 	398
f 397 	433 	398
f 399 	398 	435
f 398 	434 	435
f 400 	399 	436
f 399 	435 	436
f 401 	400 	437
f 400 	436 	437
f 402 	401 	438
f 401 	437 	438
f 403 	402 	439
f 402 	438 	439
f 404 	403 	440
f 403 	439 	440
f 405 	404 	441
f 404 	440 	441
f 406 	405 	442
f 405 	441 	442
f 407 	406 	443
f 406 	442 	443
f 408 	407 	444
f 407 	443 	444
f 409 	408 	445
f 408 	444 	445
f 410 	409 	446
f 409 	445 	446
f 411 	410 	447
f 410 	446 	447
f 412 	411 	448
f 411 	447 	448
f 413 	412 	449
f 412 	448 	449
f 414 	413 	450
f 413 	449 	450
f 415 	414 	451
f 414 	450 	451
f 416 	415 	452
f 415 	451 	452
f 417 	416 	453
f 416 	452 	453
f 418 	417 	454
f 417 	453 	454
f 419 	418 	455
f 418 	454 	455
f 420 	419 	456
f 419 	455 	456
f 421 	420 	457
f 420 	456 	457
f 422 	421 	458
f 421 	457 	458
f 423 	422 	459
f 422 	458 	459
f 424 	423 	460
f 423 	459 	460
f 425 	424 	461
f 424 	460 	461
f 426 	425 	462
f 425 	461 	462
f 427 	426 	463
f 426 	462 	463
f 428 	427 	464
f 427 	463 	464
f 429 	428 	465
f 428 	464 	465
f 430 	429 	466
f 429 	465 	466
f 431 	430 	467
f 430 	466 	467
f 432 	431 	468
f 431 	467 	468
f 433 	432 	469
f 432 	468 	469
f 398 	433 	434
f 433 	469 	434
f 435 	434 	471
f 434 	470 	471
f 436 	435 	472
f 435 	471 	472
f 437 	436 	473
f 436 	472 	473
f 438 	437 	474
f 437 	473 	474
f 439 	438 	475
f 438 	474 	475
f 440 	439 	476
f 439 	475 	476
f 441 	440 	477
f 440 	476 	477
f 442 	441 	478
f 441 	477 	478
f 443 	442 	479
f 442 	478 	479
f 444 	443 	480
f 443 	479 	480
f 445 	444 	481
f 444 	480 	481
f 446 	445 	482
f 445 	481 	482
f 447 	446 	483
f 446 	482 	483
f 448 	447 	484
f 447 	483 	484
f 449 	448 	485
f 448 	484 	485
f 450 	449 	486
f 449 	485 	486
f 451 	450 	487
f 450 	486 	487
f 452 	451 	488
f 451 	487 	488
f 453 	452 	489
f 452 	488 	489
f 454 	453 	490
f 453 	489 	490
f 455 	454 	491
f 454 	490 	491
f 456 	455 	492
f 455 	491 	492
f 457 	456 	493
f 456 	492 	493
f 458 	457 	494
f 457 	493 	494
f 459 	458 	495
f 458 	494 	495
f 460 	459 	496
f 459 	495 	496
f 461 	460 	497
f 460 	496 	497
f 462 	461 	498
f 461 	497 	498
f 463 	462 	499
f 462 	498 	499
f 464 	463 	500
f 463 	499 	500
f 465 	464 	501
f 464 	500 	501
f 466 	465 	502
f 465 	501 	502
f 467 	466 	503
f 466 	502 	503
f 468 	467 	504
f 467 	503 	504
f 469 	468 	505
f 468 	504 	505
f 434 	469 	470
f 469 	505 	470
f 471 	470 	507
f 470 	506 	507
f 472 	471 	508
f 471 	507 	508
f 473 	472 	509
f 472 	508 	509
f 474 	473 	510
f 473 	509 	510
f 475 	474 	511
f 474 	510 	511
f 476 	475 	512
f 475 	511 	512
f 477 	476 	513
f 476 	512 	513
f 478 	477 	514
f 477 	513 	514
f 479 	478 	515
f 478 	514 	515
f 480 	479 	516
f 479 	515 	516
f 481 	480 	517
f 480 	516 	517
f 482 	481 	518
f 481 	517 	518
f 483 	482 	519
f 482 	518 	519
f 484 	483 	520
f 483 	519 	520
f 485 	484 	521
f 484 	520 	521
f 486 	485 	522
f 485 	521 	522
f 487 	486 	523
f 486 	522 	523
f 488 	487 	524
f 487 	523 	524
f 489 	488 	525
f 488 	524 	525
f 490 	489 	526
f 489 	525 	526
f 491 	490 	527
f 490 	526 	527
f 492 	491 	528
f 491 	527 	528
f 493 	492 	529
f 492 	528 	529
f 494 	493 	530
f 493 	529 	530
f 495 	494 	531
f 494 	530 	531
f 496 	495 	532
f 495 	531 	532
f 497 	496 	533
f 496 	532 	533
f 498 	497 	534
f 497 	533 	534
f 499 	498 	535
f 498 	534 	535
f 500 	499 	536
f 499 	535 	536
f 501 	500 	537
f 500 	536 	537
f 502 	501 	538
f 501 	537 	538
f 503 	502 	539
f 502 	538 	539
f 504 	503 	540
f 503 	539 	540
f 505 	504 	541
f 504 	540 	541
f 470 	505 	506
f 505 	541 	506
f 507 	506 	543
f 506 	542 	543
f 508 	507 	544
f 507 	543 	544
f 509 	508 	545
f 508 	544 	545
f 510 	509 	546
f 509 	545 	546
f 511 	510 	547
f 510 	546 	547
f 512 	511 	548
f 511 	547 	548
f 513 	512 	549
f 512 	548 	549
f 514 	513 	550
f 513 	549 	550
f 515 	514 	551
f 514 	550 	551
f 516 	515 	552
f 515 	551 	552
f 517 	516 	553
f 516 	552 	553
f 518 	517 	554
f 517 	553 	554
f 519 	518 	555
f 518 	554 	555
f 520 	519 	556
f 519 	555 	556
f 521 	520 	557
f 520 	556 	557
f 522 	521 	558
f 521 	557 	558
f 523 	522 	559
f 522 	558 	559
f 524 	523 	560
f 523 	559 	560
f 525 	524 	561
f 524 	560 	561
f 526 	525 	562
f 525 	561 	562
f 527 	526 	563
f 526 	562 	563
f 528 	527 	564
f 527 	563 	564
f 529 	528 	565
f 528 	564 	565
f 530 	529 	566
f 529 	565 	566
f 531 	530 	567
f 530 	566 	567
f 532 	531 	568
f 531 	567 	568
f 533 	532 	569
f 532 	568 	569
f 534 	533 	570
f 533 	569 	570
f 535 	534 	571
f 534 	570 	571
f 536 	535 	572
f 535 	571 	572
f 537 	536 	573
f 536 	572 	573
f 538 	537 	574
f 537 	573 	574
f 539 	538 	575
f 538 	574 	575
f 540 	539 	576
f 539 	575 	576
f 541 	540 	577
f 540 	576 	577
f 506 	541 	542
f 541 	577 	542
f 543 	542 	579
f 542 	578 	579
f 544 	543 	580
f 543 	579 	580
f 545 	544 	581
f 544 	580 	581
f 546 	545 	582
f 545 	581 	582
f 547 	546 	583
f 546 	582 	583
f 548 	547 	584
f 547 	583 	584
f 549 	548 	585
f 548 	584 	585
f 550 	549 	586
f 549 	585 	586
f 551 	550 	587
f 550 	586 	587
f 552 	551 	588
f 551 	587 	588
f 553 	552 	589
f 552 	588 	589
f 554 	553 	590
f 553 	589 	590
f 555 	554 	591
f 554 	590 	591
f 556 	555 	592
f 555 	591 	592
f 557 	556 	593
f 556 	592 	593
f 558 	557 	594
f 557 	593 	594
f 559 	558 	595
f 558 	594 	595
f 560 	559 	596
f 559 	595 	596
f 561 	560 	597
f 560 	596 	597
f 562 	561 	598
f 561 	597 	598
f 563 	562 	599
f 562 	598 	599
f 564 	563 	600
f 563 	599 	600
f 565 	564 	601
f 564 	600 	601
f 566 	565 	602
f 565 	601 	602
f 567 	566 	603
f 566 	602 	603
f 568 	567 	604
f 567 	603 	604
f 569 	568 	605
f 568 	604 	605
f 570 	569 	606
f 569 	605 	606
f 571 	570 	607
f 570 	606 	607
f 572 	571 	608
f 571 	607 	608
f 573 	572 	609
f 572 	608 	609
f 574 	573 	610
f 573 	609 	610
f 575 	574 	611
f 574 	610 	611
f 576 	575 	612
f 575 	611 	612
f 577 	576 	613
f 576 	612 	613
f 542 	577 	578
f 577 	613 	578
f 579 	578 	615
f 578 	614 	615
f 580 	579 	616
f 579 	615 	616
f 581 	580 	617
f 580 	616 	617
f 582 	581 	618
f 581 	617 	618
f 583 	582 	619
f 582 	618 	619
f 584 	583 	620
f 583 	619 	620
f 585 	584 	621
f 584 	620 	621
f 586 	585 	622
f 585 	621 	622
f 587 	586 	623
f 586 	622 	623
f 588 	587 	624
f 587 	623 	624
f 589 	588 	625
f 588 	624 	625
f 590 	589 	626
f 589 	625 	626
f 591 	590 	627
f 590 	626 	627
f 592 	591 	628
f 591 	627 	628
f 593 	592 	629
f 592 	628 	629
f 594 	593 	630
f 593 	629 	630
f 595 	594 	631
f 594 	630 	631
f 596 	595 	632
f 595 	631 	632
f 597 	596 	633
f 596 	632 	633
f 598 	597 	634
f 597 	633 	634
f 599 	598 	635
f 598 	634 	635
f 600 	599 	636
f 599 	635 	636
f 601 	600 	637
f 600 	636 	637
f 602 	601 	638
f 601 	637 	638
f 603 	602 	639
f 602 	638 	639
f 604 	603 	640
f 603 	639 	640
f 605 	604 	641
f 604 	640 	641
f 606 	605 	642
f 605 	641 	642
f 607 	606 	643
f 606 	642 	643
f 608 	607 	644
f 607 	643 	644
f 609 	608 	645
f 608 	644 	645
f 610 	609 	646
f 609 	645 	646
f 611 	610 	647
f 610 	646 	647
f 612 	611 	648
f 611 	647 	648
f 613 	612 	649
f 612 	648 	649
f 578 	613 	614
f 613 	649 	614
f 615 	614 	650
f 616 	615 	650
f 617 	616 	650
f 618 	617 	650
f 619 	618 	650
f 620 	619 	650
f 621 	620 	650
f 622 	621 	650
f 623 	622 	650
f 624 	623 	650
f 625 	624 	650
f 626 	625 	650
f 627 	626 	650
f 628 	627 	650
f 629 	628 	650
f 630 	629 	650
f 631 	630 	650
f 632 	631 	650
f 633 	632 	650
f 634 	633 	650
f 635 	634 	650
f 636 	635 	650
f 637 	636 	650
f 638 	637 	650
f 639 	638 	650
f 640 	639 	650
f 641 	640 	650
f 642 	641 	650
f 643 	642 	650
f 644 	643 	650
f 645 	644 	650
f 646 	645 	650
f 647 	646 	650
f 648 	647 	650
f 649 	648 	650
f 614 	649 	650
# 1296 faces

 #end of obj_0

o obj_1
v -42 		4 		0
v -41.1284 		4 		0.0266
v -41.1417 		3.8487 		0.0266
v -41.181 		3.7019 		0.0266
v -41.2452 		3.5642 		0.0266
v -41.3323 		3.4398 		0.0266
v -41.4398 		3.3323 		0.0266
v -41.5642 		3.2452 		0.0266
v -41.7019 		3.181 		0.0266
v -41.8487 		3.1417 		0.0266
v -42 		3.1284 		0.0266
v -42.1513 		3.1417 		0.0266
v -42.2981 		3.181 		0.0266
v -42.4358 		3.2452 		0.0266
v -42.5602 		3.3323 		0.0266
v -42.6677 		3.4398 		0.0266
v -42.7548 		3.5642 		0.0266
v -42.819 		3.7019 		0.0266
v -42.8583 		3.8487 		0.0266
v -42.8716 		4 		0.0266
v -42.8583 		4.1513 		0.0266
v -42.819 		4.2981 		0.0266
v -42.7548 		4.4358 		0.0266
v -42.6677 		4.5602 		0.0266
v -42.5602 		4.6677 		0.0266
v -42.4358 		4.7548 		0.0266
v -42.2981 		4.819 		0.0266
v -42.1513 		4.8583 		0.0266
v -42 		4.8716 		0.0266
v -41.8487 		4.8583 		0.0266
v -41.7019 		4.819 		0.0266
v -41.5642 		4.7548 		0.0266
v -41.4398 		4.6677 		0.0266
v -41.3323 		4.5602 		0.0266
v -41.2452 		4.4358 		0.0266
v -41.181 		4.2981 		0.0266
v -41.1417 		4.1513 		0.0266
v -40.2635 		4 		0.1063
v -40.2899 		3.6985 		0.1063
v -40.3682 		3.4061 		0.1063
v -40.4962 		3.1318 		0.1063
v -40.6698 		2.8838 		0.1063
v -40.8838 		2.6698 		0.1063
v -41.1318 		2.4962 		0.1063
v -41.4061 		2.3682 		0.1063
v -41.6985 		2.2899 		0.1063
v -42 		2.2635 		0.1063
v -42.3015 		2.2899 		0.1063
v -42.5939 		2.3682 		0.1063
v -42.8682 		2.4962 		0.1063
v -43.1162 		2.6698 		0.1063
v -43.3302 		2.8838 		0.1063
v -43.5038 		3.1318 		0.1063
v -43.6318 		3.4061 		0.1063
v -43.7101 		3.6985 		0.1063
v -43.7365 		4 		0.1063
v -43.7101 		4.3015 		0.1063
v -43.6318 		4.5939 		0.1063
v -43.5038 		4.8682 		0.1063
v -43.3302 		5.1162 		0.1063
v -43.1162 		5.3302 		0.1063
v -42.8682 		5.5038 		0.1063
v -42.5939 		5.6318 		0.1063
v -42.3015 		5.7101 		0.1063
v -42 		5.7365 		0.1063
v -41.6985 		5.7101 		0.1063
v -41.4061 		5.6318 		0.1063
v -41.1318 		5.5038 		0.1063
v -40.8838 		5.3302 		0.1063
v -40.6698 		5.1162 		0.1063
v -40.4962 		4.8682 		0.1063
v -40.3682 		4.5939 		0.1063
v -40.2899 		4.3015 		0.1063
v -39.4118 		4 		0.2385
v -39.4511 		3.5506 		0.2385
v -39.5679 		3.1148 		0.2385
v -39.7586 		2.7059 		0.2385
v -40.0173 		2.3363 		0.2385
v -40.3363 		2.0173 		0.2385
v -40.7059 		1.7586 		0.2385
v -41.1148 		1.5679 		0.2385
v -41.5506 		1.4511 		0.2385
v -42 		1.4118 		0.2385
v -42.4494 		1.4511 		0.2385
v -42.8852 		1.5679 		0.2385
v -43.2941 		1.7586 		0.2385
v -43.6637 		2.0173 		0.2385
v -43.9827 		2.3363 		0.2385
v -44.2414 		2.7059 		0.2385
v -44.4321 		3.1148 		0.2385
v -44.5489 		3.5506 		0.2385
v -44.5882 		4 		0.2385
v -44.5489 		4.4494 		0.2385
v -44.4321 		4.8852 		0.2385
v -44.2414 		5.2941 		0.2385
v -43.9827 		5.6637 		0.2385
v -43.6637 		5.9827 		0.2385
v -43.2941 		6.2414 		0.2385
v -42.8852 		6.4321 		0.2385
v -42.4494 		6.5489 		0.2385
v -42 		6.5882 		0.2385
v -41.5506 		6.5489 		0.2385
v -41.1148 		6.4321 		0.2385
v -40.7059 		6.2414 		0.2385
v -40.3363 		5.9827 		0.2385
v -40.0173 		5.6637 		0.2385
v -39.7586 		5.2941 		0.2385
v -39.5679 		4.8852 		0.2385
v -39.4511 		4.4494 		0.2385
v -38.5798 		4 		0.4222
v -38.6318 		3.4061 		0.4222
v -38.7861 		2.8302 		0.4222
v -39.038 		2.2899 		0.4222
v -39.38 		1.8015 		0.4222
v -39.8015 		1.38 		0.4222
v -40.2899 		1.038 		0.4222
v -40.8302 		0.7861 		0.4222
v -41.4061 		0.6318 		0.4222
v -42 		0.5798 		0.4222
v -42.5939 		0.6318 		0.4222
v -43.1698 		0.7861 		0.4222
v -43.7101 		1.038 		0.4222
v -44.1985 		1.38 		0.4222
v -44.62 		1.8015 		0.4222
v -44.962 		2.2899 		0.4222
v -45.2139 		2.8302 		0.4222
v -45.3682 		3.4061 		0.4222
v -45.4202 		4 		0.4222
v -45.3682 		4.5939 		0.4222
v -45.2139 		5.1698 		0.4222
v -44.962 		5.7101 		0.4222
v -44.62 		6.1985 		0.4222
v -44.1985 		6.62 		0.4222
v -43.7101 		6.962 		0.4222
v -43.1698 		7.2139 		0.4222
v -42.5939 		7.3682 		0.4222
v -42 		7.4202 		0.4222
v -41.4061 		7.3682 		0.4222
v -40.8302 		7.2139 		0.4222
v -40.2899 		6.962 		0.4222
v -39.8015 		6.62 		0.4222
v -39.38 		6.1985 		0.4222
v -39.038 		5.7101 		0.4222
v -38.7861 		5.1698 		0.4222
v -38.6318 		4.5939 		0.4222
v -37.7738 		4 		0.6558
v -37.838 		3.2661 		0.6558
v -38.0287 		2.5546 		0.6558
v -38.34 		1.8869 		0.6558
v -38.7626 		1.2835 		0.6558
v -39.2835 		0.7626 		0.6558
v -39.8869 		0.34 		0.6558
v -40.5546 		0.0287 		0.6558
v -41.2661 		-0.162 		0.6558
v -42 		-0.2262 		0.6558
v -42.7339 		-0.162 		0.6558
v -43.4454 		0.0287 		0.6558
v -44.1131 		0.34 		0.6558
v -44.7165 		0.7626 		0.6558
v -45.2374 		1.2835 		0.6558
v -45.66 		1.8869 		0.6558
v -45.9713 		2.5546 		0.6558
v -46.162 		3.2661 		0.6558
v -46.2262 		4 		0.6558
v -46.162 		4.7339 		0.6558
v -45.9713 		5.4454 		0.6558
v -45.66 		6.1131 		0.6558
v -45.2374 		6.7165 		0.6558
v -44.7165 		7.2374 		0.6558
v -44.1131 		7.66 		0.6558
v -43.4454 		7.9713 		0.6558
v -42.7339 		8.162 		0.6558
v -42 		8.2262 		0.6558
v -41.2661 		8.162 		0.6558
v -40.5546 		7.9713 		0.6558
v -39.8869 		7.66 		0.6558
v -39.2835 		7.2374 		0.6558
v -38.7626 		6.7165 		0.6558
v -38.34 		6.1131 		0.6558
v -38.0287 		5.4454 		0.6558
v -37.838 		4.7339 		0.6558
v -37 		4 		0.9378
v -37.076 		3.1318 		0.9378
v -37.3015 		2.2899 		0.9378
v -37.6699 		1.5 		0.9378
v -38.1698 		0.7861 		0.9378
v -38.7861 		0.1698 		0.9378
v -39.5 		-0.3301 		0.9378
v -40.2899 		-0.6985 		0.9378
v -41.1318 		-0.924 		0.9378
v -42 		-1 		0.9378
v -42.8682 		-0.924 		0.9378
v -43.7101 		-0.6985 		0.9378
v -44.5 		-0.3301 		0.9378
v -45.2139 		0.1698 		0.9378
v -45.8302 		0.7861 		0.9378
v -46.3301 		1.5 		0.9378
v -46.6985 		2.2899 		0.9378
v -46.924 		3.1318 		0.9378
v -47 		4 		0.9378
v -46.924 		4.8682 		0.9378
v -46.6985 		5.7101 		0.9378
v -46.3301 		6.5 		0.9378
v -45.8302 		7.2139 		0.9378
v -45.2139 		7.8302 		0.9378
v -44.5 		8.3301 		0.9378
v -43.7101 		8.6985 		0.9378
v -42.8682 		8.924 		0.9378
v -42 		9 		0.9378
v -41.1318 		8.924 		0.9378
v -40.2899 		8.6985 		0.9378
v -39.5 		8.3301 		0.9378
v -38.7861 		7.8302 		0.9378
v -38.1698 		7.2139 		0.9378
v -37.6699 		6.5 		0.9378
v -37.3015 		5.7101 		0.9378
v -37.076 		4.8682 		0.9378
v -36.2642 		4 		1.2659
v -36.3514 		3.004 		1.2659
v -36.6101 		2.0383 		1.2659
v -37.0327 		1.1321 		1.2659
v -37.6061 		0.3131 		1.2659
v -38.3131 		-0.3939 		1.2659
v -39.1321 		-0.9673 		1.2659
v -40.0383 		-1.3899 		1.2659
v -41.004 		-1.6486 		1.2659
v -42 		-1.7358 		1.2659
v -42.996 		-1.6486 		1.2659
v -43.9617 		-1.3899 		1.2659
v -44.8679 		-0.9673 		1.2659
v -45.6869 		-0.3939 		1.2659
v -46.3939 		0.3131 		1.2659
v -46.9673 		1.1321 		1.2659
v -47.3899 		2.0383 		1.2659
v -47.6486 		3.004 		1.2659
v -47.7358 		4 		1.2659
v -47.6486 		4.996 		1.2659
v -47.3899 		5.9617 		1.2659
v -46.9673 		6.8679 		1.2659
v -46.3939 		7.6869 		1.2659
v -45.6869 		8.3939 		1.2659
v -44.8679 		8.9673 		1.2659
v -43.9617 		9.3899 		1.2659
v -42.996 		9.6486 		1.2659
v -42 		9.7358 		1.2659
v -41.004 		9.6486 		1.2659
v -40.0383 		9.3899 		1.2659
v -39.1321 		8.9673 		1.2659
v -38.3131 		8.3939 		1.2659
v -37.6061 		7.6869 		1.2659
v -37.0327 		6.8679 		1.2659
v -36.6101 		5.9617 		1.2659
v -36.3514 		4.996 		1.2659
v -35.5721 		4 		1.6377
v -35.6698 		2.8838 		1.6377
v -35.9598 		1.8015 		1.6377
v -36.4333 		0.7861 		1.6377
v -37.076 		-0.1318 		1.6377
v -37.8682 		-0.924 		1.6377
v -38.7861 		-1.5667 		1.6377
v -39.8015 		-2.0402 		1.6377
v -40.8838 		-2.3302 		1.6377
v -42 		-2.4279 		1.6377
v -43.1162 		-2.3302 		1.6377
v -44.1985 		-2.0402 		1.6377
v -45.2139 		-1.5667 		1.6377
v -46.1318 		-0.924 		1.6377
v -46.924 		-0.1318 		1.6377
v -47.5667 		0.7861 		1.6377
v -48.0402 		1.8015 		1.6377
v -48.3302 		2.8838 		1.6377
v -48.4279 		4 		1.6377
v -48.3302 		5.1162 		1.6377
v -48.0402 		6.1985 		1.6377
v -47.5667 		7.2139 		1.6377
v -46.924 		8.1318 		1.6377
v -46.1318 		8.924 		1.6377
v -45.2139 		9.5667 		1.6377
v -44.1985 		10.0402 		1.6377
v -43.1162 		10.3302 		1.6377
v -42 		10.4279 		1.6377
v -40.8838 		10.3302 		1.6377
v -39.8015 		10.0402 		1.6377
v -38.7861 		9.5667 		1.6377
v -37.8682 		8.924 		1.6377
v -37.076 		8.1318 		1.6377
v -36.4333 		7.2139 		1.6377
v -35.9598 		6.1985 		1.6377
v -35.6698 		5.1162 		1.6377
v -34.9289 		4 		2.0503
v -35.0364 		2.7721 		2.0503
v -35.3554 		1.5816 		2.0503
v -35.8763 		0.4645 		2.0503
v -36.5832 		-0.5452 		2.0503
v -37.4548 		-1.4168 		2.0503
v -38.4645 		-2.1237 		2.0503
v -39.5816 		-2.6446 		2.0503
v -40.7721 		-2.9636 		2.0503
v -42 		-3.0711 		2.0503
v -43.2279 		-2.9636 		2.0503
v -44.4184 		-2.6446 		2.0503
v -45.5355 		-2.1237 		2.0503
v -46.5452 		-1.4168 		2.0503
v -47.4168 		-0.5452 		2.0503
v -48.1237 		0.4645 		2.0503
v -48.6446 		1.5816 		2.0503
v -48.9636 		2.7721 		2.0503
v -49.0711 		4 		2.0503
v -48.9636 		5.2279 		2.0503
v -48.6446 		6.4184 		2.0503
v -48.1237 		7.5355 		2.0503
v -47.4168 		8.5452 		2.0503
v -46.5452 		9.4168 		2.0503
v -45.5355 		10.1237 		2.0503
v -44.4184 		10.6446 		2.0503
v -43.2279 		10.9636 		2.0503
v -42 		11.0711 		2.0503
v -40.7721 		10.9636 		2.0503
v -39.5816 		10.6446 		2.0503
v -38.4645 		10.1237 		2.0503
v -37.4548 		9.4168 		2.0503
v -36.5832 		8.5452 		2.0503
v -35.8763 		7.5355 		2.0503
v -35.3554 		6.4184 		2.0503
v -35.0364 		5.2279 		2.0503
v -34.3396 		4 		2.5005
v -34.4559 		2.6698 		2.5005
v -34.8015 		1.38 		2.5005
v -35.3659 		0.1698 		2.5005
v -36.1318 		-0.924 		2.5005
v -37.076 		-1.8682 		2.5005
v -38.1698 		-2.6341 		2.5005
v -39.38 		-3.1985 		2.5005
v -40.6698 		-3.5441 		2.5005
v -42 		-3.6604 		2.5005
v -43.3302 		-3.5441 		2.5005
v -44.62 		-3.1985 		2.5005
v -45.8302 		-2.6341 		2.5005
v -46.924 		-1.8682 		2.5005
v -47.8682 		-0.924 		2.5005
v -48.6341 		0.1698 		2.5005
v -49.1985 		1.38 		2.5005
v -49.5441 		2.6698 		2.5005
v -49.6604 		4 		2.5005
v -49.5441 		5.3302 		2.5005
v -49.1985 		6.62 		2.5005
v -48.6341 		7.8302 		2.5005
v -47.8682 		8.924 		2.5005
v -46.924 		9.8682 		2.5005
v -45.8302 		10.6341 		2.5005
v -44.62 		11.1985 		2.5005
v -43.3302 		11.5441 		2.5005
v -42 		11.6604 		2.5005
v -40.6698 		11.5441 		2.5005
v -39.38 		11.1985 		2.5005
v -38.1698 		10.6341 		2.5005
v -37.076 		9.8682 		2.5005
v -36.1318 		8.924 		2.5005
v -35.3659 		7.8302 		2.5005
v -34.8015 		6.62 		2.5005
v -34.4559 		5.3302 		2.5005
v -33.8085 		4 		2.985
v -33.9329 		2.5776 		2.985
v -34.3025 		1.1983 		2.985
v -34.9059 		-0.0958 		2.985
v -35.7249 		-1.2654 		2.985
v -36.7346 		-2.2751 		2.985
v -37.9042 		-3.0941 		2.985
v -39.1983 		-3.6975 		2.985
v -40.5776 		-4.0671 		2.985
v -42 		-4.1915 		2.985
v -43.4224 		-4.0671 		2.985
v -44.8017 		-3.6975 		2.985
v -46.0958 		-3.0941 		2.985
v -47.2654 		-2.2751 		2.985
v -48.2751 		-1.2654 		2.985
v -49.0941 		-0.0958 		2.985
v -49.6975 		1.1983 		2.985
v -50.0671 		2.5776 		2.985
v -50.1915 		4 		2.985
v -50.0671 		5.4224 		2.985
v -49.6975 		6.8017 		2.985
v -49.0941 		8.0958 		2.985
v -48.2751 		9.2654 		2.985
v -47.2654 		10.2751 		2.985
v -46.0958 		11.0941 		2.985
v -44.8017 		11.6975 		2.985
v -43.4224 		12.0671 		2.985
v -42 		12.1915 		2.985
v -40.5776 		12.0671 		2.985
v -39.1983 		11.6975 		2.985
v -37.9042 		11.0941 		2.985
v -36.7346 		10.2751 		2.985
v -35.7249 		9.2654 		2.985
v -34.9059 		8.0958 		2.985
v -34.3025 		6.8017 		2.985
v -33.9329 		5.4224 		2.985
v -33.3397 		4 		3.5
v -33.4713 		2.4962 		3.5
v -33.862 		1.038 		3.5
v -34.5 		-0.3301 		3.5
v -35.3659 		-1.5667 		3.5
v -36.4333 		-2.6341 		3.5
v -37.6699 		-3.5 		3.5
v -39.038 		-4.138 		3.5
v -40.4962 		-4.5287 		3.5
v -42 		-4.6603 		3.5
v -43.5038 		-4.5287 		3.5
v -44.962 		-4.138 		3.5
v -46.3301 		-3.5 		3.5
v -47.5667 		-2.6341 		3.5
v -48.6341 		-1.5667 		3.5
v -49.5 		-0.3301 		3.5
v -50.138 		1.038 		3.5
v -50.5287 		2.4962 		3.5
v -50.6603 		4 		3.5
v -50.5287 		5.5038 		3.5
v -50.138 		6.962 		3.5
v -49.5 		8.3301 		3.5
v -48.6341 		9.5667 		3.5
v -47.5667 		10.6341 		3.5
v -46.3301 		11.5 		3.5
v -44.962 		12.138 		3.5
v -43.5038 		12.5287 		3.5
v -42 		12.6603 		3.5
v -40.4962 		12.5287 		3.5
v -39.038 		12.138 		3.5
v -37.6699 		11.5 		3.5
v -36.4333 		10.6341 		3.5
v -35.3659 		9.5667 		3.5
v -34.5 		8.3301 		3.5
v -33.862 		6.962 		3.5
v -33.4713 		5.5038 		3.5
v -32.9369 		4 		4.0417
v -33.0746 		2.4262 		4.0417
v -33.4835 		0.9002 		4.0417
v -34.1511 		-0.5315 		4.0417
v -35.0573 		-1.8256 		4.0417
v -36.1744 		-2.9427 		4.0417
v -37.4685 		-3.8489 		4.0417
v -38.9002 		-4.5165 		4.0417
v -40.4262 		-4.9254 		4.0417
v -42 		-5.0631 		4.0417
v -43.5738 		-4.9254 		4.0417
v -45.0998 		-4.5165 		4.0417
v -46.5315 		-3.8489 		4.0417
v -47.8256 		-2.9427 		4.0417
v -48.9427 		-1.8256 		4.0417
v -49.8489 		-0.5315 		4.0417
v -50.5165 		0.9002 		4.0417
v -50.9254 		2.4262 		4.0417
v -51.0631 		4 		4.0417
v -50.9254 		5.5738 		4.0417
v -50.5165 		7.0998 		4.0417
v -49.8489 		8.5315 		4.0417
v -48.9427 		9.8256 		4.0417
v -47.8256 		10.9427 		4.0417
v -46.5315 		11.8489 		4.0417
v -45.0998 		12.5165 		4.0417
v -43.5738 		12.9254 		4.0417
v -42 		13.0631 		4.0417
v -40.4262 		12.9254 		4.0417
v -38.9002 		12.5165 		4.0417
v -37.4685 		11.8489 		4.0417
v -36.1744 		10.9427 		4.0417
v -35.0573 		9.8256 		4.0417
v -34.1511 		8.5315 		4.0417
v -33.4835 		7.0998 		4.0417
v -33.0746 		5.5738 		4.0417
v -32.6031 		4 		4.6059
v -32.7458 		2.3682 		4.6059
v -33.1698 		0.7861 		4.6059
v -33.862 		-0.6985 		4.6059
v -34.8015 		-2.0402 		4.6059
v -35.9598 		-3.1985 		4.6059
v -37.3015 		-4.138 		4.6059
v -38.7861 		-4.8302 		4.6059
v -40.3682 		-5.2542 		4.6059
v -42 		-5.3969 		4.6059
v -43.6318 		-5.2542 		4.6059
v -45.2139 		-4.8302 		4.6059
v -46.6985 		-4.138 		4.6059
v -48.0402 		-3.1985 		4.6059
v -49.1985 		-2.0402 		4.6059
v -50.138 		-0.6985 		4.6059
v -50.8302 		0.7861 		4.6059
v -51.2542 		2.3682 		4.6059
v -51.3969 		4 		4.6059
v -51.2542 		5.6318 		4.6059
v -50.8302 		7.2139 		4.6059
v -50.138 		8.6985 		4.6059
v -49.1985 		10.0402 		4.6059
v -48.0402 		11.1985 		4.6059
v -46.6985 		12.138 		4.6059
v -45.2139 		12.8302 		4.6059
v -43.6318 		13.2542 		4.6059
v -42 		13.3969 		4.6059
v -40.3682 		13.2542 		4.6059
v -38.7861 		12.8302 		4.6059
v -37.3015 		12.138 		4.6059
v -35.9598 		11.1985 		4.6059
v -34.8015 		10.0402 		4.6059
v -33.862 		8.6985 		4.6059
v -33.1698 		7.2139 		4.6059
v -32.7458 		5.6318 		4.6059
v -32.3407 		4 		5.1883
v -32.4875 		2.3227 		5.1883
v -32.9233 		0.6963 		5.1883
v -33.6348 		-0.8296 		5.1883
v -34.6006 		-2.2089 		5.1883
v -35.7911 		-3.3994 		5.1883
v -37.1704 		-4.3652 		5.1883
v -38.6963 		-5.0767 		5.1883
v -40.3227 		-5.5125 		5.1883
v -42 		-5.6593 		5.1883
v -43.6773 		-5.5125 		5.1883
v -45.3037 		-5.0767 		5.1883
v -46.8296 		-4.3652 		5.1883
v -48.2089 		-3.3994 		5.1883
v -49.3994 		-2.2089 		5.1883
v -50.3652 		-0.8296 		5.1883
v -51.0767 		0.6963 		5.1883
v -51.5125 		2.3227 		5.1883
v -51.6593 		4 		5.1883
v -51.5125 		5.6773 		5.1883
v -51.0767 		7.3037 		5.1883
v -50.3652 		8.8296 		5.1883
v -49.3994 		10.2089 		5.1883
v -48.2089 		11.3994 		5.1883
v -46.8296 		12.3652 		5.1883
v -45.3037 		13.0767 		5.1883
v -43.6773 		13.5125 		5.1883
v -42 		13.6593 		5.1883
v -40.3227 		13.5125 		5.1883
v -38.6963 		13.0767 		5.1883
v -37.1704 		12.3652 		5.1883
v -35.7911 		11.3994 		5.1883
v -34.6006 		10.2089 		5.1883
v -33.6348 		8.8296 		5.1883
v -32.9233 		7.3037 		5.1883
v -32.4875 		5.6773 		5.1883
v -32.1519 		4 		5.7845
v -32.3015 		2.2899 		5.7845
v -32.7458 		0.6318 		5.7845
v -33.4713 		-0.924 		5.7845
v -34.4559 		-2.3302 		5.7845
v -35.6698 		-3.5441 		5.7845
v -37.076 		-4.5287 		5.7845
v -38.6318 		-5.2542 		5.7845
v -40.2899 		-5.6985 		5.7845
v -42 		-5.8481 		5.7845
v -43.7101 		-5.6985 		5.7845
v -45.3682 		-5.2542 		5.7845
v -46.924 		-4.5287 		5.7845
v -48.3302 		-3.5441 		5.7845
v -49.5441 		-2.3302 		5.7845
v -50.5287 		-0.924 		5.7845
v -51.2542 		0.6318 		5.7845
v -51.6985 		2.2899 		5.7845
v -51.8481 		4 		5.7845
v -51.6985 		5.7101 		5.7845
v -51.2542 		7.3682 		5.7845
v -50.5287 		8.924 		5.7845
v -49.5441 		10.3302 		5.7845
v -48.3302 		11.5441 		5.7845
v -46.924 		12.5287 		5.7845
v -45.3682 		13.2542 		5.7845
v -43.7101 		13.6985 		5.7845
v -42 		13.8481 		5.7845
v -40.2899 		13.6985 		5.7845
v -38.6318 		13.2542 		5.7845
v -37.076 		12.5287 		5.7845
v -35.6698 		11.5441 		5.7845
v -34.4559 		10.3302 		5.7845
v -33.4713 		8.924 		5.7845
v -32.7458 		7.3682 		5.7845
v -32.3015 		5.7101 		5.7845
v -32.0381 		4 		6.3899
v -32.1894 		2.2701 		6.3899
v -32.6388 		0.5928 		6.3899
v -33.3727 		-0.981 		6.3899
v -34.3687 		-2.4034 		6.3899
v -35.5966 		-3.6313 		6.3899
v -37.019 		-4.6273 		6.3899
v -38.5928 		-5.3612 		6.3899
v -40.2701 		-5.8106 		6.3899
v -42 		-5.9619 		6.3899
v -43.7299 		-5.8106 		6.3899
v -45.4072 		-5.3612 		6.3899
v -46.981 		-4.6273 		6.3899
v -48.4034 		-3.6313 		6.3899
v -49.6313 		-2.4034 		6.3899
v -50.6273 		-0.981 		6.3899
v -51.3612 		0.5928 		6.3899
v -51.8106 		2.2701 		6.3899
v -51.9619 		4 		6.3899
v -51.8106 		5.7299 		6.3899
v -51.3612 		7.4072 		6.3899
v -50.6273 		8.981 		6.3899
v -49.6313 		10.4034 		6.3899
v -48.4034 		11.6313 		6.3899
v -46.981 		12.6273 		6.3899
v -45.4072 		13.3612 		6.3899
v -43.7299 		13.8106 		6.3899
v -42 		13.9619 		6.3899
v -40.2701 		13.8106 		6.3899
v -38.5928 		13.3612 		6.3899
v -37.019 		12.6273 		6.3899
v -35.5966 		11.6313 		6.3899
v -34.3687 		10.4034 		6.3899
v -33.3727 		8.981 		6.3899
v -32.6388 		7.4072 		6.3899
v -32.1894 		5.7299 		6.3899
v -32 		4 		7
v -32.1519 		2.2635 		7
v -32.6031 		0.5798 		7
v -33.3397 		-1 		7
v -34.3396 		-2.4279 		7
v -35.5721 		-3.6604 		7
v -37 		-4.6603 		7
v -38.5798 		-5.3969 		7
v -40.2635 		-5.8481 		7
v -42 		-6 		7
v -43.7365 		-5.8481 		7
v -45.4202 		-5.3969 		7
v -47 		-4.6603 		7
v -48.4279 		-3.6604 		7
v -49.6604 		-2.4279 		7
v -50.6603 		-1 		7
v -51.3969 		0.5798 		7
v -51.8481 		2.2635 		7
v -52 		4 		7
v -51.8481 		5.7365 		7
v -51.3969 		7.4202 		7
v -50.6603 		9 		7
v -49.6604 		10.4279 		7
v -48.4279 		11.6604 		7
v -47 		12.6603 		7
v -45.4202 		13.3969 		7
v -43.7365 		13.8481 		7
v -42 		14 		7
v -40.2635 		13.8481 		7
v -38.5798 		13.3969 		7
v -37 		12.6603 		7
v -35.5721 		11.6604 		7
v -34.3396 		10.4279 		7
v -33.3397 		9 		7
v -32.6031 		7.4202 		7
v -32.1519 		5.7365 		7
v -42 		4 		7
# 650 vertices

g group_1_16500122

usemtl color_16500122
s 0

f 651 	652 	653
f 651 	653 	654
f 651 	654 	655
f 651 	655 	656
f 651 	656 	657
f 651 	657 	658
f 651 	658 	659
f 651 	659 	660
f 651 	660 	661
f 651 	661 	662
f 651 	662 	663
f 651 	663 	664
f 651 	664 	665
f 651 	665 	666
f 651 	666 	667
f 651 	667 	668
f 651 	668 	669
f 651 	669 	670
f 651 	670 	671
f 651 	671 	672
f 651 	672 	673
f 651 	673 	674
f 651 	674 	675
f 651 	675 	676
f 651 	676 	677
f 651 	677 	678
f 651 	678 	679
f 651 	679 	680
f 651 	680 	681
f 651 	681 	682
f 651 	682 	683
f 651 	683 	684
f 651 	684 	685
f 651 	685 	686
f 651 	686 	687
f 651 	687 	652
f 653 	652 	689
f 652 	688 	689
f 654 	653 	690
f 653 	689 	690
f 655 	654 	691
f 654 	690 	691
f 656 	655 	692
f 655 	691 	692
f 657 	656 	693
f 656 	692 	693
f 658 	657 	694
f 657 	693 	694
f 659 	658 	695
f 658 	694 	695
f 660 	659 	696
f 659 	695 	696
f 661 	660 	697
f 660 	696 	697
f 662 	661 	698
f 661 	697 	698
f 663 	662 	699
f 662 	698 	699
f 664 	663 	700
f 663 	699 	700
f 665 	664 	701
f 664 	700 	701
f 666 	665 	702
f 665 	701 	702
f 667 	666 	703
f 666 	702 	703
f 668 	667 	704
f 667 	703 	704
f 669 	668 	705
f 668 	704 	705
f 670 	669 	706
f 669 	705 	706
f 671 	670 	707
f 670 	706 	707
f 672 	671 	708
f 671 	707 	708
f 673 	672 	709
f 672 	708 	709
f 674 	673 	710
f 673 	709 	710
f 675 	674 	711
f 674 	710 	711
f 676 	675 	712
f 675 	711 	712
f 677 	676 	713
f 676 	712 	713
f 678 	677 	714
f 677 	713 	714
f 679 	678 	715
f 678 	714 	715
f 680 	679 	716
f 679 	715 	716
f 681 	680 	717
f 680 	716 	717
f 682 	681 	718
f 681 	717 	718
f 683 	682 	719
f 682 	718 	719
f 684 	683 	720
f 683 	719 	720
f 685 	684 	721
f 684 	720 	721
f 686 	685 	722
f 685 	721 	722
f 687 	686 	723
f 686 	722 	723
f 652 	687 	688
f 687 	723 	688
f 689 	688 	725
f 688 	724 	725
f 690 	689 	726
f 689 	725 	726
f 691 	690 	727
f 690 	726 	727
f 692 	691 	728
f 691 	727 	728
f 693 	692 	729
f 692 	728 	729
f 694 	693 	730
f 693 	729 	730
f 695 	694 	731
f 694 	730 	731
f 696 	695 	732
f 695 	731 	732
f 697 	696 	733
f 696 	732 	733
f 698 	697 	734
f 697 	733 	734
f 699 	698 	735
f 698 	734 	735
f 700 	699 	736
f 699 	735 	736
f 701 	700 	737
f 700 	736 	737
f 702 	701 	738
f 701 	737 	738
f 703 	702 	739
f 702 	738 	739
f 704 	703 	740
f 703 	739 	740
f 705 	704 	741
f 704 	740 	741
f 706 	705 	742
f 705 	741 	742
f 707 	706 	743
f 706 	742 	743
f 708 	707 	744
f 707 	743 	744
f 709 	708 	745
f 708 	744 	745
f 710 	709 	746
f 709 	745 	746
f 711 	710 	747
f 710 	746 	747
f 712 	711 	748
f 711 	747 	748
f 713 	712 	749
f 712 	748 	749
f 714 	713 	750
f 713 	749 	750
f 715 	714 	751
f 714 	750 	751
f 716 	715 	752
f 715 	751 	752
f 717 	716 	753
f 716 	752 	753
f 718 	717 	754
f 717 	753 	754
f 719 	718 	755
f 718 	754 	755
f 720 	719 	756
f 719 	755 	756
f 721 	720 	757
f 720 	756 	757
f 722 	721 	758
f 721 	757 	758
f 723 	722 	759
f 722 	758 	759
f 688 	723 	724
f 723 	759 	724
f 725 	724 	761
f 724 	760 	761
f 726 	725 	762
f 725 	761 	762
f 727 	726 	763
f 726 	762 	763
f 728 	727 	764
f 727 	763 	764
f 729 	728 	765
f 728 	764 	765
f 730 	729 	766
f 729 	765 	766
f 731 	730 	767
f 730 	766 	767
f 732 	731 	768
f 731 	767 	768
f 733 	732 	769
f 732 	768 	769
f 734 	733 	770
f 733 	769 	770
f 735 	734 	771
f 734 	770 	771
f 736 	735 	772
f 735 	771 	772
f 737 	736 	773
f 736 	772 	773
f 738 	737 	774
f 737 	773 	774
f 739 	738 	775
f 738 	774 	775
f 740 	739 	776
f 739 	775 	776
f 741 	740 	777
f 740 	776 	777
f 742 	741 	778
f 741 	777 	778
f 743 	742 	779
f 742 	778 	779
f 744 	743 	780
f 743 	779 	780
f 745 	744 	781
f 744 	780 	781
f 746 	745 	782
f 745 	781 	782
f 747 	746 	783
f 746 	782 	783
f 748 	747 	784
f 747 	783 	784
f 749 	748 	785
f 748 	784 	785
f 750 	749 	786
f 749 	785 	786
f 751 	750 	787
f 750 	786 	787
f 752 	751 	788
f 751 	787 	788
f 753 	752 	789
f 752 	788 	789
f 754 	753 	790
f 753 	789 	790
f 755 	754 	791
f 754 	790 	791
f 756 	755 	792
f 755 	791 	792
f 757 	756 	793
f 756 	792 	793
f 758 	757 	794
f 757 	793 	794
f 759 	758 	795
f 758 	794 	795
f 724 	759 	760
f 759 	795 	760
f 761 	760 	797
f 760 	796 	797
f 762 	761 	798
f 761 	797 	798
f 763 	762 	799
f 762 	798 	799
f 764 	763 	800
f 763 	799 	800
f 765 	764 	801
f 764 	800 	801
f 766 	765 	802
f 765 	801 	802
f 767 	766 	803
f 766 	802 	803
f 768 	767 	804
f 767 	803 	804
f 769 	768 	805
f 768 	804 	805
f 770 	769 	806
f 769 	805 	806
f 771 	770 	807
f 770 	806 	807
f 772 	771 	808
f 771 	807 	808
f 773 	772 	809
f 772 	808 	809
f 774 	773 	810
f 773 	809 	810
f 775 	774 	811
f 774 	810 	811
f 776 	775 	812
f 775 	811 	812
f 777 	776 	813
f 776 	812 	813
f 778 	777 	814
f 777 	813 	814
f 779 	778 	815
f 778 	814 	815
f 780 	779 	816
f 779 	815 	816
f 781 	780 	817
f 780 	816 	817
f 782 	781 	818
f 781 	817 	818
f 783 	782 	819
f 782 	818 	819
f 784 	783 	820
f 783 	819 	820
f 785 	784 	821
f 784 	820 	821
f 786 	785 	822
f 785 	821 	822
f 787 	786 	823
f 786 	822 	823
f 788 	787 	824
f 787 	823 	824
f 789 	788 	825
f 788 	824 	825
f 790 	789 	826
f 789 	825 	826
f 791 	790 	827
f 790 	826 	827
f 792 	791 	828
f 791 	827 	828
f 793 	792 	829
f 792 	828 	829
f 794 	793 	830
f 793 	829 	830
f 795 	794 	831
f 794 	830 	831
f 760 	795 	796
f 795 	831 	796
f 797 	796 	833
f 796 	832 	833
f 798 	797 	834
f 797 	833 	834
f 799 	798 	835
f 798 	834 	835
f 800 	799 	836
f 799 	835 	836
f 801 	800 	837
f 800 	836 	837
f 802 	801 	838
f 801 	837 	838
f 803 	802 	839
f 802 	838 	839
f 804 	803 	840
f 803 	839 	840
f 805 	804 	841
f 804 	840 	841
f 806 	805 	842
f 805 	841 	842
f 807 	806 	843
f 806 	842 	843
f 808 	807 	844
f 807 	843 	844
f 809 	808 	845
f 808 	844 	845
f 810 	809 	846
f 809 	845 	846
f 811 	810 	847
f 810 	846 	847
f 812 	811 	848
f 811 	847 	848
f 813 	812 	849
f 812 	848 	849
f 814 	813 	850
f 813 	849 	850
f 815 	814 	851
f 814 	850 	851
f 816 	815 	852
f 815 	851 	852
f 817 	816 	853
f 816 	852 	853
f 818 	817 	854
f 817 	853 	854
f 819 	818 	855
f 818 	854 	855
f 820 	819 	856
f 819 	855 	856
f 821 	820 	857
f 820 	856 	857
f 822 	821 	858
f 821 	857 	858
f 823 	822 	859
f 822 	858 	859
f 824 	823 	860
f 823 	859 	860
f 825 	824 	861
f 824 	860 	861
f 826 	825 	862
f 825 	861 	862
f 827 	826 	863
f 826 	862 	863
f 828 	827 	864
f 827 	863 	864
f 829 	828 	865
f 828 	864 	865
f 830 	829 	866
f 829 	865 	866
f 831 	830 	867
f 830 	866 	867
f 796 	831 	832
f 831 	867 	832
f 833 	832 	869
f 832 	868 	869
f 834 	833 	870
f 833 	869 	870
f 835 	834 	871
f 834 	870 	871
f 836 	835 	872
f 835 	871 	872
f 837 	836 	873
f 836 	872 	873
f 838 	837 	874
f 837 	873 	874
f 839 	838 	875
f 838 	874 	875
f 840 	839 	876
f 839 	875 	876
f 841 	840 	877
f 840 	876 	877
f 842 	841 	878
f 841 	877 	878
f 843 	842 	879
f 842 	878 	879
f 844 	843 	880
f 843 	879 	880
f 845 	844 	881
f 844 	880 	881
f 846 	845 	882
f 845 	881 	882
f 847 	846 	883
f 846 	882 	883
f 848 	847 	884
f 847 	883 	884
f 849 	848 	885
f 848 	884 	885
f 850 	849 	886
f 849 	885 	886
f 851 	850 	887
f 850 	886 	887
f 852 	851 	888
f 851 	887 	888
f 853 	852 	889
f 852 	888 	889
f 854 	853 	890
f 853 	889 	890
f 855 	854 	891
f 854 	890 	891
f 856 	855 	892
f 855 	891 	892
f 857 	856 	893
f 856 	892 	893
f 858 	857 	894
f 857 	893 	894
f 859 	858 	895
f 858 	894 	895
f 860 	859 	896
f 859 	895 	896
f 861 	860 	897
f 860 	896 	897
f 862 	861 	898
f 861 	897 	898
f 863 	862 	899
f 862 	898 	899
f 864 	863 	900
f 863 	899 	900
f 865 	864 	901
f 864 	900 	901
f 866 	865 	902
f 865 	901 	902
f 867 	866 	903
f 866 	902 	903
f 832 	867 	868
f 867 	903 	868
f 869 	868 	905
f 868 	904 	905
f 870 	869 	906
f 869 	905 	906
f 871 	870 	907
f 870 	906 	907
f 872 	871 	908
f 871 	907 	908
f 873 	872 	909
f 872 	908 	909
f 874 	873 	910
f 873 	909 	910
f 875 	874 	911
f 874 	910 	911
f 876 	875 	912
f 875 	911 	912
f 877 	876 	913
f 876 	912 	913
f 878 	877 	914
f 877 	913 	914
f 879 	878 	915
f 878 	914 	915
f 880 	879 	916
f 879 	915 	916
f 881 	880 	917
f 880 	916 	917
f 882 	881 	918
f 881 	917 	918
f 883 	882 	919
f 882 	918 	919
f 884 	883 	920
f 883 	919 	920
f 885 	884 	921
f 884 	920 	921
f 886 	885 	922
f 885 	921 	922
f 887 	886 	923
f 886 	922 	923
f 888 	887 	924
f 887 	923 	924
f 889 	888 	925
f 888 	924 	925
f 890 	889 	926
f 889 	925 	926
f 891 	890 	927
f 890 	926 	927
f 892 	891 	928
f 891 	927 	928
f 893 	892 	929
f 892 	928 	929
f 894 	893 	930
f 893 	929 	930
f 895 	894 	931
f 894 	930 	931
f 896 	895 	932
f 895 	931 	932
f 897 	896 	933
f 896 	932 	933
f 898 	897 	934
f 897 	933 	934
f 899 	898 	935
f 898 	934 	935
f 900 	899 	936
f 899 	935 	936
f 901 	900 	937
f 900 	936 	937
f 902 	901 	938
f 901 	937 	938
f 903 	902 	939
f 902 	938 	939
f 868 	903 	904
f 903 	939 	904
f 905 	904 	941
f 904 	940 	941
f 906 	905 	942
f 905 	941 	942
f 907 	906 	943
f 906 	942 	943
f 908 	907 	944
f 907 	943 	944
f 909 	908 	945
f 908 	944 	945
f 910 	909 	946
f 909 	945 	946
f 911 	910 	947
f 910 	946 	947
f 912 	911 	948
f 911 	947 	948
f 913 	912 	949
f 912 	948 	949
f 914 	913 	950
f 913 	949 	950
f 915 	914 	951
f 914 	950 	951
f 916 	915 	952
f 915 	951 	952
f 917 	916 	953
f 916 	952 	953
f 918 	917 	954
f 917 	953 	954
f 919 	918 	955
f 918 	954 	955
f 920 	919 	956
f 919 	955 	956
f 921 	920 	957
f 920 	956 	957
f 922 	921 	958
f 921 	957 	958
f 923 	922 	959
f 922 	958 	959
f 924 	923 	960
f 923 	959 	960
f 925 	924 	961
f 924 	960 	961
f 926 	925 	962
f 925 	961 	962
f 927 	926 	963
f 926 	962 	963
f 928 	927 	964
f 927 	963 	964
f 929 	928 	965
f 928 	964 	965
f 930 	929 	966
f 929 	965 	966
f 931 	930 	967
f 930 	966 	967
f 932 	931 	968
f 931 	967 	968
f 933 	932 	969
f 932 	968 	969
f 934 	933 	970
f 933 	969 	970
f 935 	934 	971
f 934 	970 	971
f 936 	935 	972
f 935 	971 	972
f 937 	936 	973
f 936 	972 	973
f 938 	937 	974
f 937 	973 	974
f 939 	938 	975
f 938 	974 	975
f 904 	939 	940
f 939 	975 	940
f 941 	940 	977
f 940 	976 	977
f 942 	941 	978
f 941 	977 	978
f 943 	942 	979
f 942 	978 	979
f 944 	943 	980
f 943 	979 	980
f 945 	944 	981
f 944 	980 	981
f 946 	945 	982
f 945 	981 	982
f 947 	946 	983
f 946 	982 	983
f 948 	947 	984
f 947 	983 	984
f 949 	948 	985
f 948 	984 	985
f 950 	949 	986
f 949 	985 	986
f 951 	950 	987
f 950 	986 	987
f 952 	951 	988
f 951 	987 	988
f 953 	952 	989
f 952 	988 	989
f 954 	953 	990
f 953 	989 	990
f 955 	954 	991
f 954 	990 	991
f 956 	955 	992
f 955 	991 	992
f 957 	956 	993
f 956 	992 	993
f 958 	957 	994
f 957 	993 	994
f 959 	958 	995
f 958 	994 	995
f 960 	959 	996
f 959 	995 	996
f 961 	960 	997
f 960 	996 	997
f 962 	961 	998
f 961 	997 	998
f 963 	962 	999
f 962 	998 	999
f 964 	963 	1000
f 963 	999 	1000
f 965 	964 	1001
f 964 	1000 	1001
f 966 	965 	1002
f 965 	1001 	1002
f 967 	966 	1003
f 966 	1002 	1003
f 968 	967 	1004
f 967 	1003 	1004
f 969 	968 	1005
f 968 	1004 	1005
f 970 	969 	1006
f 969 	1005 	1006
f 971 	970 	1007
f 970 	1006 	1007
f 972 	971 	1008
f 971 	1007 	1008
f 973 	972 	1009
f 972 	1008 	1009
f 974 	973 	1010
f 973 	1009 	1010
f 975 	974 	1011
f 974 	1010 	1011
f 940 	975 	976
f 975 	1011 	976
f 977 	976 	1013
f 976 	1012 	1013
f 978 	977 	1014
f 977 	1013 	1014
f 979 	978 	1015
f 978 	1014 	1015
f 980 	979 	1016
f 979 	1015 	1016
f 981 	980 	1017
f 980 	1016 	1017
f 982 	981 	1018
f 981 	1017 	1018
f 983 	982 	1019
f 982 	1018 	1019
f 984 	983 	1020
f 983 	1019 	1020
f 985 	984 	1021
f 984 	1020 	1021
f 986 	985 	1022
f 985 	1021 	1022
f 987 	986 	1023
f 986 	1022 	1023
f 988 	987 	1024
f 987 	1023 	1024
f 989 	988 	1025
f 988 	1024 	1025
f 990 	989 	1026
f 989 	1025 	1026
f 991 	990 	1027
f 990 	1026 	1027
f 992 	991 	1028
f 991 	1027 	1028
f 993 	992 	1029
f 992 	1028 	1029
f 994 	993 	1030
f 993 	1029 	1030
f 995 	994 	1031
f 994 	1030 	1031
f 996 	995 	1032
f 995 	1031 	1032
f 997 	996 	1033
f 996 	1032 	1033
f 998 	997 	1034
f 997 	1033 	1034
f 999 	998 	1035
f 998 	1034 	1035
f 1000 	999 	1036
f 999 	1035 	1036
f 1001 	1000 	1037
f 1000 	1036 	1037
f 1002 	1001 	1038
f 1001 	1037 	1038
f 1003 	1002 	1039
f 1002 	1038 	1039
f 1004 	1003 	1040
f 1003 	1039 	1040
f 1005 	1004 	1041
f 1004 	1040 	1041
f 1006 	1005 	1042
f 1005 	1041 	1042
f 1007 	1006 	1043
f 1006 	1042 	1043
f 1008 	1007 	1044
f 1007 	1043 	1044
f 1009 	1008 	1045
f 1008 	1044 	1045
f 1010 	1009 	1046
f 1009 	1045 	1046
f 1011 	1010 	1047
f 1010 	1046 	1047
f 976 	1011 	1012
f 1011 	1047 	1012
f 1013 	1012 	1049
f 1012 	1048 	1049
f 1014 	1013 	1050
f 1013 	1049 	1050
f 1015 	1014 	1051
f 1014 	1050 	1051
f 1016 	1015 	1052
f 1015 	1051 	1052
f 1017 	1016 	1053
f 1016 	1052 	1053
f 1018 	1017 	1054
f 1017 	1053 	1054
f 1019 	1018 	1055
f 1018 	1054 	1055
f 1020 	1019 	1056
f 1019 	1055 	1056
f 1021 	1020 	1057
f 1020 	1056 	1057
f 1022 	1021 	1058
f 1021 	1057 	1058
f 1023 	1022 	1059
f 1022 	1058 	1059
f 1024 	1023 	1060
f 1023 	1059 	1060
f 1025 	1024 	1061
f 1024 	1060 	1061
f 1026 	1025 	1062
f 1025 	1061 	1062
f 1027 	1026 	1063
f 1026 	1062 	1063
f 1028 	1027 	1064
f 1027 	1063 	1064
f 1029 	1028 	1065
f 1028 	1064 	1065
f 1030 	1029 	1066
f 1029 	1065 	1066
f 1031 	1030 	1067
f 1030 	1066 	1067
f 1032 	1031 	1068
f 1031 	1067 	1068
f 1033 	1032 	1069
f 1032 	1068 	1069
f 1034 	1033 	1070
f 1033 	1069 	1070
f 1035 	1034 	1071
f 1034 	1070 	1071
f 1036 	1035 	1072
f 1035 	1071 	1072
f 1037 	1036 	1073
f 1036 	1072 	1073
f 1038 	1037 	1074
f 1037 	1073 	1074
f 1039 	1038 	1075
f 1038 	1074 	1075
f 1040 	1039 	1076
f 1039 	1075 	1076
f 1041 	1040 	1077
f 1040 	1076 	1077
f 1042 	1041 	1078
f 1041 	1077 	1078
f 1043 	1042 	1079
f 1042 	1078 	1079
f 1044 	1043 	1080
f 1043 	1079 	1080
f 1045 	1044 	1081
f 1044 	1080 	1081
f 1046 	1045 	1082
f 1045 	1081 	1082
f 1047 	1046 	1083
f 1046 	1082 	1083
f 1012 	1047 	1048
f 1047 	1083 	1048
f 1049 	1048 	1085
f 1048 	1084 	1085
f 1050 	1049 	1086
f 1049 	1085 	1086
f 1051 	1050 	1087
f 1050 	1086 	1087
f 1052 	1051 	1088
f 1051 	1087 	1088
f 1053 	1052 	1089
f 1052 	1088 	1089
f 1054 	1053 	1090
f 1053 	1089 	1090
f 1055 	1054 	1091
f 1054 	1090 	1091
f 1056 	1055 	1092
f 1055 	1091 	1092
f 1057 	1056 	1093
f 1056 	1092 	1093
f 1058 	1057 	1094
f 1057 	1093 	1094
f 1059 	1058 	1095
f 1058 	1094 	1095
f 1060 	1059 	1096
f 1059 	1095 	1096
f 1061 	1060 	1097
f 1060 	1096 	1097
f 1062 	1061 	1098
f 1061 	1097 	1098
f 1063 	1062 	1099
f 1062 	1098 	1099
f 1064 	1063 	1100
f 1063 	1099 	1100
f 1065 	1064 	1101
f 1064 	1100 	1101
f 1066 	1065 	1102
f 1065 	1101 	1102
f 1067 	1066 	1103
f 1066 	1102 	1103
f 1068 	1067 	1104
f 1067 	1103 	1104
f 1069 	1068 	1105
f 1068 	1104 	1105
f 1070 	1069 	1106
f 1069 	1105 	1106
f 1071 	1070 	1107
f 1070 	1106 	1107
f 1072 	1071 	1108
f 1071 	1107 	1108
f 1073 	1072 	1109
f 1072 	1108 	1109
f 1074 	1073 	1110
f 1073 	1109 	1110
f 1075 	1074 	1111
f 1074 	1110 	1111
f 1076 	1075 	1112
f 1075 	1111 	1112
f 1077 	1076 	1113
f 1076 	1112 	1113
f 1078 	1077 	1114
f 1077 	1113 	1114
f 1079 	1078 	1115
f 1078 	1114 	1115
f 1080 	1079 	1116
f 1079 	1115 	1116
f 1081 	1080 	1117
f 1080 	1116 	1117
f 1082 	1081 	1118
f 1081 	1117 	1118
f 1083 	1082 	1119
f 1082 	1118 	1119
f 1048 	1083 	1084
f 1083 	1119 	1084
f 1085 	1084 	1121
f 1084 	1120 	1121
f 1086 	1085 	1122
f 1085 	1121 	1122
f 1087 	1086 	1123
f 1086 	1122 	1123
f 1088 	1087 	1124
f 1087 	1123 	1124
f 1089 	1088 	1125
f 1088 	1124 	1125
f 1090 	1089 	1126
f 1089 	1125 	1126
f 1091 	1090 	1127
f 1090 	1126 	1127
f 1092 	1091 	1128
f 1091 	1127 	1128
f 1093 	1092 	1129
f 1092 	1128 	1129
f 1094 	1093 	1130
f 1093 	1129 	1130
f 1095 	1094 	1131
f 1094 	1130 	1131
f 1096 	1095 	1132
f 1095 	1131 	1132
f 1097 	1096 	1133
f 1096 	1132 	1133
f 1098 	1097 	1134
f 1097 	1133 	1134
f 1099 	1098 	1135
f 1098 	1134 	1135
f 1100 	1099 	1136
f 1099 	1135 	1136
f 1101 	1100 	1137
f 1100 	1136 	1137
f 1102 	1101 	1138
f 1101 	1137 	1138
f 1103 	1102 	1139
f 1102 	1138 	1139
f 1104 	1103 	1140
f 1103 	1139 	1140
f 1105 	1104 	1141
f 1104 	1140 	1141
f 1106 	1105 	1142
f 1105 	1141 	1142
f 1107 	1106 	1143
f 1106 	1142 	1143
f 1108 	1107 	1144
f 1107 	1143 	1144
f 1109 	1108 	1145
f 1108 	1144 	1145
f 1110 	1109 	1146
f 1109 	1145 	1146
f 1111 	1110 	1147
f 1110 	1146 	1147
f 1112 	1111 	1148
f 1111 	1147 	1148
f 1113 	1112 	1149
f 1112 	1148 	1149
f 1114 	1113 	1150
f 1113 	1149 	1150
f 1115 	1114 	1151
f 1114 	1150 	1151
f 1116 	1115 	1152
f 1115 	1151 	1152
f 1117 	1116 	1153
f 1116 	1152 	1153
f 1118 	1117 	1154
f 1117 	1153 	1154
f 1119 	1118 	1155
f 1118 	1154 	1155
f 1084 	1119 	1120
f 1119 	1155 	1120
f 1121 	1120 	1157
f 1120 	1156 	1157
f 1122 	1121 	1158
f 1121 	1157 	1158
f 1123 	1122 	1159
f 1122 	1158 	1159
f 1124 	1123 	1160
f 1123 	1159 	1160
f 1125 	1124 	1161
f 1124 	1160 	1161
f 1126 	1125 	1162
f 1125 	1161 	1162
f 1127 	1126 	1163
f 1126 	1162 	1163
f 1128 	1127 	1164
f 1127 	1163 	1164
f 1129 	1128 	1165
f 1128 	1164 	1165
f 1130 	1129 	1166
f 1129 	1165 	1166
f 1131 	1130 	1167
f 1130 	1166 	1167
f 1132 	1131 	1168
f 1131 	1167 	1168
f 1133 	1132 	1169
f 1132 	1168 	1169
f 1134 	1133 	1170
f 1133 	1169 	1170
f 1135 	1134 	1171
f 1134 	1170 	1171
f 1136 	1135 	1172
f 1135 	1171 	1172
f 1137 	1136 	1173
f 1136 	1172 	1173
f 1138 	1137 	1174
f 1137 	1173 	1174
f 1139 	1138 	1175
f 1138 	1174 	1175
f 1140 	1139 	1176
f 1139 	1175 	1176
f 1141 	1140 	1177
f 1140 	1176 	1177
f 1142 	1141 	1178
f 1141 	1177 	1178
f 1143 	1142 	1179
f 1142 	1178 	1179
f 1144 	1143 	1180
f 1143 	1179 	1180
f 1145 	1144 	1181
f 1144 	1180 	1181
f 1146 	1145 	1182
f 1145 	1181 	1182
f 1147 	1146 	1183
f 1146 	1182 	1183
f 1148 	1147 	1184
f 1147 	1183 	1184
f 1149 	1148 	1185
f 1148 	1184 	1185
f 1150 	1149 	1186
f 1149 	1185 	1186
f 1151 	1150 	1187
f 1150 	1186 	1187
f 1152 	1151 	1188
f 1151 	1187 	1188
f 1153 	1152 	1189
f 1152 	1188 	1189
f 1154 	1153 	1190
f 1153 	1189 	1190
f 1155 	1154 	1191
f 1154 	1190 	1191
f 1120 	1155 	1156
f 1155 	1191 	1156
f 1157 	1156 	1193
f 1156 	1192 	1193
f 1158 	1157 	1194
f 1157 	1193 	1194
f 1159 	1158 	1195
f 1158 	1194 	1195
f 1160 	1159 	1196
f 1159 	1195 	1196
f 1161 	1160 	1197
f 1160 	1196 	1197
f 1162 	1161 	1198
f 1161 	1197 	1198
f 1163 	1162 	1199
f 1162 	1198 	1199
f 1164 	1163 	1200
f 1163 	1199 	1200
f 1165 	1164 	1201
f 1164 	1200 	1201
f 1166 	1165 	1202
f 1165 	1201 	1202
f 1167 	1166 	1203
f 1166 	1202 	1203
f 1168 	1167 	1204
f 1167 	1203 	1204
f 1169 	1168 	1205
f 1168 	1204 	1205
f 1170 	1169 	1206
f 1169 	1205 	1206
f 1171 	1170 	1207
f 1170 	1206 	1207
f 1172 	1171 	1208
f 1171 	1207 	1208
f 1173 	1172 	1209
f 1172 	1208 	1209
f 1174 	1173 	1210
f 1173 	1209 	1210
f 1175 	1174 	1211
f 1174 	1210 	1211
f 1176 	1175 	1212
f 1175 	1211 	1212
f 1177 	1176 	1213
f 1176 	1212 	1213
f 1178 	1177 	1214
f 1177 	1213 	1214
f 1179 	1178 	1215
f 1178 	1214 	1215
f 1180 	1179 	1216
f 1179 	1215 	1216
f 1181 	1180 	1217
f 1180 	1216 	1217
f 1182 	1181 	1218
f 1181 	1217 	1218
f 1183 	1182 	1219
f 1182 	1218 	1219
f 1184 	1183 	1220
f 1183 	1219 	1220
f 1185 	1184 	1221
f 1184 	1220 	1221
f 1186 	1185 	1222
f 1185 	1221 	1222
f 1187 	1186 	1223
f 1186 	1222 	1223
f 1188 	1187 	1224
f 1187 	1223 	1224
f 1189 	1188 	1225
f 1188 	1224 	1225
f 1190 	1189 	1226
f 1189 	1225 	1226
f 1191 	1190 	1227
f 1190 	1226 	1227
f 1156 	1191 	1192
f 1191 	1227 	1192
f 1193 	1192 	1229
f 1192 	1228 	1229
f 1194 	1193 	1230
f 1193 	1229 	1230
f 1195 	1194 	1231
f 1194 	1230 	1231
f 1196 	1195 	1232
f 1195 	1231 	1232
f 1197 	1196 	1233
f 1196 	1232 	1233
f 1198 	1197 	1234
f 1197 	1233 	1234
f 1199 	1198 	1235
f 1198 	1234 	1235
f 1200 	1199 	1236
f 1199 	1235 	1236
f 1201 	1200 	1237
f 1200 	1236 	1237
f 1202 	1201 	1238
f 1201 	1237 	1238
f 1203 	1202 	1239
f 1202 	1238 	1239
f 1204 	1203 	1240
f 1203 	1239 	1240
f 1205 	1204 	1241
f 1204 	1240 	1241
f 1206 	1205 	1242
f 1205 	1241 	1242
f 1207 	1206 	1243
f 1206 	1242 	1243
f 1208 	1207 	1244
f 1207 	1243 	1244
f 1209 	1208 	1245
f 1208 	1244 	1245
f 1210 	1209 	1246
f 1209 	1245 	1246
f 1211 	1210 	1247
f 1210 	1246 	1247
f 1212 	1211 	1248
f 1211 	1247 	1248
f 1213 	1212 	1249
f 1212 	1248 	1249
f 1214 	1213 	1250
f 1213 	1249 	1250
f 1215 	1214 	1251
f 1214 	1250 	1251
f 1216 	1215 	1252
f 1215 	1251 	1252
f 1217 	1216 	1253
f 1216 	1252 	1253
f 1218 	1217 	1254
f 1217 	1253 	1254
f 1219 	1218 	1255
f 1218 	1254 	1255
f 1220 	1219 	1256
f 1219 	1255 	1256
f 1221 	1220 	1257
f 1220 	1256 	1257
f 1222 	1221 	1258
f 1221 	1257 	1258
f 1223 	1222 	1259
f 1222 	1258 	1259
f 1224 	1223 	1260
f 1223 	1259 	1260
f 1225 	1224 	1261
f 1224 	1260 	1261
f 1226 	1225 	1262
f 1225 	1261 	1262
f 1227 	1226 	1263
f 1226 	1262 	1263
f 1192 	1227 	1228
f 1227 	1263 	1228
f 1229 	1228 	1265
f 1228 	1264 	1265
f 1230 	1229 	1266
f 1229 	1265 	1266
f 1231 	1230 	1267
f 1230 	1266 	1267
f 1232 	1231 	1268
f 1231 	1267 	1268
f 1233 	1232 	1269
f 1232 	1268 	1269
f 1234 	1233 	1270
f 1233 	1269 	1270
f 1235 	1234 	1271
f 1234 	1270 	1271
f 1236 	1235 	1272
f 1235 	1271 	1272
f 1237 	1236 	1273
f 1236 	1272 	1273
f 1238 	1237 	1274
f 1237 	1273 	1274
f 1239 	1238 	1275
f 1238 	1274 	1275
f 1240 	1239 	1276
f 1239 	1275 	1276
f 1241 	1240 	1277
f 1240 	1276 	1277
f 1242 	1241 	1278
f 1241 	1277 	1278
f 1243 	1242 	1279
f 1242 	1278 	1279
f 1244 	1243 	1280
f 1243 	1279 	1280
f 1245 	1244 	1281
f 1244 	1280 	1281
f 1246 	1245 	1282
f 1245 	1281 	1282
f 1247 	1246 	1283
f 1246 	1282 	1283
f 1248 	1247 	1284
f 1247 	1283 	1284
f 1249 	1248 	1285
f 1248 	1284 	1285
f 1250 	1249 	1286
f 1249 	1285 	1286
f 1251 	1250 	1287
f 1250 	1286 	1287
f 1252 	1251 	1288
f 1251 	1287 	1288
f 1253 	1252 	1289
f 1252 	1288 	1289
f 1254 	1253 	1290
f 1253 	1289 	1290
f 1255 	1254 	1291
f 1254 	1290 	1291
f 1256 	1255 	1292
f 1255 	1291 	1292
f 1257 	1256 	1293
f 1256 	1292 	1293
f 1258 	1257 	1294
f 1257 	1293 	1294
f 1259 	1258 	1295
f 1258 	1294 	1295
f 1260 	1259 	1296
f 1259 	1295 	1296
f 1261 	1260 	1297
f 1260 	1296 	1297
f 1262 	1261 	1298
f 1261 	1297 	1298
f 1263 	1262 	1299
f 1262 	1298 	1299
f 1228 	1263 	1264
f 1263 	1299 	1264
f 1265 	1264 	1300
f 1266 	1265 	1300
f 1267 	1266 	1300
f 1268 	1267 	1300
f 1269 	1268 	1300
f 1270 	1269 	1300
f 1271 	1270 	1300
f 1272 	1271 	1300
f 1273 	1272 	1300
f 1274 	1273 	1300
f 1275 	1274 	1300
f 1276 	1275 	1300
f 1277 	1276 	1300
f 1278 	1277 	1300
f 1279 	1278 	1300
f 1280 	1279 	1300
f 1281 	1280 	1300
f 1282 	1281 	1300
f 1283 	1282 	1300
f 1284 	1283 	1300
f 1285 	1284 	1300
f 1286 	1285 	1300
f 1287 	1286 	1300
f 1288 	1287 	1300
f 1289 	1288 	1300
f 1290 	1289 	1300
f 1291 	1290 	1300
f 1292 	1291 	1300
f 1293 	1292 	1300
f 1294 	1293 	1300
f 1295 	1294 	1300
f 1296 	1295 	1300
f 1297 	1296 	1300
f 1298 	1297 	1300
f 1299 	1298 	1300
f 1264 	1299 	1300
# 1296 faces

 #end of obj_1

o obj_2
v -41 		4 		12
v -41.8716 		4 		11.9924
v -41.8583 		3.8487 		11.9924
v -41.819 		3.7019 		11.9924
v -41.7548 		3.5642 		11.9924
v -41.6677 		3.4398 		11.9924
v -41.5602 		3.3323 		11.9924
v -41.4358 		3.2452 		11.9924
v -41.2981 		3.181 		11.9924
v -41.1513 		3.1417 		11.9924
v -41 		3.1284 		11.9924
v -40.8487 		3.1417 		11.9924
v -40.7019 		3.181 		11.9924
v -40.5642 		3.2452 		11.9924
v -40.4398 		3.3323 		11.9924
v -40.3323 		3.4398 		11.9924
v -40.2452 		3.5642 		11.9924
v -40.181 		3.7019 		11.9924
v -40.1417 		3.8487 		11.9924
v -40.1284 		4 		11.9924
v -40.1417 		4.1513 		11.9924
v -40.181 		4.2981 		11.9924
v -40.2452 		4.4358 		11.9924
v -40.3323 		4.5602 		11.9924
v -40.4398 		4.6677 		11.9924
v -40.5642 		4.7548 		11.9924
v -40.7019 		4.819 		11.9924
v -40.8487 		4.8583 		11.9924
v -41 		4.8716 		11.9924
v -41.1513 		4.8583 		11.9924
v -41.2981 		4.819 		11.9924
v -41.4358 		4.7548 		11.9924
v -41.5602 		4.6677 		11.9924
v -41.6677 		4.5602 		11.9924
v -41.7548 		4.4358 		11.9924
v -41.819 		4.2981 		11.9924
v -41.8583 		4.1513 		11.9924
v -42.7365 		4 		11.9696
v -42.7101 		3.6985 		11.9696
v -42.6318 		3.4061 		11.9696
v -42.5038 		3.1318 		11.9696
v -42.3302 		2.8838 		11.9696
v -42.1162 		2.6698 		11.9696
v -41.8682 		2.4962 		11.9696
v -41.5939 		2.3682 		11.9696
v -41.3015 		2.2899 		11.9696
v -41 		2.2635 		11.9696
v -40.6985 		2.2899 		11.9696
v -40.4061 		2.3682 		11.9696
v -40.1318 		2.4962 		11.9696
v -39.8838 		2.6698 		11.9696
v -39.6698 		2.8838 		11.9696
v -39.4962 		3.1318 		11.9696
v -39.3682 		3.4061 		11.9696
v -39.2899 		3.6985 		11.9696
v -39.2635 		4 		11.9696
v -39.2899 		4.3015 		11.9696
v -39.3682 		4.5939 		11.9696
v -39.4962 		4.8682 		11.9696
v -39.6698 		5.1162 		11.9696
v -39.8838 		5.3302 		11.9696
v -40.1318 		5.5038 		11.9696
v -40.4061 		5.6318 		11.9696
v -40.6985 		5.7101 		11.9696
v -41 		5.7365 		11.9696
v -41.3015 		5.7101 		11.9696
v -41.5939 		5.6318 		11.9696
v -41.8682 		5.5038 		11.9696
v -42.1162 		5.3302 		11.9696
v -42.3302 		5.1162 		11.9696
v -42.5038 		4.8682 		11.9696
v -42.6318 		4.5939 		11.9696
v -42.7101 		4.3015 		11.9696
v -43.5882 		4 		11.9319
v -43.5489 		3.5506 		11.9319
v -43.4321 		3.1148 		11.9319
v -43.2414 		2.7059 		11.9319
v -42.9827 		2.3363 		11.9319
v -42.6637 		2.0173 		11.9319
v -42.2941 		1.7586 		11.9319
v -41.8852 		1.5679 		11.9319
v -41.4494 		1.4511 		11.9319
v -41 		1.4118 		11.9319
v -40.5506 		1.4511 		11.9319
v -40.1148 		1.5679 		11.9319
v -39.7059 		1.7586 		11.9319
v -39.3363 		2.0173 		11.9319
v -39.0173 		2.3363 		11.9319
v -38.7586 		2.7059 		11.9319
v -38.5679 		3.1148 		11.9319
v -38.4511 		3.5506 		11.9319
v -38.4118 		4 		11.9319
v -38.4511 		4.4494 		11.9319
v -38.5679 		4.8852 		11.9319
v -38.7586 		5.2941 		11.9319
v -39.0173 		5.6637 		11.9319
v -39.3363 		5.9827 		11.9319
v -39.7059 		6.2414 		11.9319
v -40.1148 		6.4321 		11.9319
v -40.5506 		6.5489 		11.9319
v -41 		6.5882 		11.9319
v -41.4494 		6.5489 		11.9319
v -41.8852 		6.4321 		11.9319
v -42.2941 		6.2414 		11.9319
v -42.6637 		5.9827 		11.9319
v -42.9827 		5.6637 		11.9319
v -43.2414 		5.2941 		11.9319
v -43.4321 		4.8852 		11.9319
v -43.5489 		4.4494 		11.9319
v -44.4202 		4 		11.8794
v -44.3682 		3.4061 		11.8794
v -44.2139 		2.8302 		11.8794
v -43.962 		2.2899 		11.8794
v -43.62 		1.8015 		11.8794
v -43.1985 		1.38 		11.8794
v -42.7101 		1.038 		11.8794
v -42.1698 		0.7861 		11.8794
v -41.5939 		0.6318 		11.8794
v -41 		0.5798 		11.8794
v -40.4061 		0.6318 		11.8794
v -39.8302 		0.7861 		11.8794
v -39.2899 		1.038 		11.8794
v -38.8015 		1.38 		11.8794
v -38.38 		1.8015 		11.8794
v -38.038 		2.2899 		11.8794
v -37.7861 		2.8302 		11.8794
v -37.6318 		3.4061 		11.8794
v -37.5798 		4 		11.8794
v -37.6318 		4.5939 		11.8794
v -37.7861 		5.1698 		11.8794
v -38.038 		5.7101 		11.8794
v -38.38 		6.1985 		11.8794
v -38.8015 		6.62 		11.8794
v -39.2899 		6.962 		11.8794
v -39.8302 		7.2139 		11.8794
v -40.4061 		7.3682 		11.8794
v -41 		7.4202 		11.8794
v -41.5939 		7.3682 		11.8794
v -42.1698 		7.2139 		11.8794
v -42.7101 		6.962 		11.8794
v -43.1985 		6.62 		11.8794
v -43.62 		6.1985 		11.8794
v -43.962 		5.7101 		11.8794
v -44.2139 		5.1698 		11.8794
v -44.3682 		4.5939 		11.8794
v -45.2262 		4 		11.8126
v -45.162 		3.2661 		11.8126
v -44.9713 		2.5546 		11.8126
v -44.66 		1.8869 		11.8126
v -44.2374 		1.2835 		11.8126
v -43.7165 		0.7626 		11.8126
v -43.1131 		0.34 		11.8126
v -42.4454 		0.0287 		11.8126
v -41.7339 		-0.162 		11.8126
v -41 		-0.2262 		11.8126
v -40.2661 		-0.162 		11.8126
v -39.5546 		0.0287 		11.8126
v -38.8869 		0.34 		11.8126
v -38.2835 		0.7626 		11.8126
v -37.7626 		1.2835 		11.8126
v -37.34 		1.8869 		11.8126
v -37.0287 		2.5546 		11.8126
v -36.838 		3.2661 		11.8126
v -36.7738 		4 		11.8126
v -36.838 		4.7339 		11.8126
v -37.0287 		5.4454 		11.8126
v -37.34 		6.1131 		11.8126
v -37.7626 		6.7165 		11.8126
v -38.2835 		7.2374 		11.8126
v -38.8869 		7.66 		11.8126
v -39.5546 		7.9713 		11.8126
v -40.2661 		8.162 		11.8126
v -41 		8.2262 		11.8126
v -41.7339 		8.162 		11.8126
v -42.4454 		7.9713 		11.8126
v -43.1131 		7.66 		11.8126
v -43.7165 		7.2374 		11.8126
v -44.2374 		6.7165 		11.8126
v -44.66 		6.1131 		11.8126
v -44.9713 		5.4454 		11.8126
v -45.162 		4.7339 		11.8126
v -46 		4 		11.7321
v -45.924 		3.1318 		11.7321
v -45.6985 		2.2899 		11.7321
v -45.3301 		1.5 		11.7321
v -44.8302 		0.7861 		11.7321
v -44.2139 		0.1698 		11.7321
v -43.5 		-0.3301 		11.7321
v -42.7101 		-0.6985 		11.7321
v -41.8682 		-0.924 		11.7321
v -41 		-1 		11.7321
v -40.1318 		-0.924 		11.7321
v -39.2899 		-0.6985 		11.7321
v -38.5 		-0.3301 		11.7321
v -37.7861 		0.1698 		11.7321
v -37.1698 		0.7861 		11.7321
v -36.6699 		1.5 		11.7321
v -36.3015 		2.2899 		11.7321
v -36.076 		3.1318 		11.7321
v -36 		4 		11.7321
v -36.076 		4.8682 		11.7321
v -36.3015 		5.7101 		11.7321
v -36.6699 		6.5 		11.7321
v -37.1698 		7.2139 		11.7321
v -37.7861 		7.8302 		11.7321
v -38.5 		8.3301 		11.7321
v -39.2899 		8.6985 		11.7321
v -40.1318 		8.924 		11.7321
v -41 		9 		11.7321
v -41.8682 		8.924 		11.7321
v -42.7101 		8.6985 		11.7321
v -43.5 		8.3301 		11.7321
v -44.2139 		7.8302 		11.7321
v -44.8302 		7.2139 		11.7321
v -45.3301 		6.5 		11.7321
v -45.6985 		5.7101 		11.7321
v -45.924 		4.8682 		11.7321
v -46.7358 		4 		11.6383
v -46.6486 		3.004 		11.6383
v -46.3899 		2.0383 		11.6383
v -45.9673 		1.1321 		11.6383
v -45.3939 		0.3131 		11.6383
v -44.6869 		-0.3939 		11.6383
v -43.8679 		-0.9673 		11.6383
v -42.9617 		-1.3899 		11.6383
v -41.996 		-1.6486 		11.6383
v -41 		-1.7358 		11.6383
v -40.004 		-1.6486 		11.6383
v -39.0383 		-1.3899 		11.6383
v -38.1321 		-0.9673 		11.6383
v -37.3131 		-0.3939 		11.6383
v -36.6061 		0.3131 		11.6383
v -36.0327 		1.1321 		11.6383
v -35.6101 		2.0383 		11.6383
v -35.3514 		3.004 		11.6383
v -35.2642 		4 		11.6383
v -35.3514 		4.996 		11.6383
v -35.6101 		5.9617 		11.6383
v -36.0327 		6.8679 		11.6383
v -36.6061 		7.6869 		11.6383
v -37.3131 		8.3939 		11.6383
v -38.1321 		8.9673 		11.6383
v -39.0383 		9.3899 		11.6383
v -40.004 		9.6486 		11.6383
v -41 		9.7358 		11.6383
v -41.996 		9.6486 		11.6383
v -42.9617 		9.3899 		11.6383
v -43.8679 		8.9673 		11.6383
v -44.6869 		8.3939 		11.6383
v -45.3939 		7.6869 		11.6383
v -45.9673 		6.8679 		11.6383
v -46.3899 		5.9617 		11.6383
v -46.6486 		4.996 		11.6383
v -47.4279 		4 		11.5321
v -47.3302 		2.8838 		11.5321
v -47.0402 		1.8015 		11.5321
v -46.5667 		0.7861 		11.5321
v -45.924 		-0.1318 		11.5321
v -45.1318 		-0.924 		11.5321
v -44.2139 		-1.5667 		11.5321
v -43.1985 		-2.0402 		11.5321
v -42.1162 		-2.3302 		11.5321
v -41 		-2.4279 		11.5321
v -39.8838 		-2.3302 		11.5321
v -38.8015 		-2.0402 		11.5321
v -37.7861 		-1.5667 		11.5321
v -36.8682 		-0.924 		11.5321
v -36.076 		-0.1318 		11.5321
v -35.4333 		0.7861 		11.5321
v -34.9598 		1.8015 		11.5321
v -34.6698 		2.8838 		11.5321
v -34.5721 		4 		11.5321
v -34.6698 		5.1162 		11.5321
v -34.9598 		6.1985 		11.5321
v -35.4333 		7.2139 		11.5321
v -36.076 		8.1318 		11.5321
v -36.8682 		8.924 		11.5321
v -37.7861 		9.5667 		11.5321
v -38.8015 		10.0402 		11.5321
v -39.8838 		10.3302 		11.5321
v -41 		10.4279 		11.5321
v -42.1162 		10.3302 		11.5321
v -43.1985 		10.0402 		11.5321
v -44.2139 		9.5667 		11.5321
v -45.1318 		8.924 		11.5321
v -45.924 		8.1318 		11.5321
v -46.5667 		7.2139 		11.5321
v -47.0402 		6.1985 		11.5321
v -47.3302 		5.1162 		11.5321
v -48.0711 		4 		11.4142
v -47.9636 		2.7721 		11.4142
v -47.6446 		1.5816 		11.4142
v -47.1237 		0.4645 		11.4142
v -46.4168 		-0.5452 		11.4142
v -45.5452 		-1.4168 		11.4142
v -44.5355 		-2.1237 		11.4142
v -43.4184 		-2.6446 		11.4142
v -42.2279 		-2.9636 		11.4142
v -41 		-3.0711 		11.4142
v -39.7721 		-2.9636 		11.4142
v -38.5816 		-2.6446 		11.4142
v -37.4645 		-2.1237 		11.4142
v -36.4548 		-1.4168 		11.4142
v -35.5832 		-0.5452 		11.4142
v -34.8763 		0.4645 		11.4142
v -34.3554 		1.5816 		11.4142
v -34.0364 		2.7721 		11.4142
v -33.9289 		4 		11.4142
v -34.0364 		5.2279 		11.4142
v -34.3554 		6.4184 		11.4142
v -34.8763 		7.5355 		11.4142
v -35.5832 		8.5452 		11.4142
v -36.4548 		9.4168 		11.4142
v -37.4645 		10.1237 		11.4142
v -38.5816 		10.6446 		11.4142
v -39.7721 		10.9636 		11.4142
v -41 		11.0711 		11.4142
v -42.2279 		10.9636 		11.4142
v -43.4184 		10.6446 		11.4142
v -44.5355 		10.1237 		11.4142
v -45.5452 		9.4168 		11.4142
v -46.4168 		8.5452 		11.4142
v -47.1237 		7.5355 		11.4142
v -47.6446 		6.4184 		11.4142
v -47.9636 		5.2279 		11.4142
v -48.6604 		4 		11.2856
v -48.5441 		2.6698 		11.2856
v -48.1985 		1.38 		11.2856
v -47.6341 		0.1698 		11.2856
v -46.8682 		-0.924 		11.2856
v -45.924 		-1.8682 		11.2856
v -44.8302 		-2.6341 		11.2856
v -43.62 		-3.1985 		11.2856
v -42.3302 		-3.5441 		11.2856
v -41 		-3.6604 		11.2856
v -39.6698 		-3.5441 		11.2856
v -38.38 		-3.1985 		11.2856
v -37.1698 		-2.6341 		11.2856
v -36.076 		-1.8682 		11.2856
v -35.1318 		-0.924 		11.2856
v -34.3659 		0.1698 		11.2856
v -33.8015 		1.38 		11.2856
v -33.4559 		2.6698 		11.2856
v -33.3396 		4 		11.2856
v -33.4559 		5.3302 		11.2856
v -33.8015 		6.62 		11.2856
v -34.3659 		7.8302 		11.2856
v -35.1318 		8.924 		11.2856
v -36.076 		9.8682 		11.2856
v -37.1698 		10.6341 		11.2856
v -38.38 		11.1985 		11.2856
v -39.6698 		11.5441 		11.2856
v -41 		11.6604 		11.2856
v -42.3302 		11.5441 		11.2856
v -43.62 		11.1985 		11.2856
v -44.8302 		10.6341 		11.2856
v -45.924 		9.8682 		11.2856
v -46.8682 		8.924 		11.2856
v -47.6341 		7.8302 		11.2856
v -48.1985 		6.62 		11.2856
v -48.5441 		5.3302 		11.2856
v -49.1915 		4 		11.1472
v -49.0671 		2.5776 		11.1472
v -48.6975 		1.1983 		11.1472
v -48.0941 		-0.0958 		11.1472
v -47.2751 		-1.2654 		11.1472
v -46.2654 		-2.2751 		11.1472
v -45.0958 		-3.0941 		11.1472
v -43.8017 		-3.6975 		11.1472
v -42.4224 		-4.0671 		11.1472
v -41 		-4.1915 		11.1472
v -39.5776 		-4.0671 		11.1472
v -38.1983 		-3.6975 		11.1472
v -36.9042 		-3.0941 		11.1472
v -35.7346 		-2.2751 		11.1472
v -34.7249 		-1.2654 		11.1472
v -33.9059 		-0.0958 		11.1472
v -33.3025 		1.1983 		11.1472
v -32.9329 		2.5776 		11.1472
v -32.8085 		4 		11.1472
v -32.9329 		5.4224 		11.1472
v -33.3025 		6.8017 		11.1472
v -33.9059 		8.0958 		11.1472
v -34.7249 		9.2654 		11.1472
v -35.7346 		10.2751 		11.1472
v -36.9042 		11.0941 		11.1472
v -38.1983 		11.6975 		11.1472
v -39.5776 		12.0671 		11.1472
v -41 		12.1915 		11.1472
v -42.4224 		12.0671 		11.1472
v -43.8017 		11.6975 		11.1472
v -45.0958 		11.0941 		11.1472
v -46.2654 		10.2751 		11.1472
v -47.2751 		9.2654 		11.1472
v -48.0941 		8.0958 		11.1472
v -48.6975 		6.8017 		11.1472
v -49.0671 		5.4224 		11.1472
v -49.6603 		4 		11
v -49.5287 		2.4962 		11
v -49.138 		1.038 		11
v -48.5 		-0.3301 		11
v -47.6341 		-1.5667 		11
v -46.5667 		-2.6341 		11
v -45.3301 		-3.5 		11
v -43.962 		-4.138 		11
v -42.5038 		-4.5287 		11
v -41 		-4.6603 		11
v -39.4962 		-4.5287 		11
v -38.038 		-4.138 		11
v -36.6699 		-3.5 		11
v -35.4333 		-2.6341 		11
v -34.3659 		-1.5667 		11
v -33.5 		-0.3301 		11
v -32.862 		1.038 		11
v -32.4713 		2.4962 		11
v -32.3397 		4 		11
v -32.4713 		5.5038 		11
v -32.862 		6.962 		11
v -33.5 		8.3301 		11
v -34.3659 		9.5667 		11
v -35.4333 		10.6341 		11
v -36.6699 		11.5 		11
v -38.038 		12.138 		11
v -39.4962 		12.5287 		11
v -41 		12.6603 		11
v -42.5038 		12.5287 		11
v -43.962 		12.138 		11
v -45.3301 		11.5 		11
v -46.5667 		10.6341 		11
v -47.6341 		9.5667 		11
v -48.5 		8.3301 		11
v -49.138 		6.962 		11
v -49.5287 		5.5038 		11
v -50.0631 		4 		10.8452
v -49.9254 		2.4262 		10.8452
v -49.5165 		0.9002 		10.8452
v -48.8489 		-0.5315 		10.8452
v -47.9427 		-1.8256 		10.8452
v -46.8256 		-2.9427 		10.8452
v -45.5315 		-3.8489 		10.8452
v -44.0998 		-4.5165 		10.8452
v -42.5738 		-4.9254 		10.8452
v -41 		-5.0631 		10.8452
v -39.4262 		-4.9254 		10.8452
v -37.9002 		-4.5165 		10.8452
v -36.4685 		-3.8489 		10.8452
v -35.1744 		-2.9427 		10.8452
v -34.0573 		-1.8256 		10.8452
v -33.1511 		-0.5315 		10.8452
v -32.4835 		0.9002 		10.8452
v -32.0746 		2.4262 		10.8452
v -31.9369 		4 		10.8452
v -32.0746 		5.5738 		10.8452
v -32.4835 		7.0998 		10.8452
v -33.1511 		8.5315 		10.8452
v -34.0573 		9.8256 		10.8452
v -35.1744 		10.9427 		10.8452
v -36.4685 		11.8489 		10.8452
v -37.9002 		12.5165 		10.8452
v -39.4262 		12.9254 		10.8452
v -41 		13.0631 		10.8452
v -42.5738 		12.9254 		10.8452
v -44.0998 		12.5165 		10.8452
v -45.5315 		11.8489 		10.8452
v -46.8256 		10.9427 		10.8452
v -47.9427 		9.8256 		10.8452
v -48.8489 		8.5315 		10.8452
v -49.5165 		7.0998 		10.8452
v -49.9254 		5.5738 		10.8452
v -50.3969 		4 		10.684
v -50.2542 		2.3682 		10.684
v -49.8302 		0.7861 		10.684
v -49.138 		-0.6985 		10.684
v -48.1985 		-2.0402 		10.684
v -47.0402 		-3.1985 		10.684
v -45.6985 		-4.138 		10.684
v -44.2139 		-4.8302 		10.684
v -42.6318 		-5.2542 		10.684
v -41 		-5.3969 		10.684
v -39.3682 		-5.2542 		10.684
v -37.7861 		-4.8302 		10.684
v -36.3015 		-4.138 		10.684
v -34.9598 		-3.1985 		10.684
v -33.8015 		-2.0402 		10.684
v -32.862 		-0.6985 		10.684
v -32.1698 		0.7861 		10.684
v -31.7458 		2.3682 		10.684
v -31.6031 		4 		10.684
v -31.7458 		5.6318 		10.684
v -32.1698 		7.2139 		10.684
v -32.862 		8.6985 		10.684
v -33.8015 		10.0402 		10.684
v -34.9598 		11.1985 		10.684
v -36.3015 		12.138 		10.684
v -37.7861 		12.8302 		10.684
v -39.3682 		13.2542 		10.684
v -41 		13.3969 		10.684
v -42.6318 		13.2542 		10.684
v -44.2139 		12.8302 		10.684
v -45.6985 		12.138 		10.684
v -47.0402 		11.1985 		10.684
v -48.1985 		10.0402 		10.684
v -49.138 		8.6985 		10.684
v -49.8302 		7.2139 		10.684
v -50.2542 		5.6318 		10.684
v -50.6593 		4 		10.5176
v -50.5125 		2.3227 		10.5176
v -50.0767 		0.6963 		10.5176
v -49.3652 		-0.8296 		10.5176
v -48.3994 		-2.2089 		10.5176
v -47.2089 		-3.3994 		10.5176
v -45.8296 		-4.3652 		10.5176
v -44.3037 		-5.0767 		10.5176
v -42.6773 		-5.5125 		10.5176
v -41 		-5.6593 		10.5176
v -39.3227 		-5.5125 		10.5176
v -37.6963 		-5.0767 		10.5176
v -36.1704 		-4.3652 		10.5176
v -34.7911 		-3.3994 		10.5176
v -33.6006 		-2.2089 		10.5176
v -32.6348 		-0.8296 		10.5176
v -31.9233 		0.6963 		10.5176
v -31.4875 		2.3227 		10.5176
v -31.3407 		4 		10.5176
v -31.4875 		5.6773 		10.5176
v -31.9233 		7.3037 		10.5176
v -32.6348 		8.8296 		10.5176
v -33.6006 		10.2089 		10.5176
v -34.7911 		11.3994 		10.5176
v -36.1704 		12.3652 		10.5176
v -37.6963 		13.0767 		10.5176
v -39.3227 		13.5125 		10.5176
v -41 		13.6593 		10.5176
v -42.6773 		13.5125 		10.5176
v -44.3037 		13.0767 		10.5176
v -45.8296 		12.3652 		10.5176
v -47.2089 		11.3994 		10.5176
v -48.3994 		10.2089 		10.5176
v -49.3652 		8.8296 		10.5176
v -50.0767 		7.3037 		10.5176
v -50.5125 		5.6773 		10.5176
v -50.8481 		4 		10.3473
v -50.6985 		2.2899 		10.3473
v -50.2542 		0.6318 		10.3473
v -49.5287 		-0.924 		10.3473
v -48.5441 		-2.3302 		10.3473
v -47.3302 		-3.5441 		10.3473
v -45.924 		-4.5287 		10.3473
v -44.3682 		-5.2542 		10.3473
v -42.7101 		-5.6985 		10.3473
v -41 		-5.8481 		10.3473
v -39.2899 		-5.6985 		10.3473
v -37.6318 		-5.2542 		10.3473
v -36.076 		-4.5287 		10.3473
v -34.6698 		-3.5441 		10.3473
v -33.4559 		-2.3302 		10.3473
v -32.4713 		-0.924 		10.3473
v -31.7458 		0.6318 		10.3473
v -31.3015 		2.2899 		10.3473
v -31.1519 		4 		10.3473
v -31.3015 		5.7101 		10.3473
v -31.7458 		7.3682 		10.3473
v -32.4713 		8.924 		10.3473
v -33.4559 		10.3302 		10.3473
v -34.6698 		11.5441 		10.3473
v -36.076 		12.5287 		10.3473
v -37.6318 		13.2542 		10.3473
v -39.2899 		13.6985 		10.3473
v -41 		13.8481 		10.3473
v -42.7101 		13.6985 		10.3473
v -44.3682 		13.2542 		10.3473
v -45.924 		12.5287 		10.3473
v -47.3302 		11.5441 		10.3473
v -48.5441 		10.3302 		10.3473
v -49.5287 		8.924 		10.3473
v -50.2542 		7.3682 		10.3473
v -50.6985 		5.7101 		10.3473
v -50.9619 		4 		10.1743
v -50.8106 		2.2701 		10.1743
v -50.3612 		0.5928 		10.1743
v -49.6273 		-0.981 		10.1743
v -48.6313 		-2.4034 		10.1743
v -47.4034 		-3.6313 		10.1743
v -45.981 		-4.6273 		10.1743
v -44.4072 		-5.3612 		10.1743
v -42.7299 		-5.8106 		10.1743
v -41 		-5.9619 		10.1743
v -39.2701 		-5.8106 		10.1743
v -37.5928 		-5.3612 		10.1743
v -36.019 		-4.6273 		10.1743
v -34.5966 		-3.6313 		10.1743
v -33.3687 		-2.4034 		10.1743
v -32.3727 		-0.981 		10.1743
v -31.6388 		0.5928 		10.1743
v -31.1894 		2.2701 		10.1743
v -31.0381 		4 		10.1743
v -31.1894 		5.7299 		10.1743
v -31.6388 		7.4072 		10.1743
v -32.3727 		8.981 		10.1743
v -33.3687 		10.4034 		10.1743
v -34.5966 		11.6313 		10.1743
v -36.019 		12.6273 		10.1743
v -37.5928 		13.3612 		10.1743
v -39.2701 		13.8106 		10.1743
v -41 		13.9619 		10.1743
v -42.7299 		13.8106 		10.1743
v -44.4072 		13.3612 		10.1743
v -45.981 		12.6273 		10.1743
v -47.4034 		11.6313 		10.1743
v -48.6313 		10.4034 		10.1743
v -49.6273 		8.981 		10.1743
v -50.3612 		7.4072 		10.1743
v -50.8106 		5.7299 		10.1743
v -51 		4 		10
v -50.8481 		2.2635 		10
v -50.3969 		0.5798 		10
v -49.6603 		-1 		10
v -48.6604 		-2.4279 		10
v -47.4279 		-3.6604 		10
v -46 		-4.6603 		10
v -44.4202 		-5.3969 		10
v -42.7365 		-5.8481 		10
v -41 		-6 		10
v -39.2635 		-5.8481 		10
v -37.5798 		-5.3969 		10
v -36 		-4.6603 		10
v -34.5721 		-3.6604 		10
v -33.3396 		-2.4279 		10
v -32.3397 		-1 		10
v -31.6031 		0.5798 		10
v -31.1519 		2.2635 		10
v -31 		4 		10
v -31.1519 		5.7365 		10
v -31.6031 		7.4202 		10
v -32.3397 		9 		10
v -33.3396 		10.4279 		10
v -34.5721 		11.6604 		10
v -36 		12.6603 		10
v -37.5798 		13.3969 		10
v -39.2635 		13.8481 		10
v -41 		14 		10
v -42.7365 		13.8481 		10
v -44.4202 		13.3969 		10
v -46 		12.6603 		10
v -47.4279 		11.6604 		10
v -48.6604 		10.4279 		10
v -49.6603 		9 		10
v -50.3969 		7.4202 		10
v -50.8481 		5.7365 		10
v -41 		4 		10
# 650 vertices

g group_2_15277357

usemtl color_15277357
s 0

f 1301 	1302 	1303
f 1301 	1303 	1304
f 1301 	1304 	1305
f 1301 	1305 	1306
f 1301 	1306 	1307
f 1301 	1307 	1308
f 1301 	1308 	1309
f 1301 	1309 	1310
f 1301 	1310 	1311
f 1301 	1311 	1312
f 1301 	1312 	1313
f 1301 	1313 	1314
f 1301 	1314 	1315
f 1301 	1315 	1316
f 1301 	1316 	1317
f 1301 	1317 	1318
f 1301 	1318 	1319
f 1301 	1319 	1320
f 1301 	1320 	1321
f 1301 	1321 	1322
f 1301 	1322 	1323
f 1301 	1323 	1324
f 1301 	1324 	1325
f 1301 	1325 	1326
f 1301 	1326 	1327
f 1301 	1327 	1328
f 1301 	1328 	1329
f 1301 	1329 	1330
f 1301 	1330 	1331
f 1301 	1331 	1332
f 1301 	1332 	1333
f 1301 	1333 	1334
f 1301 	1334 	1335
f 1301 	1335 	1336
f 1301 	1336 	1337
f 1301 	1337 	1302
f 1303 	1302 	1339
f 1302 	1338 	1339
f 1304 	1303 	1340
f 1303 	1339 	1340
f 1305 	1304 	1341
f 1304 	1340 	1341
f 1306 	1305 	1342
f 1305 	1341 	1342
f 1307 	1306 	1343
f 1306 	1342 	1343
f 1308 	1307 	1344
f 1307 	1343 	1344
f 1309 	1308 	1345
f 1308 	1344 	1345
f 1310 	1309 	1346
f 1309 	1345 	1346
f 1311 	1310 	1347
f 1310 	1346 	1347
f 1312 	1311 	1348
f 1311 	1347 	1348
f 1313 	1312 	1349
f 1312 	1348 	1349
f 1314 	1313 	1350
f 1313 	1349 	1350
f 1315 	1314 	1351
f 1314 	1350 	1351
f 1316 	1315 	1352
f 1315 	1351 	1352
f 1317 	1316 	1353
f 1316 	1352 	1353
f 1318 	1317 	1354
f 1317 	1353 	1354
f 1319 	1318 	1355
f 1318 	1354 	1355
f 1320 	1319 	1356
f 1319 	1355 	1356
f 1321 	1320 	1357
f 1320 	1356 	1357
f 1322 	1321 	1358
f 1321 	1357 	1358
f 1323 	1322 	1359
f 1322 	1358 	1359
f 1324 	1323 	1360
f 1323 	1359 	1360
f 1325 	1324 	1361
f 1324 	1360 	1361
f 1326 	1325 	1362
f 1325 	1361 	1362
f 1327 	1326 	1363
f 1326 	1362 	1363
f 1328 	1327 	1364
f 1327 	1363 	1364
f 1329 	1328 	1365
f 1328 	1364 	1365
f 1330 	1329 	1366
f 1329 	1365 	1366
f 1331 	1330 	1367
f 1330 	1366 	1367
f 1332 	1331 	1368
f 1331 	1367 	1368
f 1333 	1332 	1369
f 1332 	1368 	1369
f 1334 	1333 	1370
f 1333 	1369 	1370
f 1335 	1334 	1371
f 1334 	1370 	1371
f 1336 	1335 	1372
f 1335 	1371 	1372
f 1337 	1336 	1373
f 1336 	1372 	1373
f 1302 	1337 	1338
f 1337 	1373 	1338
f 1339 	1338 	1375
f 1338 	1374 	1375
f 1340 	1339 	1376
f 1339 	1375 	1376
f 1341 	1340 	1377
f 1340 	1376 	1377
f 1342 	1341 	1378
f 1341 	1377 	1378
f 1343 	1342 	1379
f 1342 	1378 	1379
f 1344 	1343 	1380
f 1343 	1379 	1380
f 1345 	1344 	1381
f 1344 	1380 	1381
f 1346 	1345 	1382
f 1345 	1381 	1382
f 1347 	1346 	1383
f 1346 	1382 	1383
f 1348 	1347 	1384
f 1347 	1383 	1384
f 1349 	1348 	1385
f 1348 	1384 	1385
f 1350 	1349 	1386
f 1349 	1385 	1386
f 1351 	1350 	1387
f 1350 	1386 	1387
f 1352 	1351 	1388
f 1351 	1387 	1388
f 1353 	1352 	1389
f 1352 	1388 	1389
f 1354 	1353 	1390
f 1353 	1389 	1390
f 1355 	1354 	1391
f 1354 	1390 	1391
f 1356 	1355 	1392
f 1355 	1391 	1392
f 1357 	1356 	1393
f 1356 	1392 	1393
f 1358 	1357 	1394
f 1357 	1393 	1394
f 1359 	1358 	1395
f 1358 	1394 	1395
f 1360 	1359 	1396
f 1359 	1395 	1396
f 1361 	1360 	1397
f 1360 	1396 	1397
f 1362 	1361 	1398
f 1361 	1397 	1398
f 1363 	1362 	1399
f 1362 	1398 	1399
f 1364 	1363 	1400
f 1363 	1399 	1400
f 1365 	1364 	1401
f 1364 	1400 	1401
f 1366 	1365 	1402
f 1365 	1401 	1402
f 1367 	1366 	1403
f 1366 	1402 	1403
f 1368 	1367 	1404
f 1367 	1403 	1404
f 1369 	1368 	1405
f 1368 	1404 	1405
f 1370 	1369 	1406
f 1369 	1405 	1406
f 1371 	1370 	1407
f 1370 	1406 	1407
f 1372 	1371 	1408
f 1371 	1407 	1408
f 1373 	1372 	1409
f 1372 	1408 	1409
f 1338 	1373 	1374
f 1373 	1409 	1374
f 1375 	1374 	1411
f 1374 	1410 	1411
f 1376 	1375 	1412
f 1375 	1411 	1412
f 1377 	1376 	1413
f 1376 	1412 	1413
f 1378 	1377 	1414
f 1377 	1413 	1414
f 1379 	1378 	1415
f 1378 	1414 	1415
f 1380 	1379 	1416
f 1379 	1415 	1416
f 1381 	1380 	1417
f 1380 	1416 	1417
f 1382 	1381 	1418
f 1381 	1417 	1418
f 1383 	1382 	1419
f 1382 	1418 	1419
f 1384 	1383 	1420
f 1383 	1419 	1420
f 1385 	1384 	1421
f 1384 	1420 	1421
f 1386 	1385 	1422
f 1385 	1421 	1422
f 1387 	1386 	1423
f 1386 	1422 	1423
f 1388 	1387 	1424
f 1387 	1423 	1424
f 1389 	1388 	1425
f 1388 	1424 	1425
f 1390 	1389 	1426
f 1389 	1425 	1426
f 1391 	1390 	1427
f 1390 	1426 	1427
f 1392 	1391 	1428
f 1391 	1427 	1428
f 1393 	1392 	1429
f 1392 	1428 	1429
f 1394 	1393 	1430
f 1393 	1429 	1430
f 1395 	1394 	1431
f 1394 	1430 	1431
f 1396 	1395 	1432
f 1395 	1431 	1432
f 1397 	1396 	1433
f 1396 	1432 	1433
f 1398 	1397 	1434
f 1397 	1433 	1434
f 1399 	1398 	1435
f 1398 	1434 	1435
f 1400 	1399 	1436
f 1399 	1435 	1436
f 1401 	1400 	1437
f 1400 	1436 	1437
f 1402 	1401 	1438
f 1401 	1437 	1438
f 1403 	1402 	1439
f 1402 	1438 	1439
f 1404 	1403 	1440
f 1403 	1439 	1440
f 1405 	1404 	1441
f 1404 	1440 	1441
f 1406 	1405 	1442
f 1405 	1441 	1442
f 1407 	1406 	1443
f 1406 	1442 	1443
f 1408 	1407 	1444
f 1407 	1443 	1444
f 1409 	1408 	1445
f 1408 	1444 	1445
f 1374 	1409 	1410
f 1409 	1445 	1410
f 1411 	1410 	1447
f 1410 	1446 	1447
f 1412 	1411 	1448
f 1411 	1447 	1448
f 1413 	1412 	1449
f 1412 	1448 	1449
f 1414 	1413 	1450
f 1413 	1449 	1450
f 1415 	1414 	1451
f 1414 	1450 	1451
f 1416 	1415 	1452
f 1415 	1451 	1452
f 1417 	1416 	1453
f 1416 	1452 	1453
f 1418 	1417 	1454
f 1417 	1453 	1454
f 1419 	1418 	1455
f 1418 	1454 	1455
f 1420 	1419 	1456
f 1419 	1455 	1456
f 1421 	1420 	1457
f 1420 	1456 	1457
f 1422 	1421 	1458
f 1421 	1457 	1458
f 1423 	1422 	1459
f 1422 	1458 	1459
f 1424 	1423 	1460
f 1423 	1459 	1460
f 1425 	1424 	1461
f 1424 	1460 	1461
f 1426 	1425 	1462
f 1425 	1461 	1462
f 1427 	1426 	1463
f 1426 	1462 	1463
f 1428 	1427 	1464
f 1427 	1463 	1464
f 1429 	1428 	1465
f 1428 	1464 	1465
f 1430 	1429 	1466
f 1429 	1465 	1466
f 1431 	1430 	1467
f 1430 	1466 	1467
f 1432 	1431 	1468
f 1431 	1467 	1468
f 1433 	1432 	1469
f 1432 	1468 	1469
f 1434 	1433 	1470
f 1433 	1469 	1470
f 1435 	1434 	1471
f 1434 	1470 	1471
f 1436 	1435 	1472
f 1435 	1471 	1472
f 1437 	1436 	1473
f 1436 	1472 	1473
f 1438 	1437 	1474
f 1437 	1473 	1474
f 1439 	1438 	1475
f 1438 	1474 	1475
f 1440 	1439 	1476
f 1439 	1475 	1476
f 1441 	1440 	1477
f 1440 	1476 	1477
f 1442 	1441 	1478
f 1441 	1477 	1478
f 1443 	1442 	1479
f 1442 	1478 	1479
f 1444 	1443 	1480
f 1443 	1479 	1480
f 1445 	1444 	1481
f 1444 	1480 	1481
f 1410 	1445 	1446
f 1445 	1481 	1446
f 1447 	1446 	1483
f 1446 	1482 	1483
f 1448 	1447 	1484
f 1447 	1483 	1484
f 1449 	1448 	1485
f 1448 	1484 	1485
f 1450 	1449 	1486
f 1449 	1485 	1486
f 1451 	1450 	1487
f 1450 	1486 	1487
f 1452 	1451 	1488
f 1451 	1487 	1488
f 1453 	1452 	1489
f 1452 	1488 	1489
f 1454 	1453 	1490
f 1453 	1489 	1490
f 1455 	1454 	1491
f 1454 	1490 	1491
f 1456 	1455 	1492
f 1455 	1491 	1492
f 1457 	1456 	1493
f 1456 	1492 	1493
f 1458 	1457 	1494
f 1457 	1493 	1494
f 1459 	1458 	1495
f 1458 	1494 	1495
f 1460 	1459 	1496
f 1459 	1495 	1496
f 1461 	1460 	1497
f 1460 	1496 	1497
f 1462 	1461 	1498
f 1461 	1497 	1498
f 1463 	1462 	1499
f 1462 	1498 	1499
f 1464 	1463 	1500
f 1463 	1499 	1500
f 1465 	1464 	1501
f 1464 	1500 	1501
f 1466 	1465 	1502
f 1465 	1501 	1502
f 1467 	1466 	1503
f 1466 	1502 	1503
f 1468 	1467 	1504
f 1467 	1503 	1504
f 1469 	1468 	1505
f 1468 	1504 	1505
f 1470 	1469 	1506
f 1469 	1505 	1506
f 1471 	1470 	1507
f 1470 	1506 	1507
f 1472 	1471 	1508
f 1471 	1507 	1508
f 1473 	1472 	1509
f 1472 	1508 	1509
f 1474 	1473 	1510
f 1473 	1509 	1510
f 1475 	1474 	1511
f 1474 	1510 	1511
f 1476 	1475 	1512
f 1475 	1511 	1512
f 1477 	1476 	1513
f 1476 	1512 	1513
f 1478 	1477 	1514
f 1477 	1513 	1514
f 1479 	1478 	1515
f 1478 	1514 	1515
f 1480 	1479 	1516
f 1479 	1515 	1516
f 1481 	1480 	1517
f 1480 	1516 	1517
f 1446 	1481 	1482
f 1481 	1517 	1482
f 1483 	1482 	1519
f 1482 	1518 	1519
f 1484 	1483 	1520
f 1483 	1519 	1520
f 1485 	1484 	1521
f 1484 	1520 	1521
f 1486 	1485 	1522
f 1485 	1521 	1522
f 1487 	1486 	1523
f 1486 	1522 	1523
f 1488 	1487 	1524
f 1487 	1523 	1524
f 1489 	1488 	1525
f 1488 	1524 	1525
f 1490 	1489 	1526
f 1489 	1525 	1526
f 1491 	1490 	1527
f 1490 	1526 	1527
f 1492 	1491 	1528
f 1491 	1527 	1528
f 1493 	1492 	1529
f 1492 	1528 	1529
f 1494 	1493 	1530
f 1493 	1529 	1530
f 1495 	1494 	1531
f 1494 	1530 	1531
f 1496 	1495 	1532
f 1495 	1531 	1532
f 1497 	1496 	1533
f 1496 	1532 	1533
f 1498 	1497 	1534
f 1497 	1533 	1534
f 1499 	1498 	1535
f 1498 	1534 	1535
f 1500 	1499 	1536
f 1499 	1535 	1536
f 1501 	1500 	1537
f 1500 	1536 	1537
f 1502 	1501 	1538
f 1501 	1537 	1538
f 1503 	1502 	1539
f 1502 	1538 	1539
f 1504 	1503 	1540
f 1503 	1539 	1540
f 1505 	1504 	1541
f 1504 	1540 	1541
f 1506 	1505 	1542
f 1505 	1541 	1542
f 1507 	1506 	1543
f 1506 	1542 	1543
f 1508 	1507 	1544
f 1507 	1543 	1544
f 1509 	1508 	1545
f 1508 	1544 	1545
f 1510 	1509 	1546
f 1509 	1545 	1546
f 1511 	1510 	1547
f 1510 	1546 	1547
f 1512 	1511 	1548
f 1511 	1547 	1548
f 1513 	1512 	1549
f 1512 	1548 	1549
f 1514 	1513 	1550
f 1513 	1549 	1550
f 1515 	1514 	1551
f 1514 	1550 	1551
f 1516 	1515 	1552
f 1515 	1551 	1552
f 1517 	1516 	1553
f 1516 	1552 	1553
f 1482 	1517 	1518
f 1517 	1553 	1518
f 1519 	1518 	1555
f 1518 	1554 	1555
f 1520 	1519 	1556
f 1519 	1555 	1556
f 1521 	1520 	1557
f 1520 	1556 	1557
f 1522 	1521 	1558
f 1521 	1557 	1558
f 1523 	1522 	1559
f 1522 	1558 	1559
f 1524 	1523 	1560
f 1523 	1559 	1560
f 1525 	1524 	1561
f 1524 	1560 	1561
f 1526 	1525 	1562
f 1525 	1561 	1562
f 1527 	1526 	1563
f 1526 	1562 	1563
f 1528 	1527 	1564
f 1527 	1563 	1564
f 1529 	1528 	1565
f 1528 	1564 	1565
f 1530 	1529 	1566
f 1529 	1565 	1566
f 1531 	1530 	1567
f 1530 	1566 	1567
f 1532 	1531 	1568
f 1531 	1567 	1568
f 1533 	1532 	1569
f 1532 	1568 	1569
f 1534 	1533 	1570
f 1533 	1569 	1570
f 1535 	1534 	1571
f 1534 	1570 	1571
f 1536 	1535 	1572
f 1535 	1571 	1572
f 1537 	1536 	1573
f 1536 	1572 	1573
f 1538 	1537 	1574
f 1537 	1573 	1574
f 1539 	1538 	1575
f 1538 	1574 	1575
f 1540 	1539 	1576
f 1539 	1575 	1576
f 1541 	1540 	1577
f 1540 	1576 	1577
f 1542 	1541 	1578
f 1541 	1577 	1578
f 1543 	1542 	1579
f 1542 	1578 	1579
f 1544 	1543 	1580
f 1543 	1579 	1580
f 1545 	1544 	1581
f 1544 	1580 	1581
f 1546 	1545 	1582
f 1545 	1581 	1582
f 1547 	1546 	1583
f 1546 	1582 	1583
f 1548 	1547 	1584
f 1547 	1583 	1584
f 1549 	1548 	1585
f 1548 	1584 	1585
f 1550 	1549 	1586
f 1549 	1585 	1586
f 1551 	1550 	1587
f 1550 	1586 	1587
f 1552 	1551 	1588
f 1551 	1587 	1588
f 1553 	1552 	1589
f 1552 	1588 	1589
f 1518 	1553 	1554
f 1553 	1589 	1554
f 1555 	1554 	1591
f 1554 	1590 	1591
f 1556 	1555 	1592
f 1555 	1591 	1592
f 1557 	1556 	1593
f 1556 	1592 	1593
f 1558 	1557 	1594
f 1557 	1593 	1594
f 1559 	1558 	1595
f 1558 	1594 	1595
f 1560 	1559 	1596
f 1559 	1595 	1596
f 1561 	1560 	1597
f 1560 	1596 	1597
f 1562 	1561 	1598
f 1561 	1597 	1598
f 1563 	1562 	1599
f 1562 	1598 	1599
f 1564 	1563 	1600
f 1563 	1599 	1600
f 1565 	1564 	1601
f 1564 	1600 	1601
f 1566 	1565 	1602
f 1565 	1601 	1602
f 1567 	1566 	1603
f 1566 	1602 	1603
f 1568 	1567 	1604
f 1567 	1603 	1604
f 1569 	1568 	1605
f 1568 	1604 	1605
f 1570 	1569 	1606
f 1569 	1605 	1606
f 1571 	1570 	1607
f 1570 	1606 	1607
f 1572 	1571 	1608
f 1571 	1607 	1608
f 1573 	1572 	1609
f 1572 	1608 	1609
f 1574 	1573 	1610
f 1573 	1609 	1610
f 1575 	1574 	1611
f 1574 	1610 	1611
f 1576 	1575 	1612
f 1575 	1611 	1612
f 1577 	1576 	1613
f 1576 	1612 	1613
f 1578 	1577 	1614
f 1577 	1613 	1614
f 1579 	1578 	1615
f 1578 	1614 	1615
f 1580 	1579 	1616
f 1579 	1615 	1616
f 1581 	1580 	1617
f 1580 	1616 	1617
f 1582 	1581 	1618
f 1581 	1617 	1618
f 1583 	1582 	1619
f 1582 	1618 	1619
f 1584 	1583 	1620
f 1583 	1619 	1620
f 1585 	1584 	1621
f 1584 	1620 	1621
f 1586 	1585 	1622
f 1585 	1621 	1622
f 1587 	1586 	1623
f 1586 	1622 	1623
f 1588 	1587 	1624
f 1587 	1623 	1624
f 1589 	1588 	1625
f 1588 	1624 	1625
f 1554 	1589 	1590
f 1589 	1625 	1590
f 1591 	1590 	1627
f 1590 	1626 	1627
f 1592 	1591 	1628
f 1591 	1627 	1628
f 1593 	1592 	1629
f 1592 	1628 	1629
f 1594 	1593 	1630
f 1593 	1629 	1630
f 1595 	1594 	1631
f 1594 	1630 	1631
f 1596 	1595 	1632
f 1595 	1631 	1632
f 1597 	1596 	1633
f 1596 	1632 	1633
f 1598 	1597 	1634
f 1597 	1633 	1634
f 1599 	1598 	1635
f 1598 	1634 	1635
f 1600 	1599 	1636
f 1599 	1635 	1636
f 1601 	1600 	1637
f 1600 	1636 	1637
f 1602 	1601 	1638
f 1601 	1637 	1638
f 1603 	1602 	1639
f 1602 	1638 	1639
f 1604 	1603 	1640
f 1603 	1639 	1640
f 1605 	1604 	1641
f 1604 	1640 	1641
f 1606 	1605 	1642
f 1605 	1641 	1642
f 1607 	1606 	1643
f 1606 	1642 	1643
f 1608 	1607 	1644
f 1607 	1643 	1644
f 1609 	1608 	1645
f 1608 	1644 	1645
f 1610 	1609 	1646
f 1609 	1645 	1646
f 1611 	1610 	1647
f 1610 	1646 	1647
f 1612 	1611 	1648
f 1611 	1647 	1648
f 1613 	1612 	1649
f 1612 	1648 	1649
f 1614 	1613 	1650
f 1613 	1649 	1650
f 1615 	1614 	1651
f 1614 	1650 	1651
f 1616 	1615 	1652
f 1615 	1651 	1652
f 1617 	1616 	1653
f 1616 	1652 	1653
f 1618 	1617 	1654
f 1617 	1653 	1654
f 1619 	1618 	1655
f 1618 	1654 	1655
f 1620 	1619 	1656
f 1619 	1655 	1656
f 1621 	1620 	1657
f 1620 	1656 	1657
f 1622 	1621 	1658
f 1621 	1657 	1658
f 1623 	1622 	1659
f 1622 	1658 	1659
f 1624 	1623 	1660
f 1623 	1659 	1660
f 1625 	1624 	1661
f 1624 	1660 	1661
f 1590 	1625 	1626
f 1625 	1661 	1626
f 1627 	1626 	1663
f 1626 	1662 	1663
f 1628 	1627 	1664
f 1627 	1663 	1664
f 1629 	1628 	1665
f 1628 	1664 	1665
f 1630 	1629 	1666
f 1629 	1665 	1666
f 1631 	1630 	1667
f 1630 	1666 	1667
f 1632 	1631 	1668
f 1631 	1667 	1668
f 1633 	1632 	1669
f 1632 	1668 	1669
f 1634 	1633 	1670
f 1633 	1669 	1670
f 1635 	1634 	1671
f 1634 	1670 	1671
f 1636 	1635 	1672
f 1635 	1671 	1672
f 1637 	1636 	1673
f 1636 	1672 	1673
f 1638 	1637 	1674
f 1637 	1673 	1674
f 1639 	1638 	1675
f 1638 	1674 	1675
f 1640 	1639 	1676
f 1639 	1675 	1676
f 1641 	1640 	1677
f 1640 	1676 	1677
f 1642 	1641 	1678
f 1641 	1677 	1678
f 1643 	1642 	1679
f 1642 	1678 	1679
f 1644 	1643 	1680
f 1643 	1679 	1680
f 1645 	1644 	1681
f 1644 	1680 	1681
f 1646 	1645 	1682
f 1645 	1681 	1682
f 1647 	1646 	1683
f 1646 	1682 	1683
f 1648 	1647 	1684
f 1647 	1683 	1684
f 1649 	1648 	1685
f 1648 	1684 	1685
f 1650 	1649 	1686
f 1649 	1685 	1686
f 1651 	1650 	1687
f 1650 	1686 	1687
f 1652 	1651 	1688
f 1651 	1687 	1688
f 1653 	1652 	1689
f 1652 	1688 	1689
f 1654 	1653 	1690
f 1653 	1689 	1690
f 1655 	1654 	1691
f 1654 	1690 	1691
f 1656 	1655 	1692
f 1655 	1691 	1692
f 1657 	1656 	1693
f 1656 	1692 	1693
f 1658 	1657 	1694
f 1657 	1693 	1694
f 1659 	1658 	1695
f 1658 	1694 	1695
f 1660 	1659 	1696
f 1659 	1695 	1696
f 1661 	1660 	1697
f 1660 	1696 	1697
f 1626 	1661 	1662
f 1661 	1697 	1662
f 1663 	1662 	1699
f 1662 	1698 	1699
f 1664 	1663 	1700
f 1663 	1699 	1700
f 1665 	1664 	1701
f 1664 	1700 	1701
f 1666 	1665 	1702
f 1665 	1701 	1702
f 1667 	1666 	1703
f 1666 	1702 	1703
f 1668 	1667 	1704
f 1667 	1703 	1704
f 1669 	1668 	1705
f 1668 	1704 	1705
f 1670 	1669 	1706
f 1669 	1705 	1706
f 1671 	1670 	1707
f 1670 	1706 	1707
f 1672 	1671 	1708
f 1671 	1707 	1708
f 1673 	1672 	1709
f 1672 	1708 	1709
f 1674 	1673 	1710
f 1673 	1709 	1710
f 1675 	1674 	1711
f 1674 	1710 	1711
f 1676 	1675 	1712
f 1675 	1711 	1712
f 1677 	1676 	1713
f 1676 	1712 	1713
f 1678 	1677 	1714
f 1677 	1713 	1714
f 1679 	1678 	1715
f 1678 	1714 	1715
f 1680 	1679 	1716
f 1679 	1715 	1716
f 1681 	1680 	1717
f 1680 	1716 	1717
f 1682 	1681 	1718
f 1681 	1717 	1718
f 1683 	1682 	1719
f 1682 	1718 	1719
f 1684 	1683 	1720
f 1683 	1719 	1720
f 1685 	1684 	1721
f 1684 	1720 	1721
f 1686 	1685 	1722
f 1685 	1721 	1722
f 1687 	1686 	1723
f 1686 	1722 	1723
f 1688 	1687 	1724
f 1687 	1723 	1724
f 1689 	1688 	1725
f 1688 	1724 	1725
f 1690 	1689 	1726
f 1689 	1725 	1726
f 1691 	1690 	1727
f 1690 	1726 	1727
f 1692 	1691 	1728
f 1691 	1727 	1728
f 1693 	1692 	1729
f 1692 	1728 	1729
f 1694 	1693 	1730
f 1693 	1729 	1730
f 1695 	1694 	1731
f 1694 	1730 	1731
f 1696 	1695 	1732
f 1695 	1731 	1732
f 1697 	1696 	1733
f 1696 	1732 	1733
f 1662 	1697 	1698
f 1697 	1733 	1698
f 1699 	1698 	1735
f 1698 	1734 	1735
f 1700 	1699 	1736
f 1699 	1735 	1736
f 1701 	1700 	1737
f 1700 	1736 	1737
f 1702 	1701 	1738
f 1701 	1737 	1738
f 1703 	1702 	1739
f 1702 	1738 	1739
f 1704 	1703 	1740
f 1703 	1739 	1740
f 1705 	1704 	1741
f 1704 	1740 	1741
f 1706 	1705 	1742
f 1705 	1741 	1742
f 1707 	1706 	1743
f 1706 	1742 	1743
f 1708 	1707 	1744
f 1707 	1743 	1744
f 1709 	1708 	1745
f 1708 	1744 	1745
f 1710 	1709 	1746
f 1709 	1745 	1746
f 1711 	1710 	1747
f 1710 	1746 	1747
f 1712 	1711 	1748
f 1711 	1747 	1748
f 1713 	1712 	1749
f 1712 	1748 	1749
f 1714 	1713 	1750
f 1713 	1749 	1750
f 1715 	1714 	1751
f 1714 	1750 	1751
f 1716 	1715 	1752
f 1715 	1751 	1752
f 1717 	1716 	1753
f 1716 	1752 	1753
f 1718 	1717 	1754
f 1717 	1753 	1754
f 1719 	1718 	1755
f 1718 	1754 	1755
f 1720 	1719 	1756
f 1719 	1755 	1756
f 1721 	1720 	1757
f 1720 	1756 	1757
f 1722 	1721 	1758
f 1721 	1757 	1758
f 1723 	1722 	1759
f 1722 	1758 	1759
f 1724 	1723 	1760
f 1723 	1759 	1760
f 1725 	1724 	1761
f 1724 	1760 	1761
f 1726 	1725 	1762
f 1725 	1761 	1762
f 1727 	1726 	1763
f 1726 	1762 	1763
f 1728 	1727 	1764
f 1727 	1763 	1764
f 1729 	1728 	1765
f 1728 	1764 	1765
f 1730 	1729 	1766
f 1729 	1765 	1766
f 1731 	1730 	1767
f 1730 	1766 	1767
f 1732 	1731 	1768
f 1731 	1767 	1768
f 1733 	1732 	1769
f 1732 	1768 	1769
f 1698 	1733 	1734
f 1733 	1769 	1734
f 1735 	1734 	1771
f 1734 	1770 	1771
f 1736 	1735 	1772
f 1735 	1771 	1772
f 1737 	1736 	1773
f 1736 	1772 	1773
f 1738 	1737 	1774
f 1737 	1773 	1774
f 1739 	1738 	1775
f 1738 	1774 	1775
f 1740 	1739 	1776
f 1739 	1775 	1776
f 1741 	1740 	1777
f 1740 	1776 	1777
f 1742 	1741 	1778
f 1741 	1777 	1778
f 1743 	1742 	1779
f 1742 	1778 	1779
f 1744 	1743 	1780
f 1743 	1779 	1780
f 1745 	1744 	1781
f 1744 	1780 	1781
f 1746 	1745 	1782
f 1745 	1781 	1782
f 1747 	1746 	1783
f 1746 	1782 	1783
f 1748 	1747 	1784
f 1747 	1783 	1784
f 1749 	1748 	1785
f 1748 	1784 	1785
f 1750 	1749 	1786
f 1749 	1785 	1786
f 1751 	1750 	1787
f 1750 	1786 	1787
f 1752 	1751 	1788
f 1751 	1787 	1788
f 1753 	1752 	1789
f 1752 	1788 	1789
f 1754 	1753 	1790
f 1753 	1789 	1790
f 1755 	1754 	1791
f 1754 	1790 	1791
f 1756 	1755 	1792
f 1755 	1791 	1792
f 1757 	1756 	1793
f 1756 	1792 	1793
f 1758 	1757 	1794
f 1757 	1793 	1794
f 1759 	1758 	1795
f 1758 	1794 	1795
f 1760 	1759 	1796
f 1759 	1795 	1796
f 1761 	1760 	1797
f 1760 	1796 	1797
f 1762 	1761 	1798
f 1761 	1797 	1798
f 1763 	1762 	1799
f 1762 	1798 	1799
f 1764 	1763 	1800
f 1763 	1799 	1800
f 1765 	1764 	1801
f 1764 	1800 	1801
f 1766 	1765 	1802
f 1765 	1801 	1802
f 1767 	1766 	1803
f 1766 	1802 	1803
f 1768 	1767 	1804
f 1767 	1803 	1804
f 1769 	1768 	1805
f 1768 	1804 	1805
f 1734 	1769 	1770
f 1769 	1805 	1770
f 1771 	1770 	1807
f 1770 	1806 	1807
f 1772 	1771 	1808
f 1771 	1807 	1808
f 1773 	1772 	1809
f 1772 	1808 	1809
f 1774 	1773 	1810
f 1773 	1809 	1810
f 1775 	1774 	1811
f 1774 	1810 	1811
f 1776 	1775 	1812
f 1775 	1811 	1812
f 1777 	1776 	1813
f 1776 	1812 	1813
f 1778 	1777 	1814
f 1777 	1813 	1814
f 1779 	1778 	1815
f 1778 	1814 	1815
f 1780 	1779 	1816
f 1779 	1815 	1816
f 1781 	1780 	1817
f 1780 	1816 	1817
f 1782 	1781 	1818
f 1781 	1817 	1818
f 1783 	1782 	1819
f 1782 	1818 	1819
f 1784 	1783 	1820
f 1783 	1819 	1820
f 1785 	1784 	1821
f 1784 	1820 	1821
f 1786 	1785 	1822
f 1785 	1821 	1822
f 1787 	1786 	1823
f 1786 	1822 	1823
f 1788 	1787 	1824
f 1787 	1823 	1824
f 1789 	1788 	1825
f 1788 	1824 	1825
f 1790 	1789 	1826
f 1789 	1825 	1826
f 1791 	1790 	1827
f 1790 	1826 	1827
f 1792 	1791 	1828
f 1791 	1827 	1828
f 1793 	1792 	1829
f 1792 	1828 	1829
f 1794 	1793 	1830
f 1793 	1829 	1830
f 1795 	1794 	1831
f 1794 	1830 	1831
f 1796 	1795 	1832
f 1795 	1831 	1832
f 1797 	1796 	1833
f 1796 	1832 	1833
f 1798 	1797 	1834
f 1797 	1833 	1834
f 1799 	1798 	1835
f 1798 	1834 	1835
f 1800 	1799 	1836
f 1799 	1835 	1836
f 1801 	1800 	1837
f 1800 	1836 	1837
f 1802 	1801 	1838
f 1801 	1837 	1838
f 1803 	1802 	1839
f 1802 	1838 	1839
f 1804 	1803 	1840
f 1803 	1839 	1840
f 1805 	1804 	1841
f 1804 	1840 	1841
f 1770 	1805 	1806
f 1805 	1841 	1806
f 1807 	1806 	1843
f 1806 	1842 	1843
f 1808 	1807 	1844
f 1807 	1843 	1844
f 1809 	1808 	1845
f 1808 	1844 	1845
f 1810 	1809 	1846
f 1809 	1845 	1846
f 1811 	1810 	1847
f 1810 	1846 	1847
f 1812 	1811 	1848
f 1811 	1847 	1848
f 1813 	1812 	1849
f 1812 	1848 	1849
f 1814 	1813 	1850
f 1813 	1849 	1850
f 1815 	1814 	1851
f 1814 	1850 	1851
f 1816 	1815 	1852
f 1815 	1851 	1852
f 1817 	1816 	1853
f 1816 	1852 	1853
f 1818 	1817 	1854
f 1817 	1853 	1854
f 1819 	1818 	1855
f 1818 	1854 	1855
f 1820 	1819 	1856
f 1819 	1855 	1856
f 1821 	1820 	1857
f 1820 	1856 	1857
f 1822 	1821 	1858
f 1821 	1857 	1858
f 1823 	1822 	1859
f 1822 	1858 	1859
f 1824 	1823 	1860
f 1823 	1859 	1860
f 1825 	1824 	1861
f 1824 	1860 	1861
f 1826 	1825 	1862
f 1825 	1861 	1862
f 1827 	1826 	1863
f 1826 	1862 	1863
f 1828 	1827 	1864
f 1827 	1863 	1864
f 1829 	1828 	1865
f 1828 	1864 	1865
f 1830 	1829 	1866
f 1829 	1865 	1866
f 1831 	1830 	1867
f 1830 	1866 	1867
f 1832 	1831 	1868
f 1831 	1867 	1868
f 1833 	1832 	1869
f 1832 	1868 	1869
f 1834 	1833 	1870
f 1833 	1869 	1870
f 1835 	1834 	1871
f 1834 	1870 	1871
f 1836 	1835 	1872
f 1835 	1871 	1872
f 1837 	1836 	1873
f 1836 	1872 	1873
f 1838 	1837 	1874
f 1837 	1873 	1874
f 1839 	1838 	1875
f 1838 	1874 	1875
f 1840 	1839 	1876
f 1839 	1875 	1876
f 1841 	1840 	1877
f 1840 	1876 	1877
f 1806 	1841 	1842
f 1841 	1877 	1842
f 1843 	1842 	1879
f 1842 	1878 	1879
f 1844 	1843 	1880
f 1843 	1879 	1880
f 1845 	1844 	1881
f 1844 	1880 	1881
f 1846 	1845 	1882
f 1845 	1881 	1882
f 1847 	1846 	1883
f 1846 	1882 	1883
f 1848 	1847 	1884
f 1847 	1883 	1884
f 1849 	1848 	1885
f 1848 	1884 	1885
f 1850 	1849 	1886
f 1849 	1885 	1886
f 1851 	1850 	1887
f 1850 	1886 	1887
f 1852 	1851 	1888
f 1851 	1887 	1888
f 1853 	1852 	1889
f 1852 	1888 	1889
f 1854 	1853 	1890
f 1853 	1889 	1890
f 1855 	1854 	1891
f 1854 	1890 	1891
f 1856 	1855 	1892
f 1855 	1891 	1892
f 1857 	1856 	1893
f 1856 	1892 	1893
f 1858 	1857 	1894
f 1857 	1893 	1894
f 1859 	1858 	1895
f 1858 	1894 	1895
f 1860 	1859 	1896
f 1859 	1895 	1896
f 1861 	1860 	1897
f 1860 	1896 	1897
f 1862 	1861 	1898
f 1861 	1897 	1898
f 1863 	1862 	1899
f 1862 	1898 	1899
f 1864 	1863 	1900
f 1863 	1899 	1900
f 1865 	1864 	1901
f 1864 	1900 	1901
f 1866 	1865 	1902
f 1865 	1901 	1902
f 1867 	1866 	1903
f 1866 	1902 	1903
f 1868 	1867 	1904
f 1867 	1903 	1904
f 1869 	1868 	1905
f 1868 	1904 	1905
f 1870 	1869 	1906
f 1869 	1905 	1906
f 1871 	1870 	1907
f 1870 	1906 	1907
f 1872 	1871 	1908
f 1871 	1907 	1908
f 1873 	1872 	1909
f 1872 	1908 	1909
f 1874 	1873 	1910
f 1873 	1909 	1910
f 1875 	1874 	1911
f 1874 	1910 	1911
f 1876 	1875 	1912
f 1875 	1911 	1912
f 1877 	1876 	1913
f 1876 	1912 	1913
f 1842 	1877 	1878
f 1877 	1913 	1878
f 1879 	1878 	1915
f 1878 	1914 	1915
f 1880 	1879 	1916
f 1879 	1915 	1916
f 1881 	1880 	1917
f 1880 	1916 	1917
f 1882 	1881 	1918
f 1881 	1917 	1918
f 1883 	1882 	1919
f 1882 	1918 	1919
f 1884 	1883 	1920
f 1883 	1919 	1920
f 1885 	1884 	1921
f 1884 	1920 	1921
f 1886 	1885 	1922
f 1885 	1921 	1922
f 1887 	1886 	1923
f 1886 	1922 	1923
f 1888 	1887 	1924
f 1887 	1923 	1924
f 1889 	1888 	1925
f 1888 	1924 	1925
f 1890 	1889 	1926
f 1889 	1925 	1926
f 1891 	1890 	1927
f 1890 	1926 	1927
f 1892 	1891 	1928
f 1891 	1927 	1928
f 1893 	1892 	1929
f 1892 	1928 	1929
f 1894 	1893 	1930
f 1893 	1929 	1930
f 1895 	1894 	1931
f 1894 	1930 	1931
f 1896 	1895 	1932
f 1895 	1931 	1932
f 1897 	1896 	1933
f 1896 	1932 	1933
f 1898 	1897 	1934
f 1897 	1933 	1934
f 1899 	1898 	1935
f 1898 	1934 	1935
f 1900 	1899 	1936
f 1899 	1935 	1936
f 1901 	1900 	1937
f 1900 	1936 	1937
f 1902 	1901 	1938
f 1901 	1937 	1938
f 1903 	1902 	1939
f 1902 	1938 	1939
f 1904 	1903 	1940
f 1903 	1939 	1940
f 1905 	1904 	1941
f 1904 	1940 	1941
f 1906 	1905 	1942
f 1905 	1941 	1942
f 1907 	1906 	1943
f 1906 	1942 	1943
f 1908 	1907 	1944
f 1907 	1943 	1944
f 1909 	1908 	1945
f 1908 	1944 	1945
f 1910 	1909 	1946
f 1909 	1945 	1946
f 1911 	1910 	1947
f 1910 	1946 	1947
f 1912 	1911 	1948
f 1911 	1947 	1948
f 1913 	1912 	1949
f 1912 	1948 	1949
f 1878 	1913 	1914
f 1913 	1949 	1914
f 1915 	1914 	1950
f 1916 	1915 	1950
f 1917 	1916 	1950
f 1918 	1917 	1950
f 1919 	1918 	1950
f 1920 	1919 	1950
f 1921 	1920 	1950
f 1922 	1921 	1950
f 1923 	1922 	1950
f 1924 	1923 	1950
f 1925 	1924 	1950
f 1926 	1925 	1950
f 1927 	1926 	1950
f 1928 	1927 	1950
f 1929 	1928 	1950
f 1930 	1929 	1950
f 1931 	1930 	1950
f 1932 	1931 	1950
f 1933 	1932 	1950
f 1934 	1933 	1950
f 1935 	1934 	1950
f 1936 	1935 	1950
f 1937 	1936 	1950
f 1938 	1937 	1950
f 1939 	1938 	1950
f 1940 	1939 	1950
f 1941 	1940 	1950
f 1942 	1941 	1950
f 1943 	1942 	1950
f 1944 	1943 	1950
f 1945 	1944 	1950
f 1946 	1945 	1950
f 1947 	1946 	1950
f 1948 	1947 	1950
f 1949 	1948 	1950
f 1914 	1949 	1950
# 1296 faces

 #end of obj_2

o obj_3
v -47.0921 		10.8088 		8
v -47.174 		11.1296 		8
v -47.1171 		11.6761 		8
v -46.9276 		9.9332 		8
v -46.9439 		10.1251 		8
v -46.9432 		10.3801 		8
v -46.7029 		9.5261 		8
v -46.8214 		9.7314 		8
v -46.6988 		9.4923 		8
v -46.7014 		9.5105 		8
v -47.2409 		9.4182 		8
v -47.1193 		9.4547 		8
v -46.889 		9.462 		8
v -47.3758 		9.334 		8
v -47.3547 		9.3589 		8
v -47.8421 		9.67 		8
v -47.6443 		9.5205 		8
v -47.4019 		9.2992 		8
v -48.5211 		9.7019 		8
v -48.1792 		9.7138 		8
v -49.2001 		9.4387 		8
v -48.8624 		9.5848 		8
v -49.3917 		9.2951 		8
v -49.3019 		9.3781 		8
v -50.5987 		8.2039 		8
v -50.2569 		8.322 		8
v -50.0026 		8.3018 		8
v -51.0575 		7.9718 		8
v -50.9359 		8.0588 		8
v -51.2908 		7.5843 		8
v -51.1659 		7.8594 		8
v -51.6149 		7.1735 		8
v -51.538 		7.1942 		8
v -51.4371 		7.2188 		8
v -51.8503 		7.0379 		8
v -51.7376 		7.118 		8
v -52.0639 		6.5833 		8
v -51.9707 		6.8217 		8
v -52.0256 		6.0329 		8
v -52.0651 		6.3047 		8
v -51.8148 		5.6784 		8
v -51.9432 		5.8784 		8
v -52.5143 		5.5214 		8
v -52.1515 		5.4347 		8
v -52.0179 		5.3404 		8
v -53.2165 		5.355 		8
v -52.8743 		5.5543 		8
v -53.6764 		4.9549 		8
v -53.5478 		5.0997 		8
v -53.9019 		3.8844 		8
v -53.7778 		4.7806 		8
v -53.976 		2.9161 		8
v -54 		2.9474 		8
v -53.8751 		-0.5078 		8
v -53.9772 		-0.2104 		8
v -53.8844 		0.0745 		8
v -53.6911 		-0.9101 		8
v -53.7942 		-0.7229 		8
v -53.2656 		-1.2008 		8
v -53.5697 		-1.0659 		8
v -52.6313 		-1.3169 		8
v -52.951 		-1.2972 		8
v -52.0193 		-1.2827 		8
v -52.3103 		-1.3131 		8
v -51.6999 		-1.225 		8
v -51.7299 		-1.2333 		8
v -51.3137 		-2.2383 		8
v -51.5014 		-1.7762 		8
v -51.6661 		-1.2153 		8
v -50.3062 		-3.3151 		8
v -50.8284 		-2.8056 		8
v -49.5998 		-3.7139 		8
v -49.9584 		-3.5309 		8
v -48.9153 		-3.9692 		8
v -49.2592 		-3.8504 		8
v -48.1213 		-4.1367 		8
v -48.5192 		-4.0603 		8
v -47.3962 		-4.2183 		8
v -47.787 		-4.1795 		8
v -47.3965 		-4.4095 		8
v -47.3969 		-4.3176 		8
v -45.1638 		-4.3524 		8
v -45.1919 		-4.3335 		8
v -45.2092 		-4.3022 		8
v -44.3762 		-5.0484 		8
v -44.6059 		-4.8625 		8
v -44.8737 		-4.6133 		8
v -43.7336 		-5.3563 		8
v -44.1405 		-5.2134 		8
v -42.5596 		-5.8797 		8
v -42.8372 		-5.7718 		8
v -43.0808 		-5.6314 		8
v -41.8236 		-6 		8
v -42.2787 		-5.9632 		8
v -40.6071 		-5.7323 		8
v -41.3697 		-5.9871 		8
v -39.4542 		-5.176 		8
v -39.853 		-5.4208 		8
v -39.0285 		-4.7986 		8
v -39.0809 		-4.8705 		8
v -38.7742 		-4.6312 		8
v -38.8596 		-4.6645 		8
v -38.9676 		-4.7045 		8
v -38.1828 		-4.3042 		8
v -38.4723 		-4.484 		8
v -37.9364 		-3.8894 		8
v -38.0456 		-4.1122 		8
v -37.931 		-3.3311 		8
v -37.9169 		-3.6117 		8
v -38.0186 		-3.1281 		8
v -37.9626 		-3.242 		8
v -36.8302 		-4.3133 		8
v -37.6188 		-3.7379 		8
v -37.8236 		-3.3761 		8
v -35.215 		-5.5724 		8
v -35.625 		-5.236 		8
v -36.0309 		-4.8705 		8
v -34.6346 		-5.5883 		8
v -34.9271 		-5.612 		8
v -33.9829 		-5.2453 		8
v -34.3037 		-5.4397 		8
v -32.7618 		-4.0888 		8
v -33.3649 		-4.6848 		8
v -32.3074 		-3.4507 		8
v -32.5279 		-3.7802 		8
v -32.1705 		-3.1237 		8
v -32.2281 		-3.2934 		8
v -32.2033 		-2.1745 		8
v -32.1734 		-2.6502 		8
v -32.2243 		-2.0933 		8
v -32.2106 		-2.1392 		8
v -31.8748 		-2.0948 		8
v -32.037 		-2.1155 		8
v -31.5791 		-1.7518 		8
v -31.7131 		-1.9462 		8
v -31.5383 		-1.5268 		8
v -31.5576 		-1.6584 		8
v -30.2101 		-0.8904 		8
v -30.7846 		-1.1846 		8
v -29.2957 		-0.0609 		8
v -29.7381 		-0.5058 		8
v -29.0493 		0.5852 		8
v -29.1581 		0.2467 		8
v -29 		1.0558 		8
v -29.0103 		0.8197 		8
v -29.3066 		2.1086 		8
v -29.1381 		1.5887 		8
v -29.8816 		3.321 		8
v -29.5802 		2.7299 		8
v -30.7458 		5.0867 		8
v -30.7851 		4.8684 		8
v -30.8566 		4.7394 		8
v -30.8394 		5.8027 		8
v -30.7303 		5.3071 		8
v -31.2498 		6.9763 		8
v -30.9767 		6.2881 		8
v -32.2468 		8.9303 		8
v -31.5462 		7.6441 		8
v -33.0727 		10.3009 		8
v -32.9644 		10.1964 		8
v -32.743 		11.3475 		8
v -32.7837 		11.0738 		8
v -32.976 		10.7302 		8
v -32.9749 		12.297 		8
v -32.7454 		11.6242 		8
v -33.7496 		13.3659 		8
v -33.2601 		12.9163 		8
v -34.7393 		13.8435 		8
v -34.2786 		13.7299 		8
v -35.6337 		13.9199 		8
v -35.2095 		13.9053 		8
v -36.4869 		13.8813 		8
v -36.0583 		13.9133 		8
v -37.1917 		14.1287 		8
v -37.127 		14.009 		8
v -37.0498 		13.8289 		8
v -37.4874 		14.2403 		8
v -37.3358 		14.2116 		8
v -38.3248 		13.7052 		8
v -37.8984 		14.0104 		8
v -38.369 		13.8495 		8
v -38.3454 		13.7956 		8
v -39.3875 		14.671 		8
v -38.8661 		14.2823 		8
v -40.072 		14.9582 		8
v -39.7254 		14.84 		8
v -41.994 		14.9741 		8
v -41.0334 		15 		8
v -42.7003 		14.6391 		8
v -42.3508 		14.8301 		8
v -42.9303 		14.4238 		8
v -42.8223 		14.5436 		8
v -43.2096 		13.6421 		8
v -43.0861 		14.0441 		8
v -44.5969 		13.1 		8
v -44.3814 		13.0439 		8
v -43.774 		12.7497 		8
v -45.1374 		13.155 		8
v -44.814 		13.1396 		8
v -45.7356 		13.0728 		8
v -45.4601 		13.1476 		8
v -46.3735 		12.7739 		8
v -46.0077 		12.9721 		8
v -46.8744 		12.3976 		8
v -46.7305 		12.5494 		8
v -46.9933 		12.2144 		8
v -49.7696 		8.322 		8
v -51.9051 		5.2911 		8
v -53.8326 		0.2901 		8
v -47.236 		-4.2325 		8
v -45.2247 		-4.2802 		8
v -45.1425 		-4.368 		8
v -43.3246 		-5.4926 		8
v -38.0131 		-3.1237 		8
v -30.9001 		4.6211 		8
v -33.1506 		10.4038 		8
v -43.1995 		13.0487 		8
v -53.9585 		2.8903 		8
v -30.4004 		3.9781 		8
v -43.2315 		12.5733 		8
v -49.5743 		8.7878 		8
v -53.8026 		1.1105 		8
v -53.9101 		2.7374 		8
v -53.8107 		1.9411 		8
v -47.1138 		-4.1127 		8
v -45.4859 		-4.0849 		8
v -51.861 		5.4385 		8
v -53.8764 		2.5713 		8
v -53.8372 		2.2575 		8
v -46.8506 		-3.9478 		8
v -46.5772 		-3.8336 		8
v -45.7668 		-3.9373 		8
v -38.0158 		-3.1259 		8
v -46.1713 		-3.8583 		8
v -47.1171 		11.6761 		9
v -47.174 		11.1296 		9
v -47.0921 		10.8088 		9
v -46.9432 		10.3801 		9
v -46.9439 		10.1251 		9
v -46.9276 		9.9332 		9
v -46.8214 		9.7314 		9
v -46.7029 		9.5261 		9
v -46.7014 		9.5105 		9
v -46.6988 		9.4923 		9
v -46.889 		9.462 		9
v -47.1193 		9.4547 		9
v -47.2409 		9.4182 		9
v -47.3547 		9.3589 		9
v -47.3758 		9.334 		9
v -47.4019 		9.2992 		9
v -47.6443 		9.5205 		9
v -47.8421 		9.67 		9
v -48.1792 		9.7138 		9
v -48.5211 		9.7019 		9
v -48.8624 		9.5848 		9
v -49.2001 		9.4387 		9
v -49.3019 		9.3781 		9
v -49.3917 		9.2951 		9
v -50.0026 		8.3018 		9
v -50.2569 		8.322 		9
v -50.5987 		8.2039 		9
v -50.9359 		8.0588 		9
v -51.0575 		7.9718 		9
v -51.1659 		7.8594 		9
v -51.2908 		7.5843 		9
v -51.4371 		7.2188 		9
v -51.538 		7.1942 		9
v -51.6149 		7.1735 		9
v -51.7376 		7.118 		9
v -51.8503 		7.0379 		9
v -51.9707 		6.8217 		9
v -52.0639 		6.5833 		9
v -52.0651 		6.3047 		9
v -52.0256 		6.0329 		9
v -51.9432 		5.8784 		9
v -51.8148 		5.6784 		9
v -52.0179 		5.3404 		9
v -52.1515 		5.4347 		9
v -52.5143 		5.5214 		9
v -52.8743 		5.5543 		9
v -53.2165 		5.355 		9
v -53.5478 		5.0997 		9
v -53.6764 		4.9549 		9
v -53.7778 		4.7806 		9
v -53.9019 		3.8844 		9
v -54 		2.9474 		9
v -53.976 		2.9161 		9
v -53.8844 		0.0745 		9
v -53.9772 		-0.2104 		9
v -53.8751 		-0.5078 		9
v -53.7942 		-0.7229 		9
v -53.6911 		-0.9101 		9
v -53.5697 		-1.0659 		9
v -53.2656 		-1.2008 		9
v -52.951 		-1.2972 		9
v -52.6313 		-1.3169 		9
v -52.3103 		-1.3131 		9
v -52.0193 		-1.2827 		9
v -51.7299 		-1.2333 		9
v -51.6999 		-1.225 		9
v -51.6661 		-1.2153 		9
v -51.5014 		-1.7762 		9
v -51.3137 		-2.2383 		9
v -50.8284 		-2.8056 		9
v -50.3062 		-3.3151 		9
v -49.9584 		-3.5309 		9
v -49.5998 		-3.7139 		9
v -49.2592 		-3.8504 		9
v -48.9153 		-3.9692 		9
v -48.5192 		-4.0603 		9
v -48.1213 		-4.1367 		9
v -47.787 		-4.1795 		9
v -47.3962 		-4.2183 		9
v -47.3969 		-4.3176 		9
v -47.3965 		-4.4095 		9
v -45.2092 		-4.3022 		9
v -45.1919 		-4.3335 		9
v -45.1638 		-4.3524 		9
v -44.8737 		-4.6133 		9
v -44.6059 		-4.8625 		9
v -44.3762 		-5.0484 		9
v -44.1405 		-5.2134 		9
v -43.7336 		-5.3563 		9
v -43.0808 		-5.6314 		9
v -42.8372 		-5.7718 		9
v -42.5596 		-5.8797 		9
v -42.2787 		-5.9632 		9
v -41.8236 		-6 		9
v -41.3697 		-5.9871 		9
v -40.6071 		-5.7323 		9
v -39.853 		-5.4208 		9
v -39.4542 		-5.176 		9
v -39.0809 		-4.8705 		9
v -39.0285 		-4.7986 		9
v -38.9676 		-4.7045 		9
v -38.8596 		-4.6645 		9
v -38.7742 		-4.6312 		9
v -38.4723 		-4.484 		9
v -38.1828 		-4.3042 		9
v -38.0456 		-4.1122 		9
v -37.9364 		-3.8894 		9
v -37.9169 		-3.6117 		9
v -37.931 		-3.3311 		9
v -37.9626 		-3.242 		9
v -38.0186 		-3.1281 		9
v -37.8236 		-3.3761 		9
v -37.6188 		-3.7379 		9
v -36.8302 		-4.3133 		9
v -36.0309 		-4.8705 		9
v -35.625 		-5.236 		9
v -35.215 		-5.5724 		9
v -34.9271 		-5.612 		9
v -34.6346 		-5.5883 		9
v -34.3037 		-5.4397 		9
v -33.9829 		-5.2453 		9
v -33.3649 		-4.6848 		9
v -32.7618 		-4.0888 		9
v -32.5279 		-3.7802 		9
v -32.3074 		-3.4507 		9
v -32.2281 		-3.2934 		9
v -32.1705 		-3.1237 		9
v -32.1734 		-2.6502 		9
v -32.2033 		-2.1745 		9
v -32.2106 		-2.1392 		9
v -32.2243 		-2.0933 		9
v -32.037 		-2.1155 		9
v -31.8748 		-2.0948 		9
v -31.7131 		-1.9462 		9
v -31.5791 		-1.7518 		9
v -31.5576 		-1.6584 		9
v -31.5383 		-1.5268 		9
v -30.7846 		-1.1846 		9
v -30.2101 		-0.8904 		9
v -29.7381 		-0.5058 		9
v -29.2957 		-0.0609 		9
v -29.1581 		0.2467 		9
v -29.0493 		0.5852 		9
v -29.0103 		0.8197 		9
v -29 		1.0558 		9
v -29.1381 		1.5887 		9
v -29.3066 		2.1086 		9
v -29.5802 		2.7299 		9
v -29.8816 		3.321 		9
v -30.8566 		4.7394 		9
v -30.7851 		4.8684 		9
v -30.7458 		5.0867 		9
v -30.7303 		5.3071 		9
v -30.8394 		5.8027 		9
v -30.9767 		6.2881 		9
v -31.2498 		6.9763 		9
v -31.5462 		7.6441 		9
v -32.2468 		8.9303 		9
v -32.9644 		10.1964 		9
v -33.0727 		10.3009 		9
v -32.976 		10.7302 		9
v -32.7837 		11.0738 		9
v -32.743 		11.3475 		9
v -32.7454 		11.6242 		9
v -32.9749 		12.297 		9
v -33.2601 		12.9163 		9
v -33.7496 		13.3659 		9
v -34.2786 		13.7299 		9
v -34.7393 		13.8435 		9
v -35.2095 		13.9053 		9
v -35.6337 		13.9199 		9
v -36.0583 		13.9133 		9
v -36.4869 		13.8813 		9
v -37.0498 		13.8289 		9
v -37.127 		14.009 		9
v -37.1917 		14.1287 		9
v -37.3358 		14.2116 		9
v -37.4874 		14.2403 		9
v -37.8984 		14.0104 		9
v -38.3248 		13.7052 		9
v -38.3454 		13.7956 		9
v -38.369 		13.8495 		9
v -38.8661 		14.2823 		9
v -39.3875 		14.671 		9
v -39.7254 		14.84 		9
v -40.072 		14.9582 		9
v -41.0334 		15 		9
v -41.994 		14.9741 		9
v -42.3508 		14.8301 		9
v -42.7003 		14.6391 		9
v -42.8223 		14.5436 		9
v -42.9303 		14.4238 		9
v -43.0861 		14.0441 		9
v -43.2096 		13.6421 		9
v -43.774 		12.7497 		9
v -44.3814 		13.0439 		9
v -44.5969 		13.1 		9
v -44.814 		13.1396 		9
v -45.1374 		13.155 		9
v -45.4601 		13.1476 		9
v -45.7356 		13.0728 		9
v -46.0077 		12.9721 		9
v -46.3735 		12.7739 		9
v -46.7305 		12.5494 		9
v -46.8744 		12.3976 		9
v -46.9933 		12.2144 		9
v -49.7696 		8.322 		9
v -51.9051 		5.2911 		9
v -53.8326 		0.2901 		9
v -47.236 		-4.2325 		9
v -45.2247 		-4.2802 		9
v -45.1425 		-4.368 		9
v -43.3246 		-5.4926 		9
v -38.0131 		-3.1237 		9
v -30.9001 		4.6211 		9
v -33.1506 		10.4038 		9
v -43.1995 		13.0487 		9
v -53.9585 		2.8903 		9
v -30.4004 		3.9781 		9
v -43.2315 		12.5733 		9
v -49.5743 		8.7878 		9
v -53.8026 		1.1105 		9
v -53.9101 		2.7374 		9
v -53.8107 		1.9411 		9
v -47.1138 		-4.1127 		9
v -45.4859 		-4.0849 		9
v -51.861 		5.4385 		9
v -53.8764 		2.5713 		9
v -53.8372 		2.2575 		9
v -46.8506 		-3.9478 		9
v -46.5772 		-3.8336 		9
v -45.7668 		-3.9373 		9
v -38.0158 		-3.1259 		9
v -46.1713 		-3.8583 		9
# 468 vertices

g group_3_4634441

usemtl color_4634441
s 0

f 1951 	1952 	1953
f 1954 	1955 	1956
f 1957 	1958 	1954
f 1959 	1960 	1957
f 1961 	1962 	1963
f 1964 	1965 	1961
f 1966 	1967 	1968
f 1969 	1970 	1966
f 1971 	1972 	1969
f 1973 	1974 	1971
f 1975 	1976 	1977
f 1978 	1979 	1975
f 1980 	1981 	1978
f 1982 	1983 	1984
f 1985 	1986 	1982
f 1987 	1988 	1985
f 1989 	1990 	1987
f 1991 	1992 	1989
f 1993 	1994 	1995
f 1996 	1997 	1993
f 1998 	1999 	1996
f 2000 	2001 	1998
f 2002 	2003 	2000
f 2004 	2005 	2006
f 2007 	2008 	2004
f 2009 	2010 	2007
f 2011 	2012 	2009
f 2013 	2014 	2011
f 2015 	2016 	2013
f 2017 	2018 	2019
f 2020 	2021 	2017
f 2022 	2023 	2020
f 2024 	2025 	2022
f 2026 	2027 	2024
f 2028 	2029 	2026
f 2030 	2031 	2028
f 2032 	2033 	2034
f 2035 	2036 	2037
f 2038 	2039 	2035
f 2040 	2041 	2042
f 2043 	2044 	2040
f 2045 	2046 	2043
f 2047 	2048 	2045
f 2049 	2050 	2047
f 2051 	2052 	2053
f 2054 	2055 	2051
f 2056 	2057 	2054
f 2058 	2059 	2056
f 2060 	2061 	2058
f 2062 	2063 	2064
f 2065 	2066 	2067
f 2068 	2069 	2065
f 2070 	2071 	2068
f 2072 	2073 	2070
f 2074 	2075 	2072
f 2076 	2077 	2074
f 2078 	2079 	2076
f 2080 	2081 	2078
f 2082 	2083 	2080
f 2084 	2085 	2082
f 2086 	2087 	2084
f 2088 	2089 	2086
f 2090 	2091 	2088
f 2092 	2093 	2090
f 2094 	2095 	2092
f 2096 	2097 	2094
f 2098 	2099 	2096
f 2100 	2101 	2102
f 2103 	2104 	2100
f 2105 	2106 	2103
f 2107 	2108 	2105
f 2109 	2110 	2107
f 2111 	2112 	2113
f 2114 	2115 	2111
f 2116 	2117 	2114
f 2118 	2119 	2116
f 2120 	2121 	2118
f 2122 	2123 	2120
f 2124 	2125 	2126
f 2127 	2128 	2124
f 2129 	2130 	2127
f 2131 	2132 	2129
f 2133 	2134 	2131
f 2135 	2136 	2133
f 2137 	2138 	2135
f 2139 	2140 	2137
f 2141 	2142 	2139
f 2143 	2144 	2141
f 2145 	2146 	2147
f 2148 	2149 	2145
f 2150 	2151 	2148
f 2152 	2153 	2150
f 2154 	2155 	2152
f 1953 	2156 	2154
f 1956 	1951 	1953
f 1957 	1954 	1956
f 1964 	1961 	1963
f 1969 	1966 	1968
f 1973 	1971 	1969
f 1975 	1977 	2157
f 1980 	1978 	1975
f 1985 	1982 	1984
f 1989 	1987 	1985
f 1993 	1995 	2158
f 1998 	1996 	1993
f 2002 	2000 	1998
f 2004 	2006 	2159
f 2009 	2007 	2004
f 2013 	2011 	2009
f 2019 	2015 	2013
f 2020 	2017 	2019
f 2024 	2022 	2020
f 2028 	2026 	2024
f 2160 	2030 	2028
f 2032 	2034 	2161
f 2035 	2037 	2162
f 2163 	2038 	2035
f 2040 	2042 	2163
f 2045 	2043 	2040
f 2049 	2047 	2045
f 2054 	2051 	2053
f 2058 	2056 	2054
f 2062 	2064 	2164
f 2068 	2065 	2067
f 2072 	2070 	2068
f 2076 	2074 	2072
f 2080 	2078 	2076
f 2084 	2082 	2080
f 2090 	2088 	2086
f 2094 	2092 	2090
f 2098 	2096 	2094
f 2100 	2102 	2165
f 2105 	2103 	2100
f 2109 	2107 	2105
f 2111 	2113 	2166
f 2116 	2114 	2111
f 2120 	2118 	2116
f 2126 	2122 	2120
f 2127 	2124 	2126
f 2133 	2131 	2129
f 2137 	2135 	2133
f 2141 	2139 	2137
f 2167 	2143 	2141
f 2148 	2145 	2147
f 2152 	2150 	2148
f 1953 	2154 	2152
f 1957 	1956 	1953
f 1964 	1963 	1959
f 1973 	1969 	1968
f 1980 	1975 	2157
f 1989 	1985 	1984
f 1998 	1993 	2158
f 2168 	2002 	1998
f 2009 	2004 	2159
f 2019 	2013 	2009
f 2024 	2020 	2019
f 2160 	2028 	2024
f 2162 	2032 	2161
f 2163 	2035 	2162
f 2045 	2040 	2163
f 2053 	2049 	2045
f 2058 	2054 	2053
f 2067 	2062 	2164
f 2072 	2068 	2067
f 2080 	2076 	2072
f 2086 	2084 	2080
f 2094 	2090 	2086
f 2169 	2098 	2094
f 2105 	2100 	2165
f 2166 	2109 	2105
f 2116 	2111 	2166
f 2126 	2120 	2116
f 2129 	2127 	2126
f 2137 	2133 	2129
f 2167 	2141 	2137
f 2148 	2147 	2170
f 1953 	2152 	2148
f 1968 	1964 	1959
f 2171 	1973 	1968
f 1984 	1980 	2157
f 1991 	1989 	1984
f 2168 	1998 	2158
f 2009 	2159 	2172
f 2160 	2024 	2019
f 2163 	2162 	2161
f 2053 	2045 	2163
f 2060 	2058 	2053
f 2072 	2067 	2164
f 2094 	2086 	2080
f 2165 	2169 	2094
f 2166 	2105 	2165
f 2126 	2116 	2166
f 2167 	2137 	2129
f 1953 	2148 	2170
f 2157 	2171 	1968
f 1991 	1984 	2157
f 2173 	2168 	2158
f 2009 	2172 	2174
f 2175 	2160 	2019
f 2163 	2161 	2176
f 2060 	2053 	2163
f 2080 	2072 	2164
f 2165 	2094 	2080
f 2126 	2166 	2165
f 2167 	2129 	2126
f 1957 	1953 	2170
f 2157 	1968 	1959
f 2177 	1991 	2157
f 2178 	2173 	2158
f 2009 	2174 	2179
f 2180 	2175 	2019
f 2060 	2163 	2176
f 2165 	2080 	2164
f 2167 	2126 	2165
f 1959 	1957 	2170
f 2177 	2157 	1959
f 2179 	2178 	2158
f 2019 	2009 	2179
f 2181 	2180 	2019
f 2060 	2176 	2182
f 2165 	2164 	2183
f 2170 	2167 	2165
f 2158 	2177 	1959
f 2019 	2179 	2158
f 2184 	2181 	2019
f 2060 	2182 	2184
f 2165 	2183 	2060
f 1959 	2170 	2165
f 2019 	2158 	1959
f 2060 	2184 	2019
f 1959 	2165 	2060
f 2060 	2019 	1959
f 2185 	2186 	2187
f 2188 	2189 	2190
f 2190 	2191 	2192
f 2192 	2193 	2194
f 2195 	2196 	2197
f 2197 	2198 	2199
f 2200 	2201 	2202
f 2202 	2203 	2204
f 2204 	2205 	2206
f 2206 	2207 	2208
f 2209 	2210 	2211
f 2211 	2212 	2213
f 2213 	2214 	2215
f 2216 	2217 	2218
f 2218 	2219 	2220
f 2220 	2221 	2222
f 2222 	2223 	2224
f 2224 	2225 	2226
f 2227 	2228 	2229
f 2229 	2230 	2231
f 2231 	2232 	2233
f 2233 	2234 	2235
f 2235 	2236 	2237
f 2238 	2239 	2240
f 2240 	2241 	2242
f 2242 	2243 	2244
f 2244 	2245 	2246
f 2246 	2247 	2248
f 2248 	2249 	2250
f 2251 	2252 	2253
f 2253 	2254 	2255
f 2255 	2256 	2257
f 2257 	2258 	2259
f 2259 	2260 	2261
f 2261 	2262 	2263
f 2263 	2264 	2265
f 2266 	2267 	2268
f 2269 	2270 	2271
f 2271 	2272 	2273
f 2274 	2275 	2276
f 2276 	2277 	2278
f 2278 	2279 	2280
f 2280 	2281 	2282
f 2282 	2283 	2284
f 2285 	2286 	2287
f 2287 	2288 	2289
f 2289 	2290 	2291
f 2291 	2292 	2293
f 2293 	2294 	2295
f 2296 	2297 	2298
f 2299 	2300 	2301
f 2301 	2302 	2303
f 2303 	2304 	2305
f 2305 	2306 	2307
f 2307 	2308 	2309
f 2309 	2310 	2311
f 2311 	2312 	2313
f 2313 	2314 	2315
f 2315 	2316 	2317
f 2317 	2318 	2319
f 2319 	2320 	2321
f 2321 	2322 	2323
f 2323 	2324 	2325
f 2325 	2326 	2327
f 2327 	2328 	2329
f 2329 	2330 	2331
f 2331 	2332 	2333
f 2334 	2335 	2336
f 2336 	2337 	2338
f 2338 	2339 	2340
f 2340 	2341 	2342
f 2342 	2343 	2344
f 2345 	2346 	2347
f 2347 	2348 	2349
f 2349 	2350 	2351
f 2351 	2352 	2353
f 2353 	2354 	2355
f 2355 	2356 	2357
f 2358 	2359 	2360
f 2360 	2361 	2362
f 2362 	2363 	2364
f 2364 	2365 	2366
f 2366 	2367 	2368
f 2368 	2369 	2370
f 2370 	2371 	2372
f 2372 	2373 	2374
f 2374 	2375 	2376
f 2376 	2377 	2378
f 2379 	2380 	2381
f 2381 	2382 	2383
f 2383 	2384 	2385
f 2385 	2386 	2387
f 2387 	2388 	2389
f 2389 	2390 	2185
f 2185 	2187 	2188
f 2188 	2190 	2192
f 2195 	2197 	2199
f 2200 	2202 	2204
f 2204 	2206 	2208
f 2391 	2209 	2211
f 2211 	2213 	2215
f 2216 	2218 	2220
f 2220 	2222 	2224
f 2392 	2227 	2229
f 2229 	2231 	2233
f 2233 	2235 	2237
f 2393 	2238 	2240
f 2240 	2242 	2244
f 2244 	2246 	2248
f 2248 	2250 	2251
f 2251 	2253 	2255
f 2255 	2257 	2259
f 2259 	2261 	2263
f 2263 	2265 	2394
f 2395 	2266 	2268
f 2396 	2269 	2271
f 2271 	2273 	2397
f 2397 	2274 	2276
f 2276 	2278 	2280
f 2280 	2282 	2284
f 2285 	2287 	2289
f 2289 	2291 	2293
f 2398 	2296 	2298
f 2299 	2301 	2303
f 2303 	2305 	2307
f 2307 	2309 	2311
f 2311 	2313 	2315
f 2315 	2317 	2319
f 2321 	2323 	2325
f 2325 	2327 	2329
f 2329 	2331 	2333
f 2399 	2334 	2336
f 2336 	2338 	2340
f 2340 	2342 	2344
f 2400 	2345 	2347
f 2347 	2349 	2351
f 2351 	2353 	2355
f 2355 	2357 	2358
f 2358 	2360 	2362
f 2364 	2366 	2368
f 2368 	2370 	2372
f 2372 	2374 	2376
f 2376 	2378 	2401
f 2379 	2381 	2383
f 2383 	2385 	2387
f 2387 	2389 	2185
f 2185 	2188 	2192
f 2194 	2195 	2199
f 2200 	2204 	2208
f 2391 	2211 	2215
f 2216 	2220 	2224
f 2392 	2229 	2233
f 2233 	2237 	2402
f 2393 	2240 	2244
f 2244 	2248 	2251
f 2251 	2255 	2259
f 2259 	2263 	2394
f 2395 	2268 	2396
f 2396 	2271 	2397
f 2397 	2276 	2280
f 2280 	2284 	2285
f 2285 	2289 	2293
f 2398 	2298 	2299
f 2299 	2303 	2307
f 2307 	2311 	2315
f 2315 	2319 	2321
f 2321 	2325 	2329
f 2329 	2333 	2403
f 2399 	2336 	2340
f 2340 	2344 	2400
f 2400 	2347 	2351
f 2351 	2355 	2358
f 2358 	2362 	2364
f 2364 	2368 	2372
f 2372 	2376 	2401
f 2404 	2379 	2383
f 2383 	2387 	2185
f 2194 	2199 	2200
f 2200 	2208 	2405
f 2391 	2215 	2216
f 2216 	2224 	2226
f 2392 	2233 	2402
f 2406 	2393 	2244
f 2251 	2259 	2394
f 2395 	2396 	2397
f 2397 	2280 	2285
f 2285 	2293 	2295
f 2398 	2299 	2307
f 2315 	2321 	2329
f 2329 	2403 	2399
f 2399 	2340 	2400
f 2400 	2351 	2358
f 2364 	2372 	2401
f 2404 	2383 	2185
f 2200 	2405 	2391
f 2391 	2216 	2226
f 2392 	2402 	2407
f 2408 	2406 	2244
f 2251 	2394 	2409
f 2410 	2395 	2397
f 2397 	2285 	2295
f 2398 	2307 	2315
f 2315 	2329 	2399
f 2399 	2400 	2358
f 2358 	2364 	2401
f 2404 	2185 	2192
f 2194 	2200 	2391
f 2391 	2226 	2411
f 2392 	2407 	2412
f 2413 	2408 	2244
f 2251 	2409 	2414
f 2410 	2397 	2295
f 2398 	2315 	2399
f 2399 	2358 	2401
f 2404 	2192 	2194
f 2194 	2391 	2411
f 2392 	2412 	2413
f 2413 	2244 	2251
f 2251 	2414 	2415
f 2416 	2410 	2295
f 2417 	2398 	2399
f 2399 	2401 	2404
f 2194 	2411 	2392
f 2392 	2413 	2251
f 2251 	2415 	2418
f 2418 	2416 	2295
f 2295 	2417 	2399
f 2399 	2404 	2194
f 2194 	2392 	2251
f 2251 	2418 	2295
f 2295 	2399 	2194
f 2194 	2251 	2295
f 1951 	1956 	2187
f 1956 	2188 	2187
f 1956 	1955 	2188
f 1955 	2189 	2188
f 1955 	1954 	2189
f 1954 	2190 	2189
f 1954 	1958 	2190
f 1958 	2191 	2190
f 1958 	1957 	2191
f 1957 	2192 	2191
f 1957 	1960 	2192
f 1960 	2193 	2192
f 1960 	1959 	2193
f 1959 	2194 	2193
f 1959 	1963 	2194
f 1963 	2195 	2194
f 1963 	1962 	2195
f 1962 	2196 	2195
f 1962 	1961 	2196
f 1961 	2197 	2196
f 1961 	1965 	2197
f 1965 	2198 	2197
f 1965 	1964 	2198
f 1964 	2199 	2198
f 1964 	1968 	2199
f 1968 	2200 	2199
f 1968 	1967 	2200
f 1967 	2201 	2200
f 1967 	1966 	2201
f 1966 	2202 	2201
f 1966 	1970 	2202
f 1970 	2203 	2202
f 1970 	1969 	2203
f 1969 	2204 	2203
f 1969 	1972 	2204
f 1972 	2205 	2204
f 1972 	1971 	2205
f 1971 	2206 	2205
f 1971 	1974 	2206
f 1974 	2207 	2206
f 1974 	1973 	2207
f 1973 	2208 	2207
f 1973 	2171 	2208
f 2171 	2405 	2208
f 2171 	2157 	2405
f 2157 	2391 	2405
f 2157 	1977 	2391
f 1977 	2209 	2391
f 1977 	1976 	2209
f 1976 	2210 	2209
f 1976 	1975 	2210
f 1975 	2211 	2210
f 1975 	1979 	2211
f 1979 	2212 	2211
f 1979 	1978 	2212
f 1978 	2213 	2212
f 1978 	1981 	2213
f 1981 	2214 	2213
f 1981 	1980 	2214
f 1980 	2215 	2214
f 1980 	1984 	2215
f 1984 	2216 	2215
f 1984 	1983 	2216
f 1983 	2217 	2216
f 1983 	1982 	2217
f 1982 	2218 	2217
f 1982 	1986 	2218
f 1986 	2219 	2218
f 1986 	1985 	2219
f 1985 	2220 	2219
f 1985 	1988 	2220
f 1988 	2221 	2220
f 1988 	1987 	2221
f 1987 	2222 	2221
f 1987 	1990 	2222
f 1990 	2223 	2222
f 1990 	1989 	2223
f 1989 	2224 	2223
f 1989 	1992 	2224
f 1992 	2225 	2224
f 1992 	1991 	2225
f 1991 	2226 	2225
f 1991 	2177 	2226
f 2177 	2411 	2226
f 2177 	2158 	2411
f 2158 	2392 	2411
f 2158 	1995 	2392
f 1995 	2227 	2392
f 1995 	1994 	2227
f 1994 	2228 	2227
f 1994 	1993 	2228
f 1993 	2229 	2228
f 1993 	1997 	2229
f 1997 	2230 	2229
f 1997 	1996 	2230
f 1996 	2231 	2230
f 1996 	1999 	2231
f 1999 	2232 	2231
f 1999 	1998 	2232
f 1998 	2233 	2232
f 1998 	2001 	2233
f 2001 	2234 	2233
f 2001 	2000 	2234
f 2000 	2235 	2234
f 2000 	2003 	2235
f 2003 	2236 	2235
f 2003 	2002 	2236
f 2002 	2237 	2236
f 2002 	2168 	2237
f 2168 	2402 	2237
f 2168 	2173 	2402
f 2173 	2407 	2402
f 2173 	2178 	2407
f 2178 	2412 	2407
f 2178 	2179 	2412
f 2179 	2413 	2412
f 2179 	2174 	2413
f 2174 	2408 	2413
f 2174 	2172 	2408
f 2172 	2406 	2408
f 2172 	2159 	2406
f 2159 	2393 	2406
f 2159 	2006 	2393
f 2006 	2238 	2393
f 2006 	2005 	2238
f 2005 	2239 	2238
f 2005 	2004 	2239
f 2004 	2240 	2239
f 2004 	2008 	2240
f 2008 	2241 	2240
f 2008 	2007 	2241
f 2007 	2242 	2241
f 2007 	2010 	2242
f 2010 	2243 	2242
f 2010 	2009 	2243
f 2009 	2244 	2243
f 2009 	2012 	2244
f 2012 	2245 	2244
f 2012 	2011 	2245
f 2011 	2246 	2245
f 2011 	2014 	2246
f 2014 	2247 	2246
f 2014 	2013 	2247
f 2013 	2248 	2247
f 2013 	2016 	2248
f 2016 	2249 	2248
f 2016 	2015 	2249
f 2015 	2250 	2249
f 2015 	2019 	2250
f 2019 	2251 	2250
f 2019 	2018 	2251
f 2018 	2252 	2251
f 2018 	2017 	2252
f 2017 	2253 	2252
f 2017 	2021 	2253
f 2021 	2254 	2253
f 2021 	2020 	2254
f 2020 	2255 	2254
f 2020 	2023 	2255
f 2023 	2256 	2255
f 2023 	2022 	2256
f 2022 	2257 	2256
f 2022 	2025 	2257
f 2025 	2258 	2257
f 2025 	2024 	2258
f 2024 	2259 	2258
f 2024 	2027 	2259
f 2027 	2260 	2259
f 2027 	2026 	2260
f 2026 	2261 	2260
f 2026 	2029 	2261
f 2029 	2262 	2261
f 2029 	2028 	2262
f 2028 	2263 	2262
f 2028 	2031 	2263
f 2031 	2264 	2263
f 2031 	2030 	2264
f 2030 	2265 	2264
f 2030 	2160 	2265
f 2160 	2394 	2265
f 2160 	2175 	2394
f 2175 	2409 	2394
f 2175 	2180 	2409
f 2180 	2414 	2409
f 2180 	2181 	2414
f 2181 	2415 	2414
f 2181 	2184 	2415
f 2184 	2418 	2415
f 2184 	2182 	2418
f 2182 	2416 	2418
f 2182 	2176 	2416
f 2176 	2410 	2416
f 2176 	2161 	2410
f 2161 	2395 	2410
f 2161 	2034 	2395
f 2034 	2266 	2395
f 2034 	2033 	2266
f 2033 	2267 	2266
f 2033 	2032 	2267
f 2032 	2268 	2267
f 2032 	2162 	2268
f 2162 	2396 	2268
f 2162 	2037 	2396
f 2037 	2269 	2396
f 2037 	2036 	2269
f 2036 	2270 	2269
f 2036 	2035 	2270
f 2035 	2271 	2270
f 2035 	2039 	2271
f 2039 	2272 	2271
f 2039 	2038 	2272
f 2038 	2273 	2272
f 2038 	2163 	2273
f 2163 	2397 	2273
f 2163 	2042 	2397
f 2042 	2274 	2397
f 2042 	2041 	2274
f 2041 	2275 	2274
f 2041 	2040 	2275
f 2040 	2276 	2275
f 2040 	2044 	2276
f 2044 	2277 	2276
f 2044 	2043 	2277
f 2043 	2278 	2277
f 2043 	2046 	2278
f 2046 	2279 	2278
f 2046 	2045 	2279
f 2045 	2280 	2279
f 2045 	2048 	2280
f 2048 	2281 	2280
f 2048 	2047 	2281
f 2047 	2282 	2281
f 2047 	2050 	2282
f 2050 	2283 	2282
f 2050 	2049 	2283
f 2049 	2284 	2283
f 2049 	2053 	2284
f 2053 	2285 	2284
f 2053 	2052 	2285
f 2052 	2286 	2285
f 2052 	2051 	2286
f 2051 	2287 	2286
f 2051 	2055 	2287
f 2055 	2288 	2287
f 2055 	2054 	2288
f 2054 	2289 	2288
f 2054 	2057 	2289
f 2057 	2290 	2289
f 2057 	2056 	2290
f 2056 	2291 	2290
f 2056 	2059 	2291
f 2059 	2292 	2291
f 2059 	2058 	2292
f 2058 	2293 	2292
f 2058 	2061 	2293
f 2061 	2294 	2293
f 2061 	2060 	2294
f 2060 	2295 	2294
f 2060 	2183 	2295
f 2183 	2417 	2295
f 2183 	2164 	2417
f 2164 	2398 	2417
f 2164 	2064 	2398
f 2064 	2296 	2398
f 2064 	2063 	2296
f 2063 	2297 	2296
f 2063 	2062 	2297
f 2062 	2298 	2297
f 2062 	2067 	2298
f 2067 	2299 	2298
f 2067 	2066 	2299
f 2066 	2300 	2299
f 2066 	2065 	2300
f 2065 	2301 	2300
f 2065 	2069 	2301
f 2069 	2302 	2301
f 2069 	2068 	2302
f 2068 	2303 	2302
f 2068 	2071 	2303
f 2071 	2304 	2303
f 2071 	2070 	2304
f 2070 	2305 	2304
f 2070 	2073 	2305
f 2073 	2306 	2305
f 2073 	2072 	2306
f 2072 	2307 	2306
f 2072 	2075 	2307
f 2075 	2308 	2307
f 2075 	2074 	2308
f 2074 	2309 	2308
f 2074 	2077 	2309
f 2077 	2310 	2309
f 2077 	2076 	2310
f 2076 	2311 	2310
f 2076 	2079 	2311
f 2079 	2312 	2311
f 2079 	2078 	2312
f 2078 	2313 	2312
f 2078 	2081 	2313
f 2081 	2314 	2313
f 2081 	2080 	2314
f 2080 	2315 	2314
f 2080 	2083 	2315
f 2083 	2316 	2315
f 2083 	2082 	2316
f 2082 	2317 	2316
f 2082 	2085 	2317
f 2085 	2318 	2317
f 2085 	2084 	2318
f 2084 	2319 	2318
f 2084 	2087 	2319
f 2087 	2320 	2319
f 2087 	2086 	2320
f 2086 	2321 	2320
f 2086 	2089 	2321
f 2089 	2322 	2321
f 2089 	2088 	2322
f 2088 	2323 	2322
f 2088 	2091 	2323
f 2091 	2324 	2323
f 2091 	2090 	2324
f 2090 	2325 	2324
f 2090 	2093 	2325
f 2093 	2326 	2325
f 2093 	2092 	2326
f 2092 	2327 	2326
f 2092 	2095 	2327
f 2095 	2328 	2327
f 2095 	2094 	2328
f 2094 	2329 	2328
f 2094 	2097 	2329
f 2097 	2330 	2329
f 2097 	2096 	2330
f 2096 	2331 	2330
f 2096 	2099 	2331
f 2099 	2332 	2331
f 2099 	2098 	2332
f 2098 	2333 	2332
f 2098 	2169 	2333
f 2169 	2403 	2333
f 2169 	2165 	2403
f 2165 	2399 	2403
f 2165 	2102 	2399
f 2102 	2334 	2399
f 2102 	2101 	2334
f 2101 	2335 	2334
f 2101 	2100 	2335
f 2100 	2336 	2335
f 2100 	2104 	2336
f 2104 	2337 	2336
f 2104 	2103 	2337
f 2103 	2338 	2337
f 2103 	2106 	2338
f 2106 	2339 	2338
f 2106 	2105 	2339
f 2105 	2340 	2339
f 2105 	2108 	2340
f 2108 	2341 	2340
f 2108 	2107 	2341
f 2107 	2342 	2341
f 2107 	2110 	2342
f 2110 	2343 	2342
f 2110 	2109 	2343
f 2109 	2344 	2343
f 2109 	2166 	2344
f 2166 	2400 	2344
f 2166 	2113 	2400
f 2113 	2345 	2400
f 2113 	2112 	2345
f 2112 	2346 	2345
f 2112 	2111 	2346
f 2111 	2347 	2346
f 2111 	2115 	2347
f 2115 	2348 	2347
f 2115 	2114 	2348
f 2114 	2349 	2348
f 2114 	2117 	2349
f 2117 	2350 	2349
f 2117 	2116 	2350
f 2116 	2351 	2350
f 2116 	2119 	2351
f 2119 	2352 	2351
f 2119 	2118 	2352
f 2118 	2353 	2352
f 2118 	2121 	2353
f 2121 	2354 	2353
f 2121 	2120 	2354
f 2120 	2355 	2354
f 2120 	2123 	2355
f 2123 	2356 	2355
f 2123 	2122 	2356
f 2122 	2357 	2356
f 2122 	2126 	2357
f 2126 	2358 	2357
f 2126 	2125 	2358
f 2125 	2359 	2358
f 2125 	2124 	2359
f 2124 	2360 	2359
f 2124 	2128 	2360
f 2128 	2361 	2360
f 2128 	2127 	2361
f 2127 	2362 	2361
f 2127 	2130 	2362
f 2130 	2363 	2362
f 2130 	2129 	2363
f 2129 	2364 	2363
f 2129 	2132 	2364
f 2132 	2365 	2364
f 2132 	2131 	2365
f 2131 	2366 	2365
f 2131 	2134 	2366
f 2134 	2367 	2366
f 2134 	2133 	2367
f 2133 	2368 	2367
f 2133 	2136 	2368
f 2136 	2369 	2368
f 2136 	2135 	2369
f 2135 	2370 	2369
f 2135 	2138 	2370
f 2138 	2371 	2370
f 2138 	2137 	2371
f 2137 	2372 	2371
f 2137 	2140 	2372
f 2140 	2373 	2372
f 2140 	2139 	2373
f 2139 	2374 	2373
f 2139 	2142 	2374
f 2142 	2375 	2374
f 2142 	2141 	2375
f 2141 	2376 	2375
f 2141 	2144 	2376
f 2144 	2377 	2376
f 2144 	2143 	2377
f 2143 	2378 	2377
f 2143 	2167 	2378
f 2167 	2401 	2378
f 2167 	2170 	2401
f 2170 	2404 	2401
f 2170 	2147 	2404
f 2147 	2379 	2404
f 2147 	2146 	2379
f 2146 	2380 	2379
f 2146 	2145 	2380
f 2145 	2381 	2380
f 2145 	2149 	2381
f 2149 	2382 	2381
f 2149 	2148 	2382
f 2148 	2383 	2382
f 2148 	2151 	2383
f 2151 	2384 	2383
f 2151 	2150 	2384
f 2150 	2385 	2384
f 2150 	2153 	2385
f 2153 	2386 	2385
f 2153 	2152 	2386
f 2152 	2387 	2386
f 2152 	2155 	2387
f 2155 	2388 	2387
f 2155 	2154 	2388
f 2154 	2389 	2388
f 2154 	2156 	2389
f 2156 	2390 	2389
f 2156 	1953 	2390
f 1953 	2185 	2390
f 1953 	1952 	2185
f 1952 	2186 	2185
f 1952 	1951 	2186
f 1951 	2187 	2186
# 932 faces

 #end of obj_3

o obj_4
v -41.0198 		-5.9518 		6
v -42 		-6 		6
v -42 		4 		6
v -40.0491 		-5.8079 		6
v -39.0972 		-5.5694 		6
v -38.1732 		-5.2388 		6
v -37.286 		-4.8192 		6
v -36.4443 		-4.3147 		6
v -35.6561 		-3.7301 		6
v -34.9289 		-3.0711 		6
v -34.2699 		-2.3439 		6
v -33.6853 		-1.5557 		6
v -33.1808 		-0.714 		6
v -32.7612 		0.1732 		6
v -32.4306 		1.0972 		6
v -32.1921 		2.0491 		6
v -32.0482 		3.0198 		6
v -32 		4 		6
v -32.0482 		4.9802 		6
v -32.1921 		5.9509 		6
v -32.4306 		6.9028 		6
v -32.7612 		7.8268 		6
v -33.1808 		8.714 		6
v -33.6853 		9.5557 		6
v -34.2699 		10.3439 		6
v -34.9289 		11.0711 		6
v -35.6561 		11.7301 		6
v -36.4443 		12.3147 		6
v -37.286 		12.8192 		6
v -38.1732 		13.2388 		6
v -39.0972 		13.5694 		6
v -40.0491 		13.8079 		6
v -41.0198 		13.9518 		6
v -42 		14 		6
v -42.9802 		13.9518 		6
v -43.9509 		13.8079 		6
v -44.9028 		13.5694 		6
v -45.8268 		13.2388 		6
v -46.714 		12.8192 		6
v -47.5557 		12.3147 		6
v -48.3439 		11.7301 		6
v -49.0711 		11.0711 		6
v -49.7301 		10.3439 		6
v -50.3147 		9.5557 		6
v -50.8192 		8.714 		6
v -51.2388 		7.8268 		6
v -51.5694 		6.9028 		6
v -51.8079 		5.9509 		6
v -51.9518 		4.9802 		6
v -52 		4 		6
v -51.9518 		3.0198 		6
v -51.8079 		2.0491 		6
v -51.5694 		1.0972 		6
v -51.2388 		0.1732 		6
v -50.8192 		-0.714 		6
v -50.3147 		-1.5557 		6
v -49.7301 		-2.3439 		6
v -49.0711 		-3.0711 		6
v -48.3439 		-3.7301 		6
v -47.5557 		-4.3147 		6
v -46.714 		-4.8192 		6
v -45.8268 		-5.2388 		6
v -44.9028 		-5.5694 		6
v -43.9509 		-5.8079 		6
v -42.9802 		-5.9518 		6
v -42 		-6 		8
v -41.0198 		-5.9518 		8
v -42 		4 		8
v -40.0491 		-5.8079 		8
v -39.0972 		-5.5694 		8
v -38.1732 		-5.2388 		8
v -37.286 		-4.8192 		8
v -36.4443 		-4.3147 		8
v -35.6561 		-3.7301 		8
v -34.9289 		-3.0711 		8
v -34.2699 		-2.3439 		8
v -33.6853 		-1.5557 		8
v -33.1808 		-0.714 		8
v -32.7612 		0.1732 		8
v -32.4306 		1.0972 		8
v -32.1921 		2.0491 		8
v -32.0482 		3.0198 		8
v -32 		4 		8
v -32.0482 		4.9802 		8
v -32.1921 		5.9509 		8
v -32.4306 		6.9028 		8
v -32.7612 		7.8268 		8
v -33.1808 		8.714 		8
v -33.6853 		9.5557 		8
v -34.2699 		10.3439 		8
v -34.9289 		11.0711 		8
v -35.6561 		11.7301 		8
v -36.4443 		12.3147 		8
v -37.286 		12.8192 		8
v -38.1732 		13.2388 		8
v -39.0972 		13.5694 		8
v -40.0491 		13.8079 		8
v -41.0198 		13.9518 		8
v -42 		14 		8
v -42.9802 		13.9518 		8
v -43.9509 		13.8079 		8
v -44.9028 		13.5694 		8
v -45.8268 		13.2388 		8
v -46.714 		12.8192 		8
v -47.5557 		12.3147 		8
v -48.3439 		11.7301 		8
v -49.0711 		11.0711 		8
v -49.7301 		10.3439 		8
v -50.3147 		9.5557 		8
v -50.8192 		8.714 		8
v -51.2388 		7.8268 		8
v -51.5694 		6.9028 		8
v -51.8079 		5.9509 		8
v -51.9518 		4.9802 		8
v -52 		4 		8
v -51.9518 		3.0198 		8
v -51.8079 		2.0491 		8
v -51.5694 		1.0972 		8
v -51.2388 		0.1732 		8
v -50.8192 		-0.714 		8
v -50.3147 		-1.5557 		8
v -49.7301 		-2.3439 		8
v -49.0711 		-3.0711 		8
v -48.3439 		-3.7301 		8
v -47.5557 		-4.3147 		8
v -46.714 		-4.8192 		8
v -45.8268 		-5.2388 		8
v -44.9028 		-5.5694 		8
v -43.9509 		-5.8079 		8
v -42.9802 		-5.9518 		8
# 130 vertices

g group_4_6306067

usemtl color_6306067
s 0

f 2419 	2420 	2421
f 2422 	2419 	2421
f 2423 	2422 	2421
f 2424 	2423 	2421
f 2425 	2424 	2421
f 2426 	2425 	2421
f 2427 	2426 	2421
f 2428 	2427 	2421
f 2429 	2428 	2421
f 2430 	2429 	2421
f 2431 	2430 	2421
f 2432 	2431 	2421
f 2433 	2432 	2421
f 2434 	2433 	2421
f 2435 	2434 	2421
f 2436 	2435 	2421
f 2437 	2436 	2421
f 2438 	2437 	2421
f 2439 	2438 	2421
f 2440 	2439 	2421
f 2441 	2440 	2421
f 2442 	2441 	2421
f 2443 	2442 	2421
f 2444 	2443 	2421
f 2445 	2444 	2421
f 2446 	2445 	2421
f 2447 	2446 	2421
f 2448 	2447 	2421
f 2449 	2448 	2421
f 2450 	2449 	2421
f 2451 	2450 	2421
f 2452 	2451 	2421
f 2453 	2452 	2421
f 2454 	2453 	2421
f 2455 	2454 	2421
f 2456 	2455 	2421
f 2457 	2456 	2421
f 2458 	2457 	2421
f 2459 	2458 	2421
f 2460 	2459 	2421
f 2461 	2460 	2421
f 2462 	2461 	2421
f 2463 	2462 	2421
f 2464 	2463 	2421
f 2465 	2464 	2421
f 2466 	2465 	2421
f 2467 	2466 	2421
f 2468 	2467 	2421
f 2469 	2468 	2421
f 2470 	2469 	2421
f 2471 	2470 	2421
f 2472 	2471 	2421
f 2473 	2472 	2421
f 2474 	2473 	2421
f 2475 	2474 	2421
f 2476 	2475 	2421
f 2477 	2476 	2421
f 2478 	2477 	2421
f 2479 	2478 	2421
f 2480 	2479 	2421
f 2481 	2480 	2421
f 2482 	2481 	2421
f 2483 	2482 	2421
f 2420 	2483 	2421
f 2484 	2485 	2486
f 2485 	2487 	2486
f 2487 	2488 	2486
f 2488 	2489 	2486
f 2489 	2490 	2486
f 2490 	2491 	2486
f 2491 	2492 	2486
f 2492 	2493 	2486
f 2493 	2494 	2486
f 2494 	2495 	2486
f 2495 	2496 	2486
f 2496 	2497 	2486
f 2497 	2498 	2486
f 2498 	2499 	2486
f 2499 	2500 	2486
f 2500 	2501 	2486
f 2501 	2502 	2486
f 2502 	2503 	2486
f 2503 	2504 	2486
f 2504 	2505 	2486
f 2505 	2506 	2486
f 2506 	2507 	2486
f 2507 	2508 	2486
f 2508 	2509 	2486
f 2509 	2510 	2486
f 2510 	2511 	2486
f 2511 	2512 	2486
f 2512 	2513 	2486
f 2513 	2514 	2486
f 2514 	2515 	2486
f 2515 	2516 	2486
f 2516 	2517 	2486
f 2517 	2518 	2486
f 2518 	2519 	2486
f 2519 	2520 	2486
f 2520 	2521 	2486
f 2521 	2522 	2486
f 2522 	2523 	2486
f 2523 	2524 	2486
f 2524 	2525 	2486
f 2525 	2526 	2486
f 2526 	2527 	2486
f 2527 	2528 	2486
f 2528 	2529 	2486
f 2529 	2530 	2486
f 2530 	2531 	2486
f 2531 	2532 	2486
f 2532 	2533 	2486
f 2533 	2534 	2486
f 2534 	2535 	2486
f 2535 	2536 	2486
f 2536 	2537 	2486
f 2537 	2538 	2486
f 2538 	2539 	2486
f 2539 	2540 	2486
f 2540 	2541 	2486
f 2541 	2542 	2486
f 2542 	2543 	2486
f 2543 	2544 	2486
f 2544 	2545 	2486
f 2545 	2546 	2486
f 2546 	2547 	2486
f 2547 	2548 	2486
f 2548 	2484 	2486
f 2420 	2419 	2419
f 2419 	2422 	2422
f 2422 	2423 	2423
f 2423 	2424 	2424
f 2424 	2425 	2425
f 2425 	2426 	2426
f 2426 	2427 	2427
f 2427 	2428 	2428
f 2428 	2429 	2429
f 2429 	2430 	2430
f 2430 	2431 	2431
f 2431 	2432 	2432
f 2432 	2433 	2433
f 2433 	2434 	2434
f 2434 	2435 	2435
f 2435 	2436 	2436
f 2436 	2437 	2437
f 2437 	2438 	2438
f 2438 	2439 	2439
f 2439 	2440 	2440
f 2440 	2441 	2441
f 2441 	2442 	2442
f 2442 	2443 	2443
f 2443 	2444 	2444
f 2444 	2445 	2445
f 2445 	2446 	2446
f 2446 	2447 	2447
f 2447 	2448 	2448
f 2448 	2449 	2449
f 2449 	2450 	2450
f 2450 	2451 	2451
f 2451 	2452 	2452
f 2452 	2453 	2453
f 2453 	2454 	2454
f 2454 	2455 	2455
f 2455 	2456 	2456
f 2456 	2457 	2457
f 2457 	2458 	2458
f 2458 	2459 	2459
f 2459 	2460 	2460
f 2460 	2461 	2461
f 2461 	2462 	2462
f 2462 	2463 	2463
f 2463 	2464 	2464
f 2464 	2465 	2465
f 2465 	2466 	2466
f 2466 	2467 	2467
f 2467 	2468 	2468
f 2468 	2469 	2469
f 2469 	2470 	2470
f 2470 	2471 	2471
f 2471 	2472 	2472
f 2472 	2473 	2473
f 2473 	2474 	2474
f 2474 	2475 	2475
f 2475 	2476 	2476
f 2476 	2477 	2477
f 2477 	2478 	2478
f 2478 	2479 	2479
f 2479 	2480 	2480
f 2480 	2481 	2481
f 2481 	2482 	2482
f 2482 	2483 	2483
f 2483 	2420 	2420
f 2420 	2419 	2485
f 2420 	2485 	2484
f 2419 	2422 	2487
f 2419 	2487 	2485
f 2422 	2423 	2488
f 2422 	2488 	2487
f 2423 	2424 	2489
f 2423 	2489 	2488
f 2424 	2425 	2490
f 2424 	2490 	2489
f 2425 	2426 	2491
f 2425 	2491 	2490
f 2426 	2427 	2492
f 2426 	2492 	2491
f 2427 	2428 	2493
f 2427 	2493 	2492
f 2428 	2429 	2494
f 2428 	2494 	2493
f 2429 	2430 	2495
f 2429 	2495 	2494
f 2430 	2431 	2496
f 2430 	2496 	2495
f 2431 	2432 	2497
f 2431 	2497 	2496
f 2432 	2433 	2498
f 2432 	2498 	2497
f 2433 	2434 	2499
f 2433 	2499 	2498
f 2434 	2435 	2500
f 2434 	2500 	2499
f 2435 	2436 	2501
f 2435 	2501 	2500
f 2436 	2437 	2502
f 2436 	2502 	2501
f 2437 	2438 	2503
f 2437 	2503 	2502
f 2438 	2439 	2504
f 2438 	2504 	2503
f 2439 	2440 	2505
f 2439 	2505 	2504
f 2440 	2441 	2506
f 2440 	2506 	2505
f 2441 	2442 	2507
f 2441 	2507 	2506
f 2442 	2443 	2508
f 2442 	2508 	2507
f 2443 	2444 	2509
f 2443 	2509 	2508
f 2444 	2445 	2510
f 2444 	2510 	2509
f 2445 	2446 	2511
f 2445 	2511 	2510
f 2446 	2447 	2512
f 2446 	2512 	2511
f 2447 	2448 	2513
f 2447 	2513 	2512
f 2448 	2449 	2514
f 2448 	2514 	2513
f 2449 	2450 	2515
f 2449 	2515 	2514
f 2450 	2451 	2516
f 2450 	2516 	2515
f 2451 	2452 	2517
f 2451 	2517 	2516
f 2452 	2453 	2518
f 2452 	2518 	2517
f 2453 	2454 	2519
f 2453 	2519 	2518
f 2454 	2455 	2520
f 2454 	2520 	2519
f 2455 	2456 	2521
f 2455 	2521 	2520
f 2456 	2457 	2522
f 2456 	2522 	2521
f 2457 	2458 	2523
f 2457 	2523 	2522
f 2458 	2459 	2524
f 2458 	2524 	2523
f 2459 	2460 	2525
f 2459 	2525 	2524
f 2460 	2461 	2526
f 2460 	2526 	2525
f 2461 	2462 	2527
f 2461 	2527 	2526
f 2462 	2463 	2528
f 2462 	2528 	2527
f 2463 	2464 	2529
f 2463 	2529 	2528
f 2464 	2465 	2530
f 2464 	2530 	2529
f 2465 	2466 	2531
f 2465 	2531 	2530
f 2466 	2467 	2532
f 2466 	2532 	2531
f 2467 	2468 	2533
f 2467 	2533 	2532
f 2468 	2469 	2534
f 2468 	2534 	2533
f 2469 	2470 	2535
f 2469 	2535 	2534
f 2470 	2471 	2536
f 2470 	2536 	2535
f 2471 	2472 	2537
f 2471 	2537 	2536
f 2472 	2473 	2538
f 2472 	2538 	2537
f 2473 	2474 	2539
f 2473 	2539 	2538
f 2474 	2475 	2540
f 2474 	2540 	2539
f 2475 	2476 	2541
f 2475 	2541 	2540
f 2476 	2477 	2542
f 2476 	2542 	2541
f 2477 	2478 	2543
f 2477 	2543 	2542
f 2478 	2479 	2544
f 2478 	2544 	2543
f 2479 	2480 	2545
f 2479 	2545 	2544
f 2480 	2481 	2546
f 2480 	2546 	2545
f 2481 	2482 	2547
f 2481 	2547 	2546
f 2482 	2483 	2548
f 2482 	2548 	2547
f 2483 	2420 	2484
f 2483 	2484 	2548
f 2484 	2485 	2485
f 2485 	2487 	2487
f 2487 	2488 	2488
f 2488 	2489 	2489
f 2489 	2490 	2490
f 2490 	2491 	2491
f 2491 	2492 	2492
f 2492 	2493 	2493
f 2493 	2494 	2494
f 2494 	2495 	2495
f 2495 	2496 	2496
f 2496 	2497 	2497
f 2497 	2498 	2498
f 2498 	2499 	2499
f 2499 	2500 	2500
f 2500 	2501 	2501
f 2501 	2502 	2502
f 2502 	2503 	2503
f 2503 	2504 	2504
f 2504 	2505 	2505
f 2505 	2506 	2506
f 2506 	2507 	2507
f 2507 	2508 	2508
f 2508 	2509 	2509
f 2509 	2510 	2510
f 2510 	2511 	2511
f 2511 	2512 	2512
f 2512 	2513 	2513
f 2513 	2514 	2514
f 2514 	2515 	2515
f 2515 	2516 	2516
f 2516 	2517 	2517
f 2517 	2518 	2518
f 2518 	2519 	2519
f 2519 	2520 	2520
f 2520 	2521 	2521
f 2521 	2522 	2522
f 2522 	2523 	2523
f 2523 	2524 	2524
f 2524 	2525 	2525
f 2525 	2526 	2526
f 2526 	2527 	2527
f 2527 	2528 	2528
f 2528 	2529 	2529
f 2529 	2530 	2530
f 2530 	2531 	2531
f 2531 	2532 	2532
f 2532 	2533 	2533
f 2533 	2534 	2534
f 2534 	2535 	2535
f 2535 	2536 	2536
f 2536 	2537 	2537
f 2537 	2538 	2538
f 2538 	2539 	2539
f 2539 	2540 	2540
f 2540 	2541 	2541
f 2541 	2542 	2542
f 2542 	2543 	2543
f 2543 	2544 	2544
f 2544 	2545 	2545
f 2545 	2546 	2546
f 2546 	2547 	2547
f 2547 	2548 	2548
f 2548 	2484 	2484
# 384 faces

 #end of obj_4

